Date,base,weather,econ,dist,price,promotion,m_wow_tv,m_wow_olv,m_wow_social,m_amaze_tot,m_celeb_tv,m_celeb_outdoor,m_celeb_display,comp,model
2020-01-07,513000.0,-3480.6708410439646,0.0,10000.0,178631.57894736854,60000.0,0.0,0.0,0.0,0.0,0.0,0.0,0.0,-10080.95,748069.9581063245
2020-01-14,513000.0,-7444.018874101375,0.0,10000.0,178631.57894736854,60000.0,0.0,0.0,0.0,0.0,0.0,0.0,0.0,-12531.8,741655.7600732672
2020-01-21,545000.0,7914.470095108119,0.0,10000.0,178631.57894736854,60000.0,0.0,0.0,0.0,0.0,0.0,0.0,0.0,-8488.9,793057.1490424767
2020-01-28,530142.8571428573,24228.33734131162,0.0,10000.0,178631.57894736854,25714.285714285714,0.0,0.0,0.0,0.0,0.0,0.0,0.0,-14458.7,754258.3591458232
2020-02-04,553000.0,-18321.35968961992,25000.0,10000.0,178631.57894736854,0.0,0.0,0.0,0.0,0.0,0.0,0.0,0.0,-20634.45,727675.7692577486
2020-02-11,624428.5714285714,-4759.532047051931,25000.0,10000.0,178631.57894736854,0.0,0.0,0.0,0.0,0.0,0.0,0.0,0.0,-18226.9,815073.718328888
2020-02-18,653000.0,-9116.687420325838,25000.0,10000.0,178631.57894736854,0.0,0.0,0.0,0.0,0.0,0.0,0.0,0.0,-20803.100000000002,836711.7915270427
2020-02-25,746714.2857142857,-6659.901642217536,25000.0,10000.0,178631.57894736854,0.0,0.0,0.0,0.0,0.0,0.0,0.0,0.0,-27784.350000000002,925901.6130194367
2020-03-03,797000.0,4231.066859610224,41000.0,10000.0,178631.57894736854,0.0,0.0,0.0,0.0,0.0,0.0,0.0,0.0,-30841.2,1000021.4458069789
2020-03-10,797000.0,15212.433309508497,41000.0,10000.0,178631.57894736854,0.0,0.0,0.0,0.0,0.0,0.0,0.0,0.0,-28936.95,1012907.0622568771
2020-03-17,797000.0,-4963.6270428462885,41000.0,10000.0,178631.57894736854,0.0,0.0,0.0,0.0,0.0,0.0,0.0,0.0,-13380.5,1008287.4519045223
2020-03-24,829000.0,11994.107040055404,41000.0,10000.0,178631.57894736854,34285.71428571428,0.0,0.0,0.0,0.0,0.0,0.0,0.0,-20945.0,1083966.4002731384
2020-03-31,784428.5714285715,33754.14058655012,39000.0,10000.0,156000.00000000012,60000.0,0.0,0.0,0.0,0.0,0.0,0.0,0.0,-12383.25,1070799.4620151217
2020-04-07,784428.5714285715,33056.881564207135,39000.0,10000.0,156000.00000000012,60000.0,0.0,0.0,0.0,0.0,0.0,0.0,0.0,-13743.050000000001,1068742.4029927787
2020-04-14,813000.0,32021.917408600002,39000.0,10000.0,156000.00000000012,60000.0,0.0,0.0,0.0,0.0,0.0,0.0,0.0,-16111.350000000002,1093910.5674086
2020-04-21,845000.0,10909.662460645097,39000.0,10000.0,156000.00000000012,60000.0,0.0,0.0,0.0,0.0,0.0,0.0,0.0,-13038.1,1107871.562460645
2020-04-28,812999.9999999999,31815.901377411123,39000.0,10000.0,156000.00000000012,60000.0,0.0,0.0,0.0,0.0,0.0,0.0,0.0,-58783.350000000006,1051032.551377411
2020-05-05,813000.0,-29686.503598122512,37000.0,10000.0,156000.00000000012,60000.0,0.0,0.0,0.0,0.0,0.0,0.0,0.0,-38433.100000000006,1007880.3964018776
2020-05-12,813000.0,-21897.14723894537,37000.0,10000.0,156000.00000000012,60000.0,0.0,0.0,0.0,0.0,0.0,0.0,0.0,-23491.9,1030610.9527610549
2020-05-19,845000.0,10195.05463005974,37000.0,10000.0,156000.00000000012,25714.285714285714,0.0,0.0,0.0,0.0,0.0,0.0,0.0,-14920.900000000001,1068988.4403443455
2020-05-26,761571.4285714286,-13312.56773421737,37000.0,10000.0,156000.00000000012,60000.0,0.0,0.0,0.0,0.0,0.0,0.0,0.0,-46662.700000000004,964596.1608372114
2020-06-02,733000.0,15010.801907227149,53000.0,10000.0,156000.00000000012,60000.0,0.0,6393.2543875,0.0,0.0,0.0,0.0,0.0,-18344.5,1015059.5562947273
2020-06-09,733000.0,-36636.9831303602,53000.0,10000.0,156000.00000000012,60000.0,0.0,8877.50631375,0.0,0.0,0.0,0.0,0.0,-12718.5,971522.0231833899
2020-06-16,733000.0,-24904.881029604476,53000.0,10000.0,156000.00000000012,25714.285714285714,0.0,5410.62191325,0.0,0.0,0.0,0.0,0.0,-17561.25,940658.7765979313
2020-06-23,765000.0,-52982.314397427,53000.0,10000.0,156000.00000000012,0.0,0.0,3330.4912729499993,0.0,0.0,0.0,0.0,0.0,-37728.45,896619.7268755231
2020-06-30,733000.0,-26030.71256069788,56000.0,10000.0,156000.00000000012,0.0,0.0,2082.41288877,0.0,0.0,0.0,0.0,0.0,-11637.85,919413.8503280722
2020-07-07,733000.0,-14991.096528513508,56000.0,10000.0,156000.00000000012,0.0,0.0,1249.447733262,0.0,0.0,0.0,0.0,0.0,-15319.300000000001,925939.0512047486
2020-07-14,733000.0,-38332.4829909686,56000.0,10000.0,156000.00000000012,0.0,0.0,749.6686399571998,0.0,0.0,0.0,0.0,0.0,-13737.75,903679.4356489887
2020-07-21,765000.0,-14024.984309195568,56000.0,10000.0,156000.00000000012,0.0,0.0,449.8011839743199,0.0,0.0,0.0,0.0,0.0,-15064.050000000001,958360.7668747789
2020-07-28,733000.0,19416.290742047837,56000.0,10000.0,156000.00000000012,34285.71428571428,0.0,269.88071038459196,0.0,0.0,0.0,0.0,0.0,-39530.350000000006,969441.5357381469
2020-08-04,733000.0,16928.08913270398,53000.0,10000.0,156000.00000000012,60000.0,0.0,161.92842623075515,0.0,0.0,0.0,0.0,0.0,-13948.2,1015141.8175589349
2020-08-11,733000.0,-31011.256588808723,53000.0,10000.0,156000.00000000012,25714.285714285714,0.0,97.1570557384531,0.0,0.0,0.0,0.0,0.0,-20213.600000000002,926586.5861812156
2020-08-18,765000.0,10379.658498265386,53000.0,10000.0,156000.00000000012,0.0,0.0,58.294233443071846,0.0,0.0,0.0,0.0,0.0,-19153.350000000002,975284.6027317087
2020-08-25,738714.2857142857,7611.811346355742,53000.0,10000.0,156000.00000000012,0.0,0.0,8992.189140065844,0.0,0.0,0.0,0.0,0.0,-43419.850000000006,930898.4362007073
2020-09-01,773000.0,15267.280598238462,64000.0,10000.0,156000.00000000012,34285.71428571428,0.0,5395.313484039507,0.0,0.0,0.0,0.0,0.0,-27633.550000000003,1030314.7583679922
2020-09-08,773000.0,17701.90630419756,64000.0,10000.0,156000.00000000012,60000.0,0.0,9762.016527923703,0.0,0.0,0.0,0.0,0.0,-27381.050000000003,1063082.8728321216
2020-09-15,773000.0,-3538.9197192515444,64000.0,10000.0,156000.00000000012,60000.0,0.0,12937.600266754223,0.0,0.0,0.0,0.0,0.0,-28238.2,1044160.4805475029
2020-09-22,805000.0,-11067.167658793522,64000.0,10000.0,156000.00000000012,60000.0,10854.26542665196,12506.455210052532,0.0,0.0,0.0,0.0,0.0,-21727.500000000004,1085566.0529779112
2020-09-29,807285.7142857142,13327.269148206025,64000.0,10000.0,156000.00000000012,60000.0,48984.947986563726,12553.67816673152,6393.2543875,0.0,0.0,0.0,0.0,-27030.600000000002,1151514.2639747155
2020-10-06,813000.0,6610.115978473368,58000.0,10000.0,156000.00000000012,48571.428571428565,71372.61479885691,9175.874940738911,8238.180875,0.0,0.0,0.0,0.0,-22827.4,1158140.815164498
2020-10-13,813000.0,16800.510297754954,58000.0,10000.0,156000.00000000012,40000.0,49960.83035919984,7563.313005143347,4203.2085625,0.0,0.0,0.0,0.0,-21311.100000000002,1134216.7622245983
2020-10-20,816428.5714285715,11096.87451109507,58000.0,10000.0,156000.00000000012,40000.0,52999.86497750024,6509.500843786009,2185.7224062500004,0.0,0.0,0.0,0.0,-23800.9,1129419.6341672027
2020-10-27,830142.857142857,24408.650357402923,58000.0,10000.0,156000.00000000012,40000.0,37099.905484250165,5427.936484471606,1176.9793281250002,0.0,0.0,0.0,0.0,-33820.65,1128435.6787971072
2020-11-03,853000.0,19956.389248402233,69000.0,10000.0,104355.59140188305,17142.85714285714,45350.61724416914,4151.433640682963,588.4896640625001,0.0,0.0,0.0,0.0,-27842.9,1095702.478342057
2020-11-10,853000.0,4923.470356616996,69000.0,10000.0,104355.59140188305,0.0,32449.199904067897,2788.508934409778,294.24483203125004,0.0,0.0,0.0,0.0,-37343.350000000006,1039467.665429009
2020-11-17,853000.0,-21526.590956194923,69000.0,10000.0,104355.59140188305,0.0,22714.439932847527,1673.1053606458663,147.12241601562502,0.0,0.0,0.0,0.0,-34407.700000000004,1004955.9681551972
2020-11-24,845000.0000000001,-5958.762898173756,69000.0,10000.0,104355.59140188305,0.0,15900.107952993269,1003.8632163875199,73.56120800781251,0.0,0.0,0.0,0.0,-88142.45,951231.9108810981
2020-12-01,573000.0,-14504.906793897198,56000.0,10000.0,104355.59140188305,0.0,11130.075567095286,602.3179298325119,36.780604003906255,0.0,0.0,0.0,0.0,-33762.75,706857.1087089176
2020-12-08,573000.0,9681.363371371312,56000.0,10000.0,104355.59140188305,0.0,7791.052896966699,361.39075789950715,18.390302001953128,0.0,0.0,0.0,0.0,-25987.95,735219.8387301225
2020-12-15,573000.0,5990.224517879209,56000.0,12000.0,104355.59140188305,0.0,5453.73702787669,216.83445473970428,9.195151000976564,0.0,0.0,0.0,0.0,-25464.750000000004,731560.8325533796
2020-12-22,325000.0,323.6509773225316,56000.0,12000.0,104355.59140188305,34285.71428571428,3817.6159195136825,130.10067284382257,4.597575500488282,0.0,0.0,0.0,0.0,-15345.7,520571.5708327778
2020-12-29,401571.42857142875,-4600.1427317918915,56000.0,12000.0,104355.59140188305,60000.0,2672.3311436595777,78.06040370629353,2.298787750244141,0.0,0.0,0.0,0.0,-24859.850000000002,607219.717576636
2021-01-05,613000.0,-17337.80286530854,66000.0,12000.0,104355.59140188305,60000.0,1870.6318005617043,46.83624222377612,1.1493938751220705,0.0,0.0,0.0,0.0,-15615.2,824321.2059732351
2021-01-12,613000.0,-21518.077381154162,66000.0,12000.0,104355.59140188305,60000.0,3204.201811180318,28.10174533426567,0.5746969375610352,0.0,0.0,0.0,0.0,-22790.95,814279.442274181
2021-01-19,645000.0,2820.033282726979,66000.0,12000.0,104355.59140188305,60000.0,12826.526758651451,16.8610472005594,0.2873484687805176,0.0,0.0,0.0,0.0,-13188.75,889830.5498389308
2021-01-26,624428.5714285716,1189.22349878226,66000.0,12000.0,104355.59140188305,25714.285714285714,8978.568731056015,10.116628320335641,0.1436742343902588,0.0,0.0,0.0,0.0,-39678.8,802997.7010771333
2021-02-02,653000.0,11968.049840483494,103000.0,12000.0,104355.59140188305,0.0,6284.99811173921,6.069976992201384,0.0718371171951294,0.0,0.0,0.0,0.0,-26726.100000000002,863888.6811682151
2021-02-09,753000.0,26416.411984814153,103000.0,12000.0,104355.59140188305,0.0,4399.4986782174465,3.64198619532083,0.0359185585975647,0.0,0.0,0.0,0.0,-23263.2,979911.9799696686
2021-02-16,724428.5714285714,11569.856026828436,103000.0,12000.0,104355.59140188305,0.0,16234.693955931398,5306.713041717193,0.01795927929878235,0.0,0.0,0.0,0.0,-23911.2,952984.2438142106
2021-02-23,805571.4285714285,3744.991632333341,103000.0,12000.0,104355.59140188305,0.0,44143.62599776924,11017.412350030316,84.1271046396494,0.0,0.0,0.0,0.0,-40399.95,1043517.2270580842
2021-03-02,897000.0,4752.8319014700355,77000.0,12000.0,104355.59140188305,0.0,51147.39739827803,17035.50293539319,126.1816773198247,0.0,0.0,0.0,0.0,-19625.350000000002,1143792.1553143442
2021-03-09,897000.0,-23543.5334039438,77000.0,12000.0,104355.59140188305,0.0,62329.81188981438,12793.545363485915,147.20896365991234,0.0,0.0,0.0,0.0,-15242.25,1126840.3742148993
2021-03-16,897000.0,-6290.601124818947,77000.0,12000.0,104355.59140188305,0.0,43874.48026511412,9758.652351591547,157.72260682995616,0.0,0.0,0.0,0.0,-10628.15,1127227.6955006
2021-03-23,929000.0,-24316.17268956583,77000.0,12000.0,104355.59140188305,34285.71428571428,52204.12309022242,7937.716544454929,162.9794284149781,0.0,0.0,0.0,0.0,-16126.650000000001,1176503.302061124
2021-03-30,908428.5714285714,8345.3762456473,77000.0,12000.0,104355.59140188305,60000.0,38356.4417331948,6254.085263547957,165.60783920748906,0.0,0.0,0.0,0.0,-24751.45,1190154.2239120519
2021-04-06,884428.5714285715,-12908.63617234882,74000.0,12000.0,104355.59140188305,60000.0,40627.117946817016,4456.019469378774,82.80391960374453,0.0,0.0,0.0,0.0,-10406.45,1156635.0179939053
2021-04-13,884428.5714285715,-4803.172744629605,74000.0,12000.0,104355.59140188305,60000.0,28438.98256277191,3308.272150377265,41.401959801872266,0.0,0.0,0.0,0.0,-10037.2,1151732.446758776
2021-04-20,945000.0,-1108.6449115555433,74000.0,12000.0,104355.59140188305,60000.0,19907.28779394034,2619.6237589763587,20.700979900936133,0.0,0.0,0.0,0.0,-19372.4,1197422.1590231452
2021-04-27,912999.9999999999,-16547.68819362484,74000.0,12000.0,104355.59140188305,60000.0,13935.101455758237,1947.6097241358152,10.350489950468067,0.0,0.0,0.0,0.0,-31855.4,1130845.5648781029
2021-05-04,913000.0,33967.131002368675,126000.0,12000.0,104355.59140188305,60000.0,9754.571019030764,1453.7952982314891,5.175244975234033,0.0,0.0,0.0,0.0,-16434.350000000002,1244101.9139664893
2021-05-11,913000.0,15432.481215802243,126000.0,12000.0,104355.59140188305,60000.0,6828.1997133215355,1008.1430489388936,2.5876224876170166,0.0,0.0,0.0,0.0,-14402.550000000001,1224224.4530024335
2021-05-18,913000.0,9614.15978389077,126000.0,12000.0,104355.59140188305,25714.285714285714,4779.739799325074,740.7516993633361,1.2938112438085083,0.0,0.0,0.0,0.0,-22392.800000000003,1173813.0222099917
2021-05-25,916428.5714285715,-23096.563568660553,126000.0,12000.0,104355.59140188305,0.0,3345.8178595275517,3722.496889618002,0.6469056219042542,0.0,0.0,0.0,0.0,-46568.100000000006,1096188.4609165615
2021-06-01,833000.0,-3220.5345668956315,76000.0,12000.0,104355.59140188305,0.0,2342.0725016692863,6558.937003770801,0.3234528109521271,0.0,0.0,0.0,0.0,-18851.65,1012184.7397932385
2021-06-08,833000.0,15049.610234315485,76000.0,12000.0,104355.59140188305,0.0,1639.4507511685003,3935.3622022624804,0.16172640547606354,0.0,0.0,0.0,0.0,-8839.800000000001,1037140.376316035
2021-06-15,833000.0,-10405.658785251428,76000.0,12000.0,104355.59140188305,57142.85714285714,1147.6155258179501,2361.2173213574883,0.08086320273803177,0.0,0.0,0.0,0.0,-20068.85,1055532.8534698668
2021-06-22,865000.0,-2378.5420885608482,76000.0,12000.0,104355.59140188305,100000.0,803.330868072565,1416.730392814493,0.040431601369015885,0.0,0.0,0.0,0.0,-71651.5,1085545.6510058106
2021-06-29,833000.0,-2914.2891200005806,76000.0,12000.0,104355.59140188305,100000.0,562.3316076507955,850.0382356886957,0.020215800684507942,0.0,0.0,0.0,0.0,-45729.700000000004,1078123.9923410227
2021-07-06,833000.0,-44065.83318168172,78000.0,12000.0,104355.59140188305,100000.0,393.6321253555568,510.0229414132175,0.010107900342253971,12757.603211012578,0.0,0.0,0.0,-7491.5,1089459.526605883
2021-07-13,833000.0,-6299.51902797924,78000.0,12000.0,34000.0,42857.142857142855,275.54248774888976,306.0137648479305,0.005053950171126986,39347.89843664841,0.0,0.0,0.0,-16041.550000000001,1017445.5335723589
2021-07-20,865000.0,25668.21973218656,78000.0,12000.0,34000.0,0.0,192.87974142422283,183.60825890875827,0.002526975085563493,85890.2055337305,0.0,0.0,0.0,-20370.7,1080564.2157932252
2021-07-27,833000.0,-9003.109970038427,78000.0,12000.0,34000.0,0.0,135.01581899695597,110.16495534525495,0.0012634875427817464,111849.85009443732,0.0,0.0,0.0,-42000.9,1018091.0221622285
2021-08-03,833000.0,-30934.759175097955,89000.0,12000.0,34000.0,0.0,94.51107329786917,66.09897320715298,0.0006317437713908732,101743.55562770336,0.0,0.0,0.0,-10084.55,1028884.8571308542
2021-08-10,833000.0,-38171.66185178816,89000.0,12000.0,34000.0,0.0,66.15775130850841,39.65938392429178,0.0003158718856954366,101495.82148285776,0.0,0.0,0.0,-17583.75,1013846.2270821744
2021-08-17,833000.0,-19503.85661143624,89000.0,12000.0,34000.0,0.0,46.31042591595588,23.795630354575067,0.0001579359428477183,98613.07315449585,0.0,0.0,0.0,-17880.25,1029299.072757266
2021-08-24,865000.0,2092.236838810655,89000.0,12000.0,34000.0,0.0,32.41729814116911,14.277378212745042,7.896797142385915e-05,95117.40078396395,0.0,0.0,0.0,-13723.45,1083532.8823780965
2021-08-31,867285.7142857143,-64587.94471457163,89000.0,12000.0,34000.0,0.0,22.692108698818377,8.566426927647024,3.9483985711929575e-05,100344.79287014145,0.0,0.0,0.0,-49975.15000000001,988098.6710163946
2021-09-07,873000.0,-15993.748566034119,81000.0,12000.0,34000.0,57142.85714285714,15.884476089172862,5.139856156588214,1.9741992855964788e-05,101733.9648227272,0.0,0.0,0.0,-27119.25,1115784.8477515378
2021-09-14,873000.0,2958.126379085928,81000.0,12000.0,34000.0,100000.0,11.119133262421002,3.0839136939529284,9.870996427982394e-06,71213.77537590903,0.0,0.0,0.0,-28164.0,1146022.1048118223
2021-09-21,905000.0,18767.715601891814,81000.0,12000.0,34000.0,100000.0,7.783393283694702,1.8503482163717568,4.935498213991197e-06,49849.64276313631,0.0,0.0,0.0,-27066.800000000003,1173560.1921114638
2021-09-28,895857.1428571427,-25614.654294993714,81000.0,12000.0,34000.0,100000.0,5.448375298586291,1.110208929823054,2.4677491069955984e-06,34894.74993419542,0.0,0.0,0.0,-27954.050000000003,1104189.7470830404
2021-10-05,913000.0,12064.807604417709,62000.0,12000.0,34000.0,77142.85714285714,3.813862709010403,0.6661253578938324,1.2338745534977992e-06,24426.32495393679,0.0,0.0,0.0,-16086.45,1118552.0196905122
2021-10-12,913000.0,13623.88211983746,62000.0,12000.0,34000.0,60000.0,2.6697038963072823,0.39967521473629947,6.169372767488996e-07,17098.42746775575,0.0,0.0,0.0,-24685.4,1087039.9789673213
2021-10-19,945000.0,-7661.725392080609,62000.0,12000.0,34000.0,60000.0,1.8687927274150973,0.23980512884177965,3.084686383744498e-07,11968.899227429027,0.0,0.0,0.0,-21986.15,1095323.1324335132
2021-10-26,890142.857142857,-11999.963538283275,62000.0,12000.0,34000.0,60000.0,1.3081549091905682,0.14388307730506777,1.542343191872249e-07,8378.229459200318,0.0,0.0,0.0,-37742.4,1016780.1751019148
2021-11-02,953000.0,-5234.4215184880795,61000.0,12000.0,34000.0,25714.285714285714,0.9157084364333976,0.08632984638304067,7.711715959361245e-08,5864.760621440222,0.0,0.0,0.0,-28514.9,1057830.7268555977
2021-11-09,953000.0,-1297.8291595294454,61000.0,12000.0,34000.0,0.0,0.6409959055033783,0.0517979078298244,3.8558579796806226e-08,4105.332435008156,0.0,0.0,0.0,-24421.9,1038386.2960693307
2021-11-16,953000.0,11822.069729587343,61000.0,12000.0,34000.0,0.0,0.4486971338523648,0.03107874469789464,1.9279289898403113e-08,2873.7327045057086,0.0,0.0,0.0,-24688.350000000002,1050007.932209991
2021-11-23,985000.0,392.4434742935632,61000.0,12000.0,34000.0,0.0,0.31408799369665535,0.018647246818736782,9.639644949201556e-09,46316.56483704842,0.0,0.0,0.0,-19189.05,1119520.2910465922
2021-11-30,712999.9999999999,-6357.760042549733,61000.0,12000.0,59000.0,0.0,0.21986159558765872,0.01118834809124207,4.819822474600778e-09,97828.44067665088,0.0,0.0,0.0,-51001.5,885469.4116840494
2021-12-07,673000.0,-18803.10596062759,102000.0,12000.0,59000.0,0.0,0.15390311691136108,0.006713008854745241,2.409911237300389e-09,95705.01976693682,0.0,0.0,0.0,-39289.65,883612.4244224374
2021-12-14,673000.0,11517.165604530903,102000.0,12000.0,59000.0,0.0,0.10773218183795275,0.004027805312847145,1.2049556186501946e-09,75574.52376124694,0.0,0.0,0.0,-40083.700000000004,893008.1011257662
2021-12-21,425000.0,18560.995746298195,102000.0,12000.0,59000.0,0.0,0.07541252728656693,0.0024166831877082866,6.024778093250973e-10,82890.44351423503,0.0,0.0,0.0,-29599.850000000002,669851.6670897444
2021-12-28,490142.8571428573,830.4993058145639,102000.0,12000.0,59000.0,34285.71428571428,0.05278876910059685,0.0014500099126249718,3.0123890466254864e-10,102844.19721503578,0.0,0.0,0.0,-30831.350000000002,770271.9721882013
2022-01-04,713000.0,1481.0276344783367,100000.0,12000.0,59000.0,60000.0,0.03695213837041779,0.000870005947574983,1.5061945233127432e-10,93816.58654071808,0.0,0.0,0.0,-14247.75,1025049.9019973408
2022-01-11,713000.0,-6614.609219347709,100000.0,12000.0,90000.0,60000.0,0.02586649685929245,0.0005220035685449898,7.530972616563716e-11,93578.30378959338,0.0,0.0,0.0,-14385.55,1047578.1709587462
2022-01-18,713000.0,-18550.810733564897,100000.0,12000.0,90000.0,60000.0,0.018106547801504714,0.0003132021411269939,3.765486308281858e-11,84794.16218715382,0.0,0.0,0.0,-14118.400000000001,1027124.9698733388
2022-01-25,745000.0,-1643.9396145042124,100000.0,12000.0,90000.0,25714.285714285714,0.0126745834610533,0.00018792128467619632,1.882743154140929e-11,79160.02957601914,0.0,0.0,0.0,-30512.300000000003,1019718.0885383054
2022-02-01,753000.0,-23126.168054048187,63000.0,12000.0,90000.0,0.0,0.008872208422737308,0.00011275277080571779,9.413715770704645e-12,70463.03375622297,0.0,0.0,0.0,-22244.45,943092.424687136
2022-02-08,853000.0,-18121.694712611054,63000.0,12000.0,90000.0,0.0,0.006210545895916116,6.765166248343068e-05,4.7068578853523225e-12,70592.17843474535,0.0,0.0,0.0,-17682.2,1052788.2900003318
2022-02-15,824428.5714285714,11442.1324640624,63000.0,12000.0,90000.0,0.0,0.0043473821271412805,4.05909974900584e-05,2.3534289426761612e-12,67193.55462959655,0.0,0.0,0.0,-8076.6,1059987.6629102034
2022-02-22,885000.0,8724.139928725199,63000.0,12000.0,90000.0,0.0,0.0030431674889988963,2.4354598494035043e-05,1.1767144713380806e-12,62520.481302397086,0.0,0.0,0.0,-28064.800000000003,1093179.8242986442
2022-03-01,997000.0,-4501.001973409823,79000.0,12000.0,90000.0,0.0,0.0021302172422992273,1.4612759096421024e-05,5.883572356690403e-13,51482.62243226129,0.0,0.0,0.0,-18520.0,1206461.6226036814
2022-03-08,997000.0,5468.506864913679,79000.0,12000.0,90000.0,0.0,0.001491152069609459,8.767655457852614e-06,2.9417861783452015e-13,40629.820269951946,0.0,0.0,0.0,-15397.900000000001,1208700.4286347856
2022-03-15,997000.0,34248.54131951836,79000.0,12000.0,90000.0,42857.142857142855,0.0010438064487266212,5.260593274711568e-06,1.4708930891726008e-13,31159.135778859218,0.0,0.0,0.0,-14645.85,1271618.9710045876
2022-03-22,1029000.0,1479.6399339965606,79000.0,12000.0,90000.0,60000.0,0.0007306645141086348,3.156355964826941e-06,7.354465445863004e-14,40633.95482845372,0.0,0.0,0.0,-24818.75,1287294.845496271
2022-03-29,1006142.857142857,16596.211513146278,79000.0,12000.0,90000.0,60000.0,0.0005114651598760444,1.8938135788961644e-06,3.677232722931502e-14,51338.19373684417,0.0,0.0,0.0,-28761.700000000004,1286315.5629062066
2022-04-05,984428.5714285715,1572.7681798507788,82000.0,12000.0,90000.0,60000.0,0.00035802561191323107,1.1362881473376986e-06,1.838616361465751e-14,55630.79292086284,0.0,0.0,0.0,-6788.1,1278844.0328884467
2022-04-12,984428.5714285715,5114.1002795027125,82000.0,12000.0,90000.0,60000.0,0.0002506179283392617,6.817728884026192e-07,9.193081807328755e-15,50874.48812560323,0.0,0.0,0.0,-10876.0,1273541.160084977
2022-04-19,1045000.0,25031.90232235288,82000.0,12000.0,90000.0,60000.0,0.00017543254983748318,4.0906373304157145e-07,4.5965409036643774e-15,35612.14168792226,0.0,0.0,0.0,-14734.3,1334909.7441861166
2022-04-26,1013000.0,-9484.272404163105,82000.0,12000.0,90000.0,60000.0,0.0001228027848862382,2.4543823982494283e-07,2.2982704518321887e-15,24928.49918154558,0.0,0.0,0.0,-18568.3,1253875.9269004306
2022-05-03,1013000.0,-4567.652235824008,76000.0,12000.0,90000.0,60000.0,8.596194942036675e-05,1.472629438949657e-07,1.1491352259160944e-15,17449.949427081905,0.0,0.0,0.0,-12378.35,1251503.9472773669
2022-05-10,1013000.0,-10257.698329972533,76000.0,12000.0,90000.0,60000.0,6.017336459425672e-05,8.835776633697943e-08,5.745676129580472e-16,12214.964598957333,0.0,0.0,0.0,-4135.8,1248821.4663292465
2022-05-17,1013000.0,-4017.270001203024,76000.0,12000.0,90000.0,25714.285714285714,4.21213552159797e-05,5.301465980218765e-08,2.872838064790236e-16,8550.475219270133,0.0,0.0,0.0,-24401.4,1196846.0909745274
2022-05-24,1016428.5714285715,23998.263259691543,76000.0,12000.0,90000.0,0.0,2.9484948651185785e-05,3.180879588131259e-08,1.436419032395118e-16,5985.332653489092,0.0,0.0,0.0,-30286.15,1194126.0173712692
2022-05-31,944428.5714285714,12080.125313423367,76000.0,12000.0,90000.0,0.0,2.063946405583005e-05,1.9085277528787552e-08,7.18209516197559e-17,4189.732857442365,0.0,0.0,0.0,-36077.700000000004,1102620.7296200958
2022-06-07,933000.0,-2617.04081800291,88000.0,12000.0,90000.0,17142.85714285714,1.4447624839081033e-05,1.145116651727253e-08,3.591047580987795e-17,2932.813000209655,0.0,0.0,0.0,-19629.350000000002,1120829.2793395226
2022-06-14,933000.0,-4443.246139838651,88000.0,12000.0,90000.0,82857.14285714286,1.0113337387356723e-05,6.870699910363518e-09,1.7955237904938974e-17,2052.969100146758,0.0,0.0,0.0,-33195.55,1170271.3158275713
2022-06-21,965000.0,17558.482836997497,88000.0,12000.0,90000.0,100000.0,7.079336171149705e-06,4.122419946218111e-09,8.977618952469487e-18,1437.0783701027306,0.0,0.0,0.0,-28609.2,1245386.361214184
2022-06-28,933000.0,20025.179055384524,88000.0,12000.0,90000.0,100000.0,4.955535319804793e-06,2.4734519677308664e-09,4.4888094762347436e-18,1005.9548590719113,0.0,0.0,0.0,-38634.4,1205396.7339194145
2022-07-05,933000.0,-18640.988112261817,106000.0,12000.0,90000.0,100000.0,3.4688747238633543e-06,1.4840711806385199e-09,2.2444047381173718e-18,704.1684013503378,0.0,0.0,0.0,-15144.550000000001,1207918.6302925586
2022-07-12,933000.0,-26443.014537843424,106000.0,12000.0,90000.0,42857.142857142855,2.428212306704348e-06,8.904427083831118e-10,1.1222023690586859e-18,492.91788094523645,0.0,0.0,0.0,-16065.75,1141841.2962026738
2022-07-19,965000.0,-11759.194365435937,106000.0,12000.0,90000.0,0.0,1.6997486146930436e-06,5.34265625029867e-10,5.611011845293429e-19,345.04251666166556,0.0,0.0,0.0,-20459.95,1141125.8981529258
2022-07-26,933000.0,-24379.66726265952,106000.0,12000.0,108000.0,0.0,1.1898240302851303e-06,3.2055937501792023e-10,2.8055059226467147e-19,241.52976166316586,0.0,0.0,0.0,-45290.15,1089571.7125001939
2022-08-02,933000.0,6173.930534472056,92000.0,12000.0,108000.0,0.0,8.328768211995911e-07,1.9233562501075211e-10,1.4027529613233574e-19,169.07083316421608,0.0,0.0,0.0,-23274.4,1128068.6013684697
2022-08-09,933000.0,3621.6064604036997,92000.0,12000.0,108000.0,22857.142857142855,5.830137748397137e-07,1.1540137500645127e-10,7.013764806616787e-20,118.34958321495127,0.0,0.0,0.0,-28680.300000000003,1142916.7989013444
2022-08-16,933000.0,3287.668168708088,92000.0,12000.0,108000.0,40000.0,4.081096423877996e-07,6.924082500387076e-11,3.5068824033083934e-20,82.84470825046589,0.0,0.0,0.0,-22460.0,1165910.5128773667
2022-08-23,965000.0,-2908.3763972194333,92000.0,12000.0,108000.0,40000.0,2.8567674967145965e-07,4.1544495002322455e-11,1.7534412016541967e-20,57.99129577532611,0.0,0.0,0.0,-19453.25,1194696.3648988416
2022-08-30,961571.4285714285,-27741.25432623236,92000.0,12000.0,108000.0,40000.0,1.9997372477002174e-07,2.492669700139347e-11,8.767206008270984e-21,40.59390704272827,0.0,0.0,0.0,-26167.75,1159703.0181524388
2022-09-06,973000.0,18777.362834871463,98000.0,12000.0,108000.0,74285.71428571429,1.3998160733901522e-07,1.4956018200836084e-11,4.383603004135492e-21,28.41573492990979,0.0,0.0,0.0,-15010.95,1269080.5428556558
2022-09-13,973000.0,7197.78422781188,98000.0,12000.0,108000.0,100000.0,9.798712513731065e-08,8.973610920501648e-12,2.191801502067746e-21,19.89101445093685,0.0,0.0,0.0,-14752.3,1283465.3752423606
2022-09-20,1005000.0,17034.810088413054,98000.0,12000.0,108000.0,100000.0,6.859098759611746e-08,5.384166552300989e-12,1.095900751033873e-21,13.923710115655792,27048.535241047324,0.0,433.14658433089994,-14447.25,1353083.1656239757
2022-09-27,990142.857142857,11461.15504684854,98000.0,12000.0,108000.0,100000.0,4.801369131728222e-08,3.2304999313805933e-12,5.479503755169365e-22,9.746597080959054,29704.274718101602,0.0,2256.2273398172597,-22376.050000000003,1329198.2108447533
2022-10-04,1013000.0,-3921.239178298616,113000.0,12000.0,108000.0,77142.85714285714,3.360958392209755e-08,1.9382999588283556e-12,2.7397518775846824e-22,6.822617956671337,35162.54260031248,0.0,3135.808099239904,-16698.4,1340828.3912821012
2022-10-11,1013000.0,21602.654469363242,113000.0,12000.0,108000.0,60000.0,2.3526708745468283e-08,1.1629799752970135e-12,1.3698759387923412e-22,4.775832569669936,35752.08968117841,0.0,2809.608921551162,-14294.300000000001,1351874.828904686
2022-10-18,1013000.0,2118.309237873059,113000.0,12000.0,108000.0,60000.0,1.64686961218278e-08,6.977879851782081e-13,6.849379693961706e-23,3.343082798768955,40716.57870119257,0.0,3608.228149704564,-11734.300000000001,1340712.1591715857
2022-10-25,1016428.5714285715,12396.690556440244,113000.0,12000.0,108000.0,60000.0,1.1528087285279458e-08,4.186727911069248e-13,3.424689846980853e-23,2.3401579591382684,38688.44729418201,0.0,3982.1048065126256,-26216.2,1338281.9542436772
2022-11-01,1053000.0,-17809.40739127028,112000.0,12000.0,108000.0,25714.285714285714,8.069661099695619e-09,2.5120367466415486e-13,1.7123449234904265e-23,1.6381105713967878,30180.148300546105,1629.9,4691.07711722375,-7772.700000000001,1321634.9418513647
2022-11-08,1053000.0,-14843.394065789766,112000.0,12000.0,108000.0,0.0,5.648762769786933e-09,1.5072220479849293e-13,8.561724617452132e-24,1.1466773999777513,23092.258515713176,12013.472727272729,4506.919936285401,-6866.400000000001,1302904.003790887
2022-11-15,1053000.0,-4309.228194196095,112000.0,12000.0,108000.0,0.0,3.954133938850853e-09,9.043332287909575e-14,4.280862308726066e-24,0.8026741799844258,16164.580960999223,23057.66,3226.4364459971603,-3779.6000000000004,1319360.651886984
2022-11-22,1085000.0,-23846.734313726232,112000.0,12000.0,108000.0,0.0,2.7678937571955966e-09,5.4259993727457445e-14,2.140431154363033e-24,0.5618719259890981,11315.206672699456,19780.490181818182,3247.082600902864,-4297.700000000001,1323198.907013623
2022-11-29,853000.0,-21539.667288971305,112000.0,12000.0,108000.0,0.0,1.9375256300369177e-09,3.2555996236474464e-14,1.0702155771815165e-24,0.3933103481923686,7920.644670889618,15924.643127272724,3251.652932906146,-24200.5,1066357.1667524476
2022-12-06,773000.0,11332.574725113367,115000.0,12000.0,108000.0,0.0,1.3562679410258423e-09,1.9533597741884676e-14,5.351077885907583e-25,0.275317243734658,5544.451269622733,11508.150189090906,2535.1029058264585,-14019.25,1024901.3044068986
2022-12-13,773000.0,-3442.31247630034,115000.0,12000.0,108000.0,0.0,9.493875587180895e-10,1.1720158645130806e-14,2.6755389429537914e-25,0.1927220706142606,3881.1158887359124,8055.705132363633,2307.3862649849834,-17431.2,1001370.8875318557
2022-12-20,525000.0,-10602.123008650487,115000.0,12000.0,108000.0,0.0,6.645712911026626e-10,7.032095187078483e-15,1.3377694714768957e-25,0.1349054494299824,2716.7811221151387,5638.993592654544,2560.384465062143,-21135.75,739178.4210766315
2022-12-27,584428.5714285716,-9716.425133189894,115000.0,12000.0,85050.0,34285.71428571428,4.6519990377186385e-10,4.2192571122470896e-15,6.688847357384478e-26,0.09443381460098767,1901.7467854805973,3947.2955148581805,2404.5292719718573,-19359.100000000002,809942.4265872219
2023-01-03,813000.0,-3902.445009147722,59000.0,12000.0,85000.0,60000.0,3.256399326403047e-10,2.531554267348254e-15,3.344423678692239e-26,0.06610367022069136,5038.859711287665,2763.106860400726,2662.610645170743,-24997.100000000002,1010565.098311382
2023-01-10,813000.0,-25307.45304370715,59000.0,12000.0,85000.0,60000.0,2.2794795284821326e-10,1.5189325604089523e-15,1.6722118393461196e-26,0.046272569154483946,12852.03966638209,1934.1748022805082,1915.819655246297,-28495.5,991899.1273527711
2023-01-17,813000.0,-9687.783666678171,59000.0,12000.0,85000.0,60000.0,1.5956356699374927e-10,9.113595362453713e-16,8.361059196730598e-27,0.032390798408138764,18217.855204109186,1353.9223615963556,766.3278620985188,-20490.2,1019160.1541519245
2023-01-24,845000.0,-1931.2246839938423,59000.0,12000.0,85000.0,25714.285714285714,1.1169449689562448e-10,5.468157217472228e-16,4.180529598365299e-27,0.022673558885697134,16405.496375302733,947.7456531174489,306.53114483940755,-32746.750000000004,1009696.1068771104
2023-01-31,847285.7142857143,-8349.59655432469,59000.0,12000.0,85000.0,0.0,7.818614782693713e-11,3.2808943304833374e-16,2.0902647991826495e-27,0.01587149121998799,11483.847462711912,663.4219571822141,1795.8255540777625,-36494.75,972384.4785768527
2023-02-07,853000.0,-2772.4027103872736,119000.0,12000.0,85000.0,0.0,5.473030347885599e-11,1.9685365982900021e-16,1.0451323995913247e-27,0.011110043853991593,8038.693223898337,464.3953700275499,3644.007009737105,-24015.750000000004,1054358.9540033196
2023-02-14,924428.5714285714,-16494.69743556303,119000.0,12000.0,85000.0,0.0,3.831121243519919e-11,1.1811219589740011e-16,5.225661997956624e-28,0.007777030697794115,5627.085256728836,325.0767590192849,4036.708093133842,-18297.850000000002,1115624.901878921
2023-02-21,985000.0,-37802.462647606764,119000.0,12000.0,85000.0,0.0,2.681784870463943e-11,7.086731753844008e-17,2.612830998978312e-28,0.00544392148845588,3938.959679710185,227.55373131349938,4116.574844772537,-27120.1,1144360.531052111
2023-02-28,1076428.5714285714,11237.485702009439,119000.0,12000.0,85000.0,0.0,1.87724940932476e-11,4.2520390523064043e-17,1.306415499489156e-28,0.0038107450419191157,2757.2717757971295,3166.8876119194497,3720.3667647780153,-43633.45,1269677.1370938206
2023-03-07,1097000.0,11869.44371171536,123000.0,12000.0,85000.0,0.0,1.314074586527332e-11,2.5512234313838423e-17,6.53207749744578e-29,0.0026675215293433807,1930.0902430579904,14179.321328343614,2883.8857217982063,-22469.65,1325393.093672437
2023-03-14,1097000.0,6301.363163920159,123000.0,12000.0,85000.0,0.0,9.198522105691324e-12,1.5307340588303054e-17,3.26603874872289e-29,0.0018672650705403666,1351.0631701405932,11800.22492984053,2917.848370216283,-19958.7,1319411.8015013826
2023-03-21,1129000.0,-9266.550738254833,123000.0,12000.0,85000.0,34285.71428571428,6.438965473983926e-12,9.184404352981832e-18,1.633019374361445e-29,0.0013070855493782566,945.7442190984152,11831.45745088837,3278.6383601365133,-27809.0,1362266.0048846684
2023-03-28,1075285.714285714,-44305.85848149732,123000.0,12000.0,85000.0,60000.0,4.507275831788748e-12,5.510642611789099e-18,8.165096871807225e-30,0.0009149598845647795,662.0209533688906,9897.020215621858,4576.393458300605,-43902.25,1282213.041346468
2023-04-04,1084428.5714285714,15440.396182508312,114000.0,12000.0,85000.0,60000.0,3.155093082252124e-12,3.306385567073459e-18,4.082548435903612e-30,0.0006404719191953457,463.41466735822337,6927.914150935301,2634.366576406242,-31166.2,1349728.4636462512
2023-04-11,1113000.0,25541.17409532489,114000.0,12000.0,85000.0,60000.0,2.2085651575764867e-12,1.9838313402440755e-18,2.041274217951806e-30,0.0004483303434367419,324.3902671507563,4849.53990565471,1871.7546669294968,-21196.000000000004,1395390.8593833903
2023-04-18,1113000.0,20695.45187519644,114000.0,12000.0,20999.999999999884,48571.428571428565,1.5459956103035402e-12,1.1902988041464453e-18,1.020637108975903e-30,0.0003138312404057193,227.07318700552938,3394.677933958297,1214.9786276367988,-30798.5,1303305.1105090568
2023-04-25,1145000.0,-1857.1868745798165,114000.0,12000.0,20999.999999999884,40000.0,1.0821969272124781e-12,7.141792824878672e-19,5.103185544879515e-31,0.0002196818682840035,158.95123090387057,10449.051161957941,485.99145105471956,-52254.75,1288982.0571890182
2023-05-02,1113000.0,-10727.934238133119,115000.0,12000.0,20999.999999999884,40000.0,7.575378490487346e-13,4.2850756949272026e-19,2.5515927724397577e-31,0.00015377730779880247,111.26586163270939,22381.75563117872,832.674292966888,-33114.65,1280483.1117014228
2023-05-09,1113000.0,-2539.8648014559053,115000.0,10000.0,20999.999999999884,40000.0,5.302764943341142e-13,2.5710454169563217e-19,1.2757963862198788e-31,0.00010764411545916171,77.88610314289656,36691.130298919954,3103.3804310067553,-31357.250000000004,1304975.2821392575
2023-05-16,1113000.0,29275.21377277528,115000.0,10000.0,20999.999999999884,74285.71428571429,3.7119354603387993e-13,1.542627250173793e-19,6.378981931099394e-32,7.53508808214132e-05,54.52027220002759,43667.89177081482,4387.862090698703,-41887.3,1368783.9022675538
2023-05-23,1145000.0,12707.648266262791,115000.0,10000.0,20999.999999999884,100000.0,2.5983548222371593e-13,9.255763501042757e-20,3.189490965549697e-32,5.274561657498924e-05,38.16419054001931,32920.25671781238,2960.377314521482,-39037.3,1400589.1465418823
2023-05-30,1027285.7142857142,20344.817270799023,115000.0,10000.0,20999.999999999884,100000.0,1.8188483755660113e-13,5.553458100625653e-20,1.5947454827748486e-32,3.692193160249247e-05,26.71493337801352,23044.179702468664,3363.378740172593,-53856.350000000006,1266208.454969454
2023-06-06,1033000.0,-18375.909528584245,126000.0,10000.0,20999.999999999884,100000.0,1.2731938628962078e-13,3.3320748603753925e-20,7.973727413874243e-33,2.5845352121744727e-05,18.700453364609462,16130.925791728063,4553.524025479036,-37560.0,1254767.2407678328
2023-06-13,1033000.0,16206.090673841769,126000.0,10000.0,20999.999999999884,82857.14285714286,8.912357040273455e-14,1.999244916225235e-20,3.9868637069371214e-33,1.8091746485221307e-05,13.090317355226624,11291.648054209645,5430.337304711615,-29960.0,1275838.3092253525
2023-06-20,1065000.0,41153.71172091032,126000.0,10000.0,20999.999999999884,60000.0,6.238649928191417e-14,1.1995469497351411e-20,1.9934318534685607e-33,1.2664222539654914e-05,9.163222148658635,7904.153637946751,3977.658890022646,-37990.9,1297053.7874836926
2023-06-27,1033000.0,24974.580868994417,126000.0,10000.0,20999.999999999884,60000.0,4.367054949733992e-14,7.197281698410846e-21,9.967159267342803e-34,8.864955777758438e-06,5331.474704792061,5532.907546562726,3855.4846516790585,-70215.25,1219479.1977808934
2023-07-04,1033000.0,12998.315076969124,146000.0,10000.0,20999.999999999884,60000.0,3.056938464813794e-14,4.318369019046508e-21,4.983579633671402e-34,6.205469044430907e-06,7744.532693784443,3873.0352825939076,4937.835159037622,-8302.7,1291251.0182185906
2023-07-11,1033000.0,-20262.99739223296,146000.0,10000.0,20999.999999999884,60000.0,2.1398569253696558e-14,2.5910214114279046e-21,2.491789816835701e-34,4.343828331101635e-06,9121.769043941109,2711.124697815735,5736.18017913105,-14708.400000000001,1252597.6765329987
2023-07-18,1033000.0,-9285.291229340148,146000.0,10000.0,20999.999999999884,60000.0,1.4978998477587588e-14,1.5546128468567427e-21,1.2458949084178504e-34,3.040679831771144e-06,7677.740509034777,1897.7872884710146,5366.86510417242,-22577.35,1253079.7516753788
2023-07-25,1065000.0,553.4482791451501,146000.0,10000.0,20999.999999999884,25714.285714285714,1.048529893431131e-14,9.327677081140456e-22,6.229474542089252e-35,2.1284758822398005e-06,5374.418356324343,1328.4511019297101,3776.608565124967,-45155.200000000004,1233592.0120189383
2023-08-01,1033000.0,-6149.446483791688,143000.0,10000.0,20999.999999999884,0.0,7.339709254017917e-15,5.596606248684274e-22,3.114737271044626e-35,1.4899331175678603e-06,3762.0928494270397,929.9157713507971,2120.130873147987,-25660.1,1182002.593011624
2023-08-08,1033000.0,-15802.424013062111,143000.0,10000.0,20999.999999999884,22857.142857142855,5.137796477812541e-15,3.357963749210564e-22,1.557368635522313e-35,1.0429531822975021e-06,2633.4649945989277,650.9410399455578,1354.529292359195,-18626.45,1200067.204172027
2023-08-15,1033000.0,-889.7747961278678,143000.0,10000.0,20999.999999999884,40000.0,3.5964575344687784e-15,2.0147782495263382e-22,7.786843177611565e-36,7.300672276082515e-07,1843.4254962192492,455.65872796189046,1989.5214547281703,-25154.4,1225244.4308835117
2023-08-22,1065000.0,-26501.349004972653,143000.0,10000.0,20999.999999999884,40000.0,2.517520274128145e-15,1.2088669497158028e-22,3.8934215888057826e-36,5.11047059325776e-07,1290.3978473534744,318.96110957332326,2704.2472672752688,-17867.5,1238944.7572197404
2023-08-29,1055857.1428571427,23657.17362587466,143000.0,10000.0,20999.999999999884,40000.0,1.7622641918897011e-15,7.253201698294818e-23,1.9467107944028913e-36,3.577329415280432e-07,903.2784931474321,223.27277670132628,2725.5682762001074,-23519.15,1273847.2860294236
2023-09-05,1073000.0,-13920.312522866167,139000.0,10000.0,20999.999999999884,51428.57142857142,1.2335849343227908e-15,4.35192101897689e-23,9.733553972014457e-37,2.504130590696302e-07,3769.8949452032025,156.29094369092837,2627.574142726043,-14213.1,1272848.9189375758
2023-09-12,1073000.0,-3924.9147960006203,139000.0,10000.0,20999.999999999884,60000.0,8.635094540259535e-16,2.611152611386134e-23,4.866776986007228e-37,1.7528914134874113e-07,19038.592315300742,109.40366058364985,1800.9885326964175,-15485.650000000001,1304538.4197127554
2023-09-19,1105000.0,-4405.936603101232,139000.0,10000.0,20999.999999999884,60000.0,6.044566178181675e-16,1.5666915668316805e-23,2.433388493003614e-37,1.227023989441188e-07,39937.1951085154,76.58256240855489,1225.661428078567,-23114.85,1348718.6524960238
2023-09-26,1084428.5714285714,-31567.621497744847,139000.0,10000.0,20999.999999999884,60000.0,4.2311963247271717e-16,9.400149400990082e-24,1.216694246501807e-37,8.589167926088316e-08,40622.5804783998,53.60779368598842,1515.9290477254272,-31427.800000000003,1293625.2672507232
2023-10-03,1113000.0,11000.516770449176,143000.0,10000.0,20999.999999999884,60000.0,2.96183742730902e-16,5.6400896405940486e-24,6.083471232509035e-38,6.01241754826182e-08,41985.91609097743,37.525455580191895,2410.971619090171,-16967.1,1385467.8299361565
2023-10-10,1113000.0,17077.39870544195,143000.0,10000.0,20999.999999999884,60000.0,2.073286199116314e-16,3.384053784356429e-24,3.0417356162545177e-38,4.208692283783274e-08,32489.576802631196,26.267818906134323,1957.8241865830682,-15908.45,1382642.6175136045
2023-10-17,1113000.0,845.7283364575201,143000.0,10000.0,20999.999999999884,60000.0,1.4513003393814197e-16,2.030432270613858e-24,1.5208678081272588e-38,2.9460845986482915e-08,26771.715751574837,18.387473234294028,3553.375420765227,-11896.350000000002,1366292.8569820614
2023-10-24,1116428.5714285714,9345.069791214359,143000.0,10000.0,20999.999999999884,60000.0,1.0159102375669936e-16,1.2182593623683145e-24,7.604339040636294e-39,2.062259219053804e-08,21583.131612422385,12.871231264005818,7645.554062267092,-9622.65,1379392.5481257597
2023-10-31,1147285.714285714,-3569.7919787835917,143000.0,10000.0,20999.999999999884,25714.285714285714,7.111371662968956e-17,7.309556174209886e-25,3.802169520318147e-39,1.4435814533376627e-08,15279.596128695668,9.009861884804073,6451.755987701836,-38359.65,1326810.9199995128
2023-11-07,1153000.0,-14224.446910840534,141000.0,10000.0,20000.0,0.0,4.9779601640782676e-17,4.385733704525931e-25,1.9010847601590735e-39,1.0105070173363639e-08,10695.717290086968,6.30690331936285,5411.173998422733,-29427.4,1296461.3512809987
2023-11-14,1153000.0,544.7540510151507,141000.0,10000.0,20000.0,0.0,3.4845721148547873e-17,2.631440222715559e-25,9.505423800795368e-40,7.073549121354546e-09,7487.002103060877,4.414832323553995,3219.7234382270935,-26083.15,1309172.744424634
2023-11-21,1185000.0,-4423.0753950463095,141000.0,10000.0,20000.0,0.0,2.439200480398351e-17,1.5788641336293356e-25,4.752711900397684e-40,4.951484384948183e-09,5240.901472142614,3.0903826264877963,1287.8893752908375,-23550.850000000002,1334557.9558350185
2023-11-28,993000.0,-22992.57074898969,141000.0,10000.0,20000.0,0.0,1.7074403362788458e-17,9.473184801776012e-26,2.376355950198842e-40,3.4660390694637276e-09,3668.6310304998296,2.1632678385414574,515.1557501163351,-46095.3,1099098.0792994685
2023-12-05,873000.0,-2714.474953278619,135000.0,10000.0,20000.0,0.0,1.1952082353951919e-17,5.683910881065607e-26,1.188177975099421e-40,2.426227348624609e-09,2568.041721349881,1.5142874869790202,1365.662533304534,-21798.7,1017422.0435888653
2023-12-12,873000.0,-4225.35798842602,135000.0,10000.0,20000.0,0.0,8.366457647766343e-18,3.4103465286393644e-26,5.940889875497105e-41,1.6983591440372262e-09,1797.6292049449164,922.6600012408853,2510.977851863814,-20012.050000000003,1018993.8590696254
2023-12-19,625000.0,-12436.099548743523,135000.0,10000.0,20000.0,0.0,5.856520353436439e-18,2.0462079171836186e-26,2.9704449377485524e-41,1.1888514008260582e-09,1258.3404434614413,4652.76200086862,3832.4034609755254,-20900.0,766407.4063565631
2023-12-26,678714.2857142858,-5864.38448215184,135000.0,10000.0,20000.0,34285.71428571428,4.099564247405507e-18,1.2277247503101712e-26,1.4852224688742762e-41,8.321959805782407e-10,880.8383104230088,5572.4334006080335,3550.4658382482103,-31690.950000000004,850448.4030671284
2024-01-02,913000.0,-13491.175947280142,154000.0,10000.0,0.0,60000.0,2.869694973183855e-18,7.366348501861027e-27,7.426112344371381e-42,5.825371864047685e-10,616.5868172961062,5956.603380425623,2592.1629830112843,-19674.35,1112999.8272334535
2024-01-09,913000.0,-10821.091049101675,154000.0,10000.0,0.0,60000.0,2.008786481228698e-18,4.4198091011166166e-27,3.7130561721856905e-42,4.077760304833379e-10,431.6107721072743,4169.6223662979355,2058.4103799125137,-21955.050000000003,1110883.5024692165
2024-01-16,913000.0,5301.786928447513,154000.0,10000.0,0.0,60000.0,1.4061505368600887e-18,2.65188546066997e-27,1.8565280860928453e-42,2.8544322133833653e-10,302.12754047509196,2918.735656408555,1265.8299098310056,-16551.65,1130236.8300351624
2024-01-23,945000.0,522.797849953216,154000.0,10000.0,0.0,82800.0,9.84305375802062e-19,1.5911312764019817e-27,9.282640430464226e-43,1.998102549368356e-10,211.4892783325644,2043.114959485988,837.1554748844023,-14517.550000000001,1180897.0075626564
2024-01-30,941571.4285714286,-5303.819399296855,154000.0,10000.0,0.0,100000.0,6.890137630614433e-19,9.54678765841189e-28,4.641320215232113e-43,1.398671784557849e-10,148.0424948327951,1430.1804716401914,334.86218995376095,-20046.35,1182134.3443285585
2024-02-06,953000.0,-6769.409681168123,132000.0,10000.0,0.0,100000.0,4.823096341430103e-19,5.728072595047134e-28,2.3206601076160566e-43,9.790702491904941e-11,103.62974638295655,1001.1263301481339,133.9448759815044,-23053.75,1166415.5412713445
2024-02-13,1053000.0,-14045.776841722887,132000.0,10000.0,0.0,100000.0,3.376167439001072e-19,3.4368435570282803e-28,1.1603300538080283e-43,6.853491744333458e-11,72.54082246806958,700.7884311036937,53.577950392601764,-22584.850000000002,1259196.2803622414
2024-02-20,1056428.5714285714,-5841.134637188445,132000.0,10000.0,0.0,100000.0,2.3633172073007502e-19,2.062106134216968e-28,5.801650269040141e-44,4.79744422103342e-11,50.7785757276487,490.5519017725855,21.431180157040707,-16857.9,1276292.2984490404
2024-02-27,1155857.142857143,2489.8963579316405,132000.0,10000.0,0.0,100000.0,1.6543220451105252e-19,1.237263680530181e-28,2.9008251345200707e-44,3.358210954723394e-11,13096.925084592356,343.3863312408098,1651.7525536458165,-35815.0,1379624.1031845536
2024-03-05,1197000.0,2786.008069684688,131000.0,10000.0,0.0,100000.0,1.1580254315773676e-19,7.423582083181084e-29,1.4504125672600354e-44,2.350747668306376e-11,24141.967882711648,240.37043186856687,7060.821344955326,-33332.15,1438897.0177292204
2024-03-12,1197000.0,5707.8673254434,131000.0,10000.0,0.0,100000.0,8.106178021041573e-20,4.45414924990865e-29,7.252062836300177e-45,1.645523367814463e-11,31553.00996965715,168.2593023079968,6581.96098974113,-3210.4500000000003,1478800.6475871496
2024-03-19,1229000.0,28639.942875604356,131000.0,10000.0,0.0,42914.28571428571,5.6743246147291e-20,2.67248954994519e-29,3.6260314181500884e-45,1.151866357470124e-11,30856.949474595007,117.78151161559775,4765.8268917314535,-10080.95,1467213.836467832
2024-03-26,1201571.4285714286,4733.102786980231,131000.0,10000.0,0.0,0.0,3.97202723031037e-20,1.603493729967114e-29,1.8130157090750442e-45,8.063064502290868e-12,21599.8646322165,82.44705813091842,4658.0520573045815,-12531.8,1361113.095106061
2024-04-02,1213000.0,29424.81215566999,136000.0,0.0,0.0,0.0,2.7804190612172583e-20,9.620962379802684e-30,9.065078545375221e-46,5.644145151603607e-12,15119.90524255155,57.712940691642885,3682.333189813832,-8488.9,1388795.8635287273
2024-04-09,1213000.0,16029.485809878128,136000.0,0.0,0.0,0.0,1.9462933428520806e-20,5.7725774278816104e-30,4.5325392726876105e-46,3.950901606122525e-12,10583.933669786085,40.39905848415002,1847.7975559536212,-14458.7,1363042.9160941024
2024-04-16,1184428.5714285714,47531.81604304772,136000.0,0.0,0.0,0.0,1.3624053399964562e-20,3.463546456728966e-30,2.2662696363438052e-46,2.7656311242857676e-12,7408.7535688502585,28.279340938905012,739.1190223814485,-20634.45,1355502.0894037897
2024-04-23,1216428.5714285714,31373.98232985336,136000.0,0.0,0.0,0.0,9.536837379975195e-21,2.07812787403738e-30,1.1331348181719026e-46,1.9359417870000373e-12,5186.127498195181,19.795538657233507,295.64760895257945,-18226.9,1371077.22440423
2024-04-30,1213000.0,11474.663338556282,136000.0,0.0,0.0,0.0,6.6757861659826345e-21,1.2468767244224278e-30,5.665674090859513e-47,1.355159250900026e-12,3630.289248736626,13.856877060063454,118.25904358103179,-20803.100000000002,1343433.968507934
2024-05-07,1213000.0,8821.174449246195,136000.0,0.0,0.0,0.0,4.6730503161878445e-21,7.481260346534566e-31,2.8328370454297565e-47,9.486114756300182e-13,2541.2024741156383,9.699813942044418,47.30361743241272,-27784.350000000002,1332635.0303547361
2024-05-14,1213000.0,-631.2796157473913,136000.0,0.0,0.0,34285.71428571428,3.2711352213314903e-21,4.488756207920739e-31,1.4164185227148783e-47,6.640280329410127e-13,1778.841731880947,6.789869759431092,18.92144697296509,-30841.2,1353617.7877185806
2024-05-21,1245000.0,-5157.286884518391,136000.0,0.0,0.0,60000.0,2.2897946549320433e-21,2.6932537247524436e-31,7.082092613574391e-48,4.648196230587089e-13,1245.1892123166626,4.752908831601764,1813.0925469271858,-28936.95,1409968.7977835573
2024-05-28,1138714.2857142857,18625.336885157958,136000.0,0.0,0.0,60000.0,1.6028562584524303e-21,1.6159522348514663e-31,3.5410463067871957e-48,3.253737361410962e-13,6196.692897909664,3.327036182121235,2989.658114440874,-13380.5,1349148.8006479763
2024-06-04,1133000.0,-22344.74047904566,136000.0,0.0,0.0,60000.0,1.1219993809167011e-21,9.695713409108798e-32,1.7705231533935978e-48,2.277616152987673e-13,8350.185428966763,2.328925327484864,4591.504544142349,-20945.0,1298654.278419391
2024-06-11,1133000.0,-22313.38996910536,136000.0,0.0,0.0,25714.285714285714,7.853995666416906e-22,5.817428045465279e-32,8.852615766967989e-49,1.5943313070913712e-13,9545.725958568733,1.6302477292394049,5597.6479331729415,-12383.25,1275162.6498846512
2024-06-18,1165000.0,-18472.26241753831,136000.0,0.0,0.0,0.0,5.497796966491833e-22,3.490456827279167e-32,4.4263078834839946e-49,1.1160319149639596e-13,7974.510349274115,1.1411734104675835,5311.452205789177,-13743.050000000001,1282071.7913109355
2024-06-25,1133000.0,23868.087219062654,136000.0,0.0,0.0,0.0,3.8484578765442836e-22,2.0942740963675e-32,2.2131539417419973e-49,7.812223404747717e-14,5582.157244491879,0.7988213873273083,2124.580882315671,-16111.350000000002,1284464.2741672576
2024-07-02,1133000.0,-6440.646636762927,136000.0,0.0,0.0,0.0,2.6939205135809985e-22,1.2565644578204998e-32,1.1065769708709987e-49,5.4685563833234005e-14,3907.510071144315,0.5591749711291157,849.8323529262684,-13038.1,1254279.1549622787
2024-07-09,1133000.0,-3834.8510998589923,136000.0,0.0,0.0,0.0,1.8857443595066988e-22,7.539386746922998e-33,5.532884854354993e-50,3.8279894683263804e-14,2735.2570498010205,0.39142247979038103,339.9329411705074,-58783.350000000006,1209457.3803135923
2024-07-16,1133000.0,-25103.18264306608,136000.0,0.0,0.0,0.0,1.3200210516546892e-22,4.5236320481537996e-33,2.7664424271774966e-50,2.6795926278284664e-14,1914.679934860714,0.2739957358532667,135.97317646820295,-38433.100000000006,1207514.6444639985
2024-07-23,1165000.0,15049.790735840761,136000.0,0.0,0.0,0.0,9.240147361582824e-23,2.7141792288922795e-33,1.3832212135887483e-50,1.8757148394799263e-14,1340.2759544024998,0.1917970150972867,54.38927058728118,-23491.9,1293952.7477578458
2024-07-30,1133000.0,-6149.446483791688,136000.0,0.0,0.0,0.0,6.468103153107977e-23,1.6285075373353674e-33,6.916106067943742e-51,1.3130003876359483e-14,938.1931680817497,0.13425791056810069,21.755708234912476,-14920.900000000001,1248889.7366504357
2024-08-06,1133000.0,-15802.424013062111,136000.0,0.0,0.0,0.0,4.527672207175583e-23,9.771045224012206e-34,3.458053033971871e-51,9.191002713451638e-15,656.7352176572249,0.09398053739767048,8.70228329396499,-46662.700000000004,1207200.4074684265
2024-08-13,1133000.0,-889.7747961278678,136000.0,0.0,0.0,0.0,3.169370545022908e-23,5.8626271344073225e-34,1.7290265169859354e-51,6.433701899416145e-15,459.71465236005736,0.06578637617836933,3.4809133175859963,-20634.45,1247939.0365559258
2024-08-20,1165000.0,-26501.349004972653,136000.0,0.0,0.0,100000.0,2.2185593815160358e-23,3.517576280644393e-34,8.645132584929677e-52,4.503591329591302e-15,321.80025665204016,0.04605046332485852,1.3923653270343985,-18226.9,1356594.9896674699
2024-08-27,1150142.857142857,23657.17362587466,136000.0,0.0,0.0,100000.0,1.5529915670612248e-23,2.110545768386636e-34,4.3225662924648385e-52,3.152513930713911e-15,225.26017965642805,0.03223532432740096,0.5569461308137594,-20945.0,1389080.880129843
2024-09-03,1173000.0,-13920.312522866167,136000.0,0.0,0.0,100000.0,1.0870940969428573e-23,1.2663274610319814e-34,2.1612831462324192e-52,2.206759751499738e-15,157.68212575949963,0.02256472702918067,0.22277845232550378,0.0,1395237.614946073
2024-09-10,1173000.0,-3924.9147960006203,136000.0,0.0,0.0,100000.0,7.609658678600002e-24,7.597964766191888e-35,1.0806415731162096e-52,1.5447318260498163e-15,110.37748803164973,0.01579530892042647,0.08911138093020152,0.0,1405185.567598721
2024-09-17,1173000.0,-4405.936603101232,136000.0,0.0,0.0,100000.0,5.326761075020001e-24,4.5587788597151324e-35,5.403207865581048e-53,1.0813122782348715e-15,77.26424162215481,0.011056716244298527,0.035644552372080605,0.0,1404671.3743397896
2024-09-24,1210714.2857142857,-31567.621497744847,136000.0,0.0,0.0,42914.28571428571,3.728732752514e-24,2.735267315829079e-35,2.701603932790524e-53,7.569185947644098e-16,54.08496913550836,0.007739701371008968,0.014257820948832243,0.0,1358115.0568974842
2024-10-01,1213000.0,11000.516770449176,136000.0,0.0,0.0,0.0,2.6101129267598e-24,1.6411603894974477e-35,1.350801966395262e-53,5.298430163350868e-16,37.85947839485585,0.0054177909597062784,0.005703128379532897,0.0,1360038.3873697636
2024-10-08,1213000.0,17077.39870544195,136000.0,0.0,0.0,0.0,1.8270790487318597e-24,9.846962336984685e-36,6.75400983197631e-54,3.7089011143456084e-16,26.50163487639909,0.0037924536717943943,0.002281251351813159,0.0,1366103.9064140234
2024-10-15,1213000.0,845.7283364575201,136000.0,0.0,0.0,0.0,1.2789553341123019e-24,5.90817740219081e-36,3.377004915988155e-54,2.5962307800419256e-16,18.55114441347936,0.002654717570256076,0.0009125005407252637,0.0,1349864.2830480891
2024-10-22,1216428.5714285714,9345.069791214359,136000.0,0.0,0.0,0.0,8.952687338786111e-25,3.544906441314486e-36,1.6885024579940775e-54,1.8173615460293477e-16,12.985801089435553,0.0018583022991792532,0.0003650002162901055,0.0,1361786.6292441776
2024-10-29,1241571.4285714284,-3569.7919787835917,136000.0,0.0,0.0,0.0,6.266881137150277e-25,2.1269438647886916e-36,8.442512289970388e-55,1.2721530822205433e-16,9.090060762604885,0.0013008116094254771,0.0001460000865160422,0.0,1374010.728100219
2024-11-05,1253000.0,-14224.446910840534,136000.0,0.0,0.0,0.0,4.386816796005194e-25,1.276166318873215e-36,4.221256144985194e-55,8.905071575543802e-17,6.363042533823419,0.0009105681265978339,5.840003460641689e-05,0.0,1374781.9171006614
2024-11-12,1253000.0,544.7540510151507,136000.0,0.0,0.0,0.0,3.0707717572036356e-25,7.656997913239289e-37,2.110628072492597e-55,6.233550102880661e-17,4.454129773676393,0.0006373976886184838,2.3360013842566758e-05,0.0,1389549.2088415464
2024-11-19,1285000.0,-4423.0753950463095,136000.0,0.0,0.0,0.0,2.1495402300425446e-25,4.594198747943573e-37,1.0553140362462985e-55,4.3634850720164625e-17,3.117890841573475,0.0004461783820329386,9.344005537026704e-06,0.0,1416580.0429513177
2024-11-26,1133000.0,-22992.57074898969,136000.0,0.0,0.0,0.0,1.504678161029781e-25,2.756519248766144e-37,5.276570181231492e-56,3.054439550411524e-17,2.1825235891014323,0.000312324867423057,3.737602214810682e-06,0.0,1246009.612090662
2024-12-03,973000.0,-2714.474953278619,136000.0,0.0,0.0,0.0,1.0532747127208466e-25,1.6539115492596862e-37,2.638285090615746e-56,2.1381076852880666e-17,1.5277665123710025,0.0002186274071961399,1.4950408859242729e-06,0.0,1106287.0530333563
2024-12-10,973000.0,-4225.35798842602,136000.0,0.0,0.0,0.0,7.372922989045927e-26,9.923469295558117e-38,1.319142545307873e-56,1.4966753797016466e-17,1.0694365586597017,0.00015303918503729793,5.980163543697092e-07,0.0,1104775.7116017698
2024-12-17,973000.0,-12436.099548743523,136000.0,0.0,0.0,0.0,5.161046092332148e-26,5.95408157733487e-38,6.595712726539365e-57,1.0476727657911525e-17,0.748605591061791,0.00010712742952610855,2.392065417478837e-07,0.0,1096564.649164214
2024-12-24,725000.0,-5864.38448215184,136000.0,0.0,0.0,0.0,3.612732264632503e-26,3.572448946400921e-38,3.2978563632696827e-57,7.333709360538067e-18,0.5240239137432537,7.498920066827598e-05,9.568261669915348e-08,0.0,855136.1396168468
