Date,base,weather,econ,dist,price,promotion,m_wow_tv,m_wow_olv,m_wow_social,m_amaze_tot,m_celeb_tv,m_celeb_outdoor,m_celeb_display,comp,model,model_og,diff
2020-01-07,156389.5473292283,-2606.0901421916446,0.0,15138.826536317854,78147.87689254589,37368.77121344192,0.0,0.0,0.0,0.0,0.0,0.0,0.0,-1204.849830524038,283234.08199881826,283234.0819988183,-5.820766091346741e-11
2020-01-14,157224.99937444204,-5514.030654268624,0.0,15054.876082605128,77714.51769485154,37161.54740448103,0.0,0.0,0.0,0.0,0.0,0.0,0.0,-1475.1518012496983,280166.7581008614,280166.7581008614,0.0
2020-01-21,167323.7719567959,5789.667191628416,0.0,16675.959086563726,86082.68247446902,41163.03852055942,0.0,0.0,0.0,0.0,0.0,0.0,0.0,-1143.7541905040948,315891.36503951246,315891.3650395119,5.820766091346741e-10
2020-01-28,159746.32016270413,15815.461361249541,0.0,15184.98236738898,78386.13711672975,16754.614406320714,0.0,0.0,0.0,0.0,0.0,0.0,0.0,-1735.4868470515844,284152.02856734156,284152.0285673415,5.820766091346741e-11
2020-02-04,172713.0349372699,-11869.443751397806,6062.5904214259435,14149.738124191408,73042.12055923487,0.0,0.0,0.0,0.0,0.0,0.0,0.0,0.0,-2098.9158124284436,251999.12447829588,251999.1244782963,-4.0745362639427185e-10
2020-02-11,211430.12231519635,-3935.0823136668596,7684.980606504309,17936.303710576187,92588.68584819313,0.0,0.0,0.0,0.0,0.0,0.0,0.0,0.0,-2405.581801544151,323299.42836525897,323299.42836525955,-5.820766091346741e-10
2020-02-18,220045.6333398505,-7729.4599225407665,7903.3354653179795,18445.931420117515,95219.42630953094,0.0,0.0,0.0,0.0,0.0,0.0,0.0,0.0,-2801.623380098736,331083.24323217745,331083.2432321787,-1.2223608791828156e-09
2020-02-25,257180.90280645073,-6616.821373284002,9268.106852963976,21631.22951750033,111662.19900285467,0.0,0.0,0.0,0.0,0.0,0.0,0.0,0.0,-4404.502975687555,388721.11383079813,388721.1138307995,-1.3969838619232178e-09
2020-03-03,259580.64773576235,4242.898256620037,15745.706976033496,22755.021519687492,117463.30642878803,0.0,0.0,0.0,0.0,0.0,0.0,0.0,0.0,-5284.93097102702,414502.64994586445,414502.6499458651,-6.402842700481415e-10
2020-03-10,257208.75470462628,15337.028876956696,16048.308682823283,23192.32854949527,119720.72154928495,0.0,0.0,0.0,0.0,0.0,0.0,0.0,0.0,-5142.69797489711,426364.4443882893,426364.4443882886,6.984919309616089e-10
2020-03-17,261022.68747751293,-5204.298203421924,15581.825352766567,22518.18681485144,116240.7460597256,0.0,0.0,0.0,0.0,0.0,0.0,0.0,0.0,-2236.7668055957856,407922.3806958388,407922.3806958395,-7.566995918750763e-10
2020-03-24,271120.25826784986,13875.32764291633,18341.076567942077,26505.738524985056,136824.8183719762,38583.693156510395,0.0,0.0,0.0,0.0,0.0,0.0,0.0,-4474.4926214456655,500776.4199107343,500776.41991073516,-8.731149137020111e-10
2020-03-31,238475.14973364756,35956.932337011174,16535.376606956128,25073.814557122118,114132.8892066667,61892.35588277394,0.0,0.0,0.0,0.0,0.0,0.0,0.0,-2654.055459142573,489412.4628650351,489412.46286503586,-7.566995918750763e-10
2020-04-07,238696.4247465381,35196.56126162291,16512.9100009189,25039.746780688867,113977.81692022557,61808.262776863034,0.0,0.0,0.0,0.0,0.0,0.0,0.0,-2937.2999828127645,488294.42250404466,488294.4225040455,-8.149072527885437e-10
2020-04-14,247736.48828848207,35306.02847828527,17077.825160110697,25896.369419456205,117877.05676263677,63922.75529235357,0.0,0.0,0.0,0.0,0.0,0.0,0.0,-3553.4494310417617,504263.07397028286,504263.0739702837,-8.149072527885437e-10
2020-04-21,273289.71644276497,12936.487283550558,17892.76321019389,27132.120260156997,123502.04108512317,66973.09016026309,0.0,0.0,0.0,0.0,0.0,0.0,0.0,-2911.528805149468,518814.68963690323,518814.68963690405,-8.149072527885437e-10
2020-04-28,250269.46581417383,34828.71431549265,16951.724587611316,25705.153794585185,117006.66699093785,63450.75748452479,0.0,0.0,0.0,0.0,0.0,0.0,0.0,-12738.788281711582,495473.69470561406,495473.69470561406,0.0
2020-05-05,265023.720326405,-33806.099101338754,14722.707949071591,23486.986642158965,106909.84565276546,57975.42023607065,0.0,0.0,0.0,0.0,0.0,0.0,0.0,-6798.113618509138,427514.46808662376,427514.4680866246,-8.149072527885437e-10
2020-05-12,262253.15514077496,-25579.223257434776,14944.328701742852,23840.535980746747,108519.15832428582,58848.12356711519,0.0,0.0,0.0,0.0,0.0,0.0,0.0,-4291.7906406871825,438534.2878165436,438534.2878165436,0.0
2020-05-19,280444.09176221566,11346.08559238209,15948.114455136862,25441.865210607662,115808.21006225541,28071.72448858185,0.0,0.0,0.0,0.0,0.0,0.0,0.0,-2976.9923519221124,474083.0992192575,474083.0992192566,8.731149137020111e-10
2020-05-26,244540.10623778997,-14679.451540527076,14105.91279268816,22503.019586027847,102430.94984117772,55546.589988632506,0.0,0.0,0.0,0.0,0.0,0.0,0.0,-8172.411178020814,416274.7157277683,416274.7157277683,0.0
2020-06-02,225440.4800644862,15116.473418655056,20482.423307172623,23160.057201302086,105421.70344900513,57168.42562198936,0.0,5214.448337148479,0.0,0.0,0.0,0.0,0.0,-3582.393604794081,448421.61779496487,448421.6177949657,-8.149072527885437e-10
2020-06-09,238463.4278175147,-39289.063562396026,19179.199616166865,21686.465196238118,98714.095690854,53531.00218186415,0.0,6763.170939737173,0.0,0.0,0.0,0.0,0.0,-2089.162334046041,396959.135545933,396959.1355459343,-1.3387762010097504e-09
2020-06-16,240570.77555229884,-24447.2544665275,18126.406802193553,20496.042489556323,93295.43940378248,22614.664966985354,0.0,3909.217804322559,0.0,0.0,0.0,0.0,0.0,-2682.607047013753,371882.68550559785,371882.6855055985,-6.402842700481415e-10
2020-06-23,270952.67829166044,-48508.88503021796,17629.84546481894,19934.56649596507,90739.67042723659,0.0,0.0,2345.2537398684576,0.0,0.0,0.0,0.0,0.0,-5208.11595548047,347885.013433851,347885.01343385107,-5.820766091346741e-11
2020-06-30,244714.73735461707,-23500.21794309598,18140.030099567735,19467.457142041072,88613.44667227734,0.0,0.0,1433.8124804817494,0.0,0.0,0.0,0.0,0.0,-1630.7295417114808,347238.53626417747,347238.53626418003,-2.561137080192566e-09
2020-07-07,242692.45138120136,-13788.795044144419,18435.597613170172,19784.653302800114,90057.28419409555,0.0,0.0,875.0328855970173,0.0,0.0,0.0,0.0,0.0,-2219.3178788404784,355836.90645387926,355836.90645387996,-6.984919309616089e-10
2020-07-14,247259.6621576185,-33617.11460257599,17711.374898271148,19007.434379446408,86519.48020075573,0.0,0.0,504.6469582965504,0.0,0.0,0.0,0.0,0.0,-1841.8201247099194,335543.6638671024,335543.663867103,-5.820766091346741e-10
2020-07-21,262797.2789085175,-13976.02417695504,19981.15258863684,21443.306848600037,97607.26909742,0.0,0.0,341.694017849479,0.0,0.0,0.0,0.0,0.0,-2367.0974165913476,385827.5798674774,385827.5798674788,-1.3969838619232178e-09
2020-07-28,230705.5260971103,18533.3877724047,20567.656255635397,22072.72890238242,100472.32009972855,32130.67986366709,0.0,211.0721937940854,0.0,0.0,0.0,0.0,0.0,-7077.643564206435,417615.7276205161,417615.7276205161,0.0
2020-08-04,225935.698120012,16943.631477398983,20406.438513258843,23074.139038832764,105030.61464615815,56956.3447088028,0.0,132.40324528689567,0.0,0.0,0.0,0.0,0.0,-2700.4152423447126,445778.8545074057,445778.85450740653,-8.149072527885437e-10
2020-08-11,242734.44435333047,-29605.238324511167,17803.048357587966,20130.411921273786,91631.13447541629,22211.24012008571,0.0,69.31147892084098,0.0,0.0,0.0,0.0,0.0,-2981.439348422256,361992.91303368163,361992.91303368355,-1.9208528101444244e-09
2020-08-18,257864.02374273536,10098.897204252411,19675.457138385293,22247.59765741259,101268.30095051213,0.0,0.0,45.9625117078884,0.0,0.0,0.0,0.0,0.0,-3242.910606387622,407957.32859861804,407957.3285986188,-7.566995918750763e-10
2020-08-25,239830.51431877492,6920.36081059967,18322.20436760054,20717.436352317658,94303.19676563135,0.0,0.0,6543.685129064872,0.0,0.0,0.0,0.0,0.0,-6874.535482174434,379762.86226181453,379762.86226181325,1.280568540096283e-09
2020-09-01,241275.23963439406,15506.188048846432,24697.065886276345,23365.482380870806,106356.77334858362,34012.506453557784,0.0,4443.9661240652495,0.0,0.0,0.0,0.0,0.0,-5276.168602125681,444381.0532744686,444381.05327446945,-8.731149137020111e-10
2020-09-08,235408.61198520922,18930.383443330968,26082.785956145126,24676.489041598506,112324.31281559022,60911.59517115293,0.0,8454.940731707135,0.0,0.0,0.0,0.0,0.0,-5778.6154362551215,481010.503708479,481010.5037084797,-6.984919309616089e-10
2020-09-15,240065.59198978386,-4375.164778394571,25375.17171855662,24007.027006028005,109277.00478992991,59259.09102340389,0.0,10866.904467733606,0.0,0.0,0.0,0.0,0.0,-5592.592300352981,458883.0339166883,458883.03391668916,-8.731149137020111e-10
2020-09-22,261130.1787004266,-14848.94098498571,27490.062043117974,26007.88949080884,118384.68227446332,64198.032112659545,5964.195255851738,11385.17033773989,0.0,0.0,0.0,0.0,0.0,-4620.143471238828,495091.1257588433,495091.12575884437,-1.0477378964424133e-09
2020-09-29,237368.79128423124,15739.42068063698,28648.552237632666,27103.917753963935,123373.66678023433,66903.47492297603,27419.814577196365,11909.206556044106,15110.941361282137,0.0,0.0,0.0,0.0,-6669.364095948088,546908.4220582496,546908.4220582506,-1.0477378964424133e-09
2020-10-06,240565.39549956765,7820.430561967887,25937.530795770654,26926.17714840894,122564.61362260164,54561.317286652615,39166.30492243409,8676.880166263356,19255.40217267493,0.0,0.0,0.0,0.0,-5528.7023866521495,539945.3497896896,539945.3497896906,-9.313225746154785e-10
2020-10-13,244253.24857265755,19061.016655876763,25190.436451455425,26150.606226873555,119034.31112882492,44099.97415081877,26966.800630270558,6957.18613912754,9637.568528719385,0.0,0.0,0.0,0.0,-4875.707789574409,516475.44069505006,516475.440695052,-1.9208528101444244e-09
2020-10-20,257784.07957061776,13067.14542903799,25960.546316646127,26950.06993901945,122673.37063750962,45448.17727598836,29428.554225541735,6177.374962575517,5190.919636493304,0.0,0.0,0.0,0.0,-5517.011008723612,527163.2269847062,527163.226984708,-1.7462298274040222e-09
2020-10-27,251932.86231582102,27712.50066951644,25447.13032527455,26417.084357494787,120247.28647762556,44549.35871078652,20384.393007313407,5054.576830871572,2746.8618458279648,0.0,0.0,0.0,0.0,-7701.41990621853,516790.6346343133,516790.6346343141,-8.149072527885437e-10
2020-11-03,268327.6194118754,20780.925651549253,27331.40072500404,24095.79185325545,74973.02180142236,17913.55166052782,22616.858738309395,3530.6767565044825,1254.5894056008399,0.0,0.0,0.0,0.0,-5418.3694056999375,455406.0665983491,455406.0665983507,-1.6298145055770874e-09
2020-11-10,276606.73909807747,4853.321220780343,25393.82273482173,22387.59268627427,69658.03343469009,0.0,15151.475388368104,2206.4257561507065,583.2532518350621,0.0,0.0,0.0,0.0,-6383.701561171119,410456.9620098266,410456.9620098274,-7.566995918750763e-10
2020-11-17,282990.70412108133,-21191.351167666966,23992.089864433834,21151.802987145544,65812.9268443363,0.0,10078.957623782328,1252.1738160737696,275.6302479236666,0.0,0.0,0.0,0.0,-5311.44331520176,379051.49102190806,379051.4910219094,-1.3387762010097504e-09
2020-11-24,290747.7806019978,-5989.586498117087,24836.354251238357,21896.119721521085,68128.83640619444,0.0,7333.346824485243,778.2625868948044,142.69097553110123,0.0,0.0,0.0,0.0,-14321.399121706363,393552.40574803937,393552.40574803797,1.3969838619232178e-09
2020-12-01,199492.8684515393,-9861.878117328502,13743.300672035937,14748.989684941025,45890.84815856097,0.0,3467.6477729715916,314.66385485517844,48.06196872670099,0.0,0.0,0.0,0.0,-3631.1177611912003,264213.38468511094,264213.38468511106,-1.1641532182693481e-10
2020-12-08,196334.9421811721,6524.924124764235,14347.705654571357,15397.623012965414,47909.042909713404,0.0,2539.1762846569613,197.14879919783056,25.08897610699043,0.0,0.0,0.0,0.0,-3006.047099317569,280269.6048438308,280269.6048438313,-4.656612873077393e-10
2020-12-15,196475.27406785343,4054.7566688838356,14343.923175703594,18255.30517964129,47896.41267135028,0.0,1779.4452437633515,118.27518951284732,12.541469251375315,0.0,0.0,0.0,0.0,-2940.3451329176046,279995.5885330424,279995.5885330414,9.89530235528946e-10
2020-12-22,103771.277499504,125.41016566284517,8153.23419495212,10376.504154877894,27224.816030042315,12736.93776847966,708.7132871879072,40.34080269847723,3.5643913451909817,0.0,0.0,0.0,0.0,-1041.4320792345961,162099.36621551582,162099.3662155155,3.2014213502407074e-10
2020-12-29,120424.39957902487,-2410.3625319377325,9913.805496321793,12617.157984609874,33103.61561330911,26262.025728397584,603.6390580607302,29.432615888479432,2.1670471340623574,0.0,0.0,0.0,0.0,-2082.5285868682167,198463.35200394058,198463.35200393983,7.566995918750763e-10
2021-01-05,203417.34258172888,-14998.329851281198,19168.96152148025,20894.052451430056,54819.68933099998,43489.9954268038,700.0762129752031,29.245214617831714,1.7943235172117755,0.0,0.0,0.0,0.0,-2121.4229462278868,325401.40426604415,325401.40426604415,0.0
2021-01-12,204420.04367798456,-18409.99451484601,19038.219473189267,20751.54440729064,54445.791221714964,43193.37158122314,1190.0283087239504,17.427774938394503,0.891043940176388,0.0,0.0,0.0,0.0,-3050.5620414343875,321596.7609327247,321596.7609327247,0.0
2021-01-19,214568.67933989,2467.715595112523,21565.838123608235,23506.633492314086,61674.313695816345,48927.960981084034,5365.166205964513,11.845082417916124,0.5046722782684178,0.0,0.0,0.0,0.0,-2119.3561112292614,375969.30107725656,375969.3010772566,-5.820766091346741e-11
2021-01-26,206575.632915608,903.8419261728735,18692.607843781032,20374.829815600904,53457.40579811704,18956.764381955636,3262.761102172212,6.160214295194651,0.21871731395544478,0.0,0.0,0.0,0.0,-5270.6860135800125,316959.5367014368,316959.53670143575,1.0477378964424133e-09
2021-02-02,214287.2793398908,9295.1688074239,29208.36143900937,21102.52011811417,55366.645588037594,0.0,2369.3240325572124,3.828151891083914,0.11326443925853735,0.0,0.0,0.0,0.0,-3660.78267284263,327972.4580685208,327972.45806852076,5.820766091346741e-11
2021-02-09,272537.0509715754,26549.717471248445,38480.45613453243,27801.44313910961,72942.5983486098,0.0,2187.491172297629,3.0260387367936175,0.0746099309016727,0.0,0.0,0.0,0.0,-4272.538915596351,436229.3189704446,436229.3189704461,-1.5133991837501526e-09
2021-02-16,263667.90492658346,11315.76126844205,36763.260112099626,26560.79964441071,69687.52415426592,0.0,7657.436723374296,4190.197962883496,0.03564022744947808,0.0,0.0,0.0,0.0,-4175.081563943898,415667.83886834315,415667.8388683431,5.820766091346741e-11
2021-02-23,302371.54055982316,4323.666932663385,42975.927542403726,31049.341040644333,81464.10246346878,0.0,23938.120423903827,10111.751909194832,195.1225357436253,0.0,0.0,0.0,0.0,-8344.339477101585,488085.23393074406,488085.23393074406,0.0
2021-03-02,324224.0115347008,5922.55021312186,35551.24337036017,33554.70775855493,88037.42879426811,0.0,29849.635141673356,16795.82846794218,316.2446608792859,0.0,0.0,0.0,0.0,-4399.9210212452535,529851.7289202553,529851.7289202546,6.984919309616089e-10
2021-03-09,332622.2361493502,-31011.477673029018,34212.8165177277,32291.446121587054,84723.0114191165,0.0,34774.79064333163,12190.02281305884,355.0359801850826,0.0,0.0,0.0,0.0,-3128.2449924807424,497029.6369788473,497029.63697884633,9.89530235528946e-10
2021-03-16,329158.12805246445,-8326.584242400515,34430.59395909628,32496.99331793691,85262.305243182,0.0,24905.44683998576,9385.820005437557,382.8038806186946,0.0,0.0,0.0,0.0,-2237.9811494877194,505457.5259068334,505457.52590683254,8.731149137020111e-10
2021-03-23,354995.2756031819,-37454.47467376826,38835.80702975263,36654.812375350724,96171.16792320936,44993.00122389185,33260.23549932398,8626.890200252203,446.16683903965793,0.0,0.0,0.0,0.0,-3867.2904077344597,572661.5916124996,572661.5916124987,8.149072527885437e-10
2021-03-30,317926.0591111252,11448.468407812064,39313.790755564805,37105.952833812014,97354.82436491598,77234.3097539814,24942.910059742833,6892.305699559385,458.93916687418084,0.0,0.0,0.0,0.0,-6544.826530324431,606132.7336230634,606132.7336230634,0.0
2021-04-06,315620.9888832741,-19501.301648834527,35725.90021440344,34989.64079699845,91802.26012898018,72829.30497969629,24879.045125903194,4638.9875363819465,216.4267396120993,0.0,0.0,0.0,0.0,-2480.1816961638715,558721.0710602513,558721.0710602503,1.0477378964424133e-09
2021-04-13,314130.58651630423,-7236.3652271976,35674.12735984466,34938.934906505085,91669.22317166625,72723.7630341693,17516.846934222795,3443.066000724904,108.06773476547177,0.0,0.0,0.0,0.0,-2409.8324368430403,560558.4179941621,560558.417994161,1.0477378964424133e-09
2021-04-20,353085.1569681855,-1853.02538136017,39849.48939746273,39028.248738120776,102398.34880908119,81235.47899971229,13766.888353873688,3047.552688800542,60.36120906802553,0.0,0.0,0.0,0.0,-5193.666695741469,625424.8330872031,625424.8330872031,0.0
2021-04-27,333488.02643198473,-24208.512978782266,35725.11975552114,34988.87642225115,91800.25464027587,72827.7139693195,8670.331622122165,2032.6228267966374,27.057651866693924,0.0,0.0,0.0,0.0,-7350.036778368809,548001.4535629868,548001.4535629868,0.0
2021-05-04,312928.95665071905,47500.57276138965,64771.483908254224,39045.29689614779,102443.07803185318,81270.96394531369,6789.835457588008,1693.9913819065853,15.097479931560649,0.0,0.0,0.0,0.0,-4748.448168850866,651710.8283442528,651710.8283442506,2.2118911147117615e-09
2021-05-11,318416.1499094652,21374.443708269006,62696.68881362763,37794.576894377984,99161.56612331019,78667.64861030995,4608.709432882389,1137.5862126928205,7.306981925661605,0.0,0.0,0.0,0.0,-3900.8352401841453,619963.8414466766,619963.8414466766,0.0
2021-05-18,328598.0433113028,12443.693590035127,58167.63611159705,35064.390757843474,91998.3814721497,32623.948264063387,2996.728090211701,775.6891533631655,3.3895828355878237,0.0,0.0,0.0,0.0,-5315.12608795225,557356.7742454497,557356.7742454497,0.0
2021-05-25,360251.57796515565,-30178.209750054833,54806.20352013171,33038.064887093635,86681.91378470165,0.0,1978.185554585269,3661.8767075824494,1.5968541928789652,0.0,0.0,0.0,0.0,-9545.683281793854,500695.5262415946,500695.5262415946,0.0
2021-06-01,307954.21322024113,-3669.2119400488177,30163.92709324751,28817.983914221717,75609.69462461867,0.0,1208.5801662560111,5612.057180943785,0.6964414499719953,0.0,0.0,0.0,0.0,-3435.6043804589917,442262.33632047096,442262.33632047096,0.0
2021-06-08,304086.9066064248,16400.873651786693,31112.142124245656,29723.888686701583,77986.51541159893,0.0,872.9684506724874,3482.1925384708397,0.3591673270434455,0.0,0.0,0.0,0.0,-1699.4172543689715,461966.4293828591,461966.42938285903,5.820766091346741e-11
2021-06-15,300781.65706873644,-13711.298922922158,33037.97611351996,31563.79012767851,82813.86164462288,62788.447020199266,649.094956032569,2222.1351889701596,0.19069988687847442,0.0,0.0,0.0,0.0,-4193.094653309931,495952.75924341456,495952.75924341544,-8.731149137020111e-10
2021-06-22,319599.1937892475,-3795.321157274765,38963.13894814596,37224.56654878385,97666.03096403167,123042.08117743312,535.9650516155546,1573.8819573095716,0.11245039572709196,0.0,0.0,0.0,0.0,-18502.461958165837,596307.1877715223,596307.1877715234,-1.0477378964424133e-09
2021-06-29,293769.1368410081,-4344.4748524642155,36087.59691822845,34477.333945194725,90458.12152670058,113961.37861018843,347.5372241842068,875.1317721176364,0.05207569045874848,0.0,0.0,0.0,0.0,-10967.762524361517,554664.051536487,554664.0515364849,2.0954757928848267e-09
2021-07-06,305519.8434622019,-61958.34974038778,35664.684867441814,33260.81591653761,87266.34527594363,109940.29995398226,234.71591938178037,506.724098006981,0.025119111591181027,5674.061874826512,0.0,0.0,0.0,-1596.5994034911903,514512.56734355504,514512.56734355696,-1.9208528101444244e-09
2021-07-13,306141.83774074836,-7176.053466076301,30426.086989839536,28375.30969896392,24956.108325719077,43081.04227901131,140.17774431757164,259.4293504807262,0.010714748857458522,14752.918036707797,0.0,0.0,0.0,-2910.1433744691667,438046.72403999174,438046.7240399909,8.149072527885437e-10
2021-07-20,329806.4004364933,28751.501826503725,33193.25035440022,30955.960884351527,27225.793175565126,0.0,107.0538585304628,169.83499913274585,0.00584461238572207,34410.6803813328,0.0,0.0,0.0,-4078.561415298648,480541.92034562357,480541.9203456236,-5.820766091346741e-11
2021-07-27,310429.6323528596,-9567.949781482415,29067.33196644441,27108.13740018236,23841.629241923256,0.0,65.62522896640064,89.24126693378142,0.0025590633978250523,38792.01015811429,0.0,0.0,0.0,-7121.3364138105935,412704.3239791945,412704.3239791938,6.984919309616089e-10
2021-08-03,313928.46049328445,-32079.727648827542,31863.31548486141,26306.487461349458,23136.577458345033,0.0,44.58026145017618,51.96360822349988,0.0012416933536952733,34396.989811437714,0.0,0.0,0.0,-1612.63079301805,396036.01737879956,396036.0173787995,5.820766091346741e-11
2021-08-10,315500.39309184236,-38910.57197289787,31344.799303150612,25878.398317921765,22760.07270298595,0.0,30.69888267807628,30.671609222934652,0.0006107432217626346,33758.55875860364,0.0,0.0,0.0,-2742.832416351513,387650.1888878992,387650.18888789916,5.820766091346741e-11
2021-08-17,311920.6881799589,-20517.909543070848,32379.913583355556,26732.993027195214,23511.689455912307,0.0,22.199130933228446,19.010997035079082,0.0003154560047095956,33926.21014980273,0.0,0.0,0.0,-2947.332452796248,405047.462843782,405047.4628437827,-6.984919309616089e-10
2021-08-24,332877.6765746154,2343.861666096906,36416.99470544578,30066.024204354846,26443.093130185945,0.0,17.47696637084494,12.828878612921633,0.00017739333128584956,36860.60757057246,0.0,0.0,0.0,-2617.7207569823117,462420.8431166661,462420.84311666695,-8.731149137020111e-10
2021-08-31,334509.89984967234,-64574.326615259975,30673.753990809302,25324.380481846518,22272.813558393147,0.0,10.304559988776692,6.483436379825451,7.470885500609856e-05,32677.856048957452,0.0,0.0,0.0,-7440.396796697686,373460.7685887985,373460.7685887985,0.0
2021-09-07,319299.5822370368,-20843.80325309677,35072.021237214336,31583.61527349492,27777.81572942538,62827.88430300731,8.996058619127446,4.851555490044757,4.658703737546948e-05,41293.36932137204,0.0,0.0,0.0,-5572.7634636096955,491451.5690455406,491451.5690455405,5.820766091346741e-11
2021-09-14,309627.8809071595,3827.269878539592,38600.75135501356,34761.36353301951,30572.64794933453,114900.21000144517,6.9308503419380525,3.2038200066994085,2.563671107764041e-05,32247.837813958744,0.0,0.0,0.0,-6753.916101152482,557794.1800333036,557794.1800333015,2.0954757928848267e-09
2021-09-21,332827.44420127606,26128.923333240265,42362.069852910914,38148.565985800225,33551.69530527574,126096.26888941824,5.324353038545743,2.1096057905296597,1.4067396076422232e-05,25010.213129806238,0.0,0.0,0.0,-7225.35445658835,616907.2602140359,616907.2602140357,1.1641532182693481e-10
2021-09-28,331704.7047961162,-35247.99656098001,37266.687532899196,33559.991127848836,29516.03992633676,110929.19368866656,3.2787561086101786,1.1135161003345289,6.187674693451509e-06,15504.692216366577,0.0,0.0,0.0,-5993.2362622256605,517244.46874342515,517244.4687434233,1.862645149230957e-09
2021-10-05,331285.96264858154,15103.085535328186,29426.63674884759,34017.15397781828,29918.11503062103,89159.69593996406,2.3263963996289703,0.6772111223514984,3.136001679044405e-06,11052.845427108236,0.0,0.0,0.0,-3642.9070010564483,536323.5919178704,536323.5919178704,0.0
2021-10-12,334372.06945716514,16358.842116544747,28280.616518596722,32692.3560756025,28752.95418099019,68047.61400520384,1.5650575066167425,0.39050238725567565,1.5073248894027524e-06,7460.158085240349,0.0,0.0,0.0,-5287.345287675049,510679.2207130696,510679.22071306786,1.7462298274040222e-09
2021-10-19,368216.7120268668,-10386.734220654935,29424.91513770258,34015.163797563924,29916.3646654429,70800.9765667449,1.1398688744766103,0.2437818445688993,7.836849719428394e-07,5445.9381893849195,0.0,0.0,0.0,-4744.241115020773,522690.4786995331,522690.4786995329,1.7462298274040222e-10
2021-10-26,332338.1984216577,-14295.23936031286,26022.008754444847,30081.408424861096,26456.623564833375,62613.048276304406,0.705632670755953,0.12935351958857166,3.4658458648274603e-07,3376.7352405174906,0.0,0.0,0.0,-7140.238281116329,459453.3800277266,459453.3800277267,-1.1641532182693481e-10
2021-11-02,361505.587931647,-6213.413463622739,26034.807422258484,30561.0223531519,26878.444411051798,28434.009278290137,0.5018183464498976,0.07884955350507306,1.7603246697559698e-07,2404.116180332276,0.0,0.0,0.0,-5411.128216834133,464194.02656435064,464194.02656434994,6.984919309616089e-10
2021-11-09,364170.76995008136,-1441.4732357237804,24838.351222689213,29156.55931770254,25643.218010917713,0.0,0.33512979491215805,0.04513556686161056,8.439628070291701e-08,1606.813522720542,0.0,0.0,0.0,-4354.183546119769,439620.43550771393,439620.435507714,-5.820766091346741e-11
2021-11-16,362329.6137972196,13029.384943200299,25505.7715357092,29940.01228412291,26332.265542222915,0.0,0.24089447134859368,0.02780903134295699,4.293182262769811e-08,1155.6326091337,0.0,0.0,0.0,-4565.7371958551275,453727.21221929917,453727.2122192991,5.820766091346741e-11
2021-11-23,391691.00541834487,480.35491503974737,27925.708684106954,32780.66142301966,28830.618807007857,0.0,0.18462505860809725,0.018268498101772855,2.3540504147722062e-08,19999.38666745027,0.0,0.0,0.0,-3897.0914953596302,497810.84731318994,497810.8473131926,-2.6775524020195007e-09
2021-11-30,266332.19964331767,-5932.7474268998285,20216.987543366587,23731.76026253168,35859.261824422676,0.0,0.0935623131507408,0.007935354687562058,8.827091250343662e-09,29888.177722718552,0.0,0.0,0.0,-7631.960737193249,362463.7803299408,362463.78032993944,1.3387762010097504e-09
2021-12-07,253876.59532220536,-17076.694877164795,31324.053323881704,22832.391790276874,34500.29438305099,0.0,0.06301159358131506,0.004580775934426389,4.223099863711274e-09,28157.84678128397,0.0,0.0,0.0,-5620.07227640437,347994.4820395035,347994.48203950346,5.820766091346741e-11
2021-12-14,249181.44673448938,10065.7639589387,32560.01038287509,23733.29230641093,35861.576779655465,0.0,0.04584849608716135,0.0028569123945662344,1.8484453243626988e-09,23320.096536891164,0.0,0.0,0.0,-6181.158799739324,368541.07660493173,368541.0766049311,6.402842700481415e-10
2021-12-21,133043.9091735305,8833.041636515123,17885.139029526217,13036.643033498402,19698.681879398166,0.0,0.017629131816607354,0.0009415770449825721,6.949355917036456e-10,14004.073984526456,0.0,0.0,0.0,-2538.3091669879063,203963.19814071653,203963.1981407165,2.9103830456733704e-11
2021-12-28,151029.7432380534,486.4767414630808,21533.75092374013,15696.149943347862,23717.2609291255,19266.68963353774,0.014857862631254553,0.0006801967275412349,4.109052065407066e-10,20735.370215087936,0.0,0.0,0.0,-3273.891274385964,249191.56588802946,249191.56588802952,-5.820766091346741e-11
2022-01-04,251969.4857511278,1539.6196839790944,37564.92210083105,27878.769746423513,42125.49312063372,58028.35862479563,0.018472889950903227,0.0007248805667656795,0.0,33731.0891495268,0.0,0.0,0.0,-2763.685579796392,450074.07179529173,450074.0717952893,2.444721758365631e-09
2022-01-11,250801.47759644626,-8409.680734471754,38844.44784674463,28828.368511973873,65617.71352806664,60004.90415453845,0.013371476240631078,0.00044974270252768814,0.0,34795.11528018935,0.0,0.0,0.0,-2910.5567638415705,467571.8032408648,467571.8032408648,0.0
2022-01-18,255242.91711884865,-22708.382858357774,38072.02576875853,28255.116231523905,64312.904901721566,58811.70627618863,0.009173908802037205,0.00026447943765352895,0.0,31022.71769922661,0.0,0.0,0.0,-2709.2314000828737,450299.78317621554,450299.78317621467,8.731149137020111e-10
2022-01-25,277987.7744702818,-2010.2565019684678,39242.71471971839,29123.94187745194,66290.48307499502,27096.948001101264,0.006619200010805489,0.00016356767070430797,0.0,29926.811418598387,0.0,0.0,0.0,-5994.055435457986,461664.36840748804,461664.368407488,5.820766091346741e-11
2022-02-01,281732.98718194186,-23158.135921615412,22166.930058416347,25241.743728672693,57454.01472334395,0.0,0.004015806222720777,8.505810112871327e-05,0.0,23177.449219105423,0.0,0.0,0.0,-3477.4443857662795,383137.5487049629,383137.5487049643,-1.3969838619232178e-09
2022-02-08,360189.5698028863,-23589.773036464914,28752.495364207272,32740.804325658537,74523.00736433339,0.0,0.0036462028034184284,6.619699352397732e-05,0.0,30116.597435373787,0.0,0.0,0.0,-3612.7937196359812,499119.91124875814,499119.911248759,-8.731149137020111e-10
2022-02-15,339429.32142162166,14009.963258353853,29196.617640665503,33246.531580493145,75674.11885083021,0.0,0.0025917660523527594,4.0331349038265e-05,0.0,29153.53849891895,0.0,0.0,0.0,-1750.9659451636044,518959.12793781713,518959.12793781713,0.0
2022-02-22,383315.9890065272,11876.2592374425,32351.189306827662,36838.67940435322,83850.38892863975,0.0,0.0020102568281503215,2.6813806608673536e-05,0.0,30119.52133263032,0.0,0.0,0.0,-6692.614502976435,571659.4147505149,571659.4147505158,-9.313225746154785e-10
2022-03-01,426811.85477040283,-7185.175017434681,43435.12782507871,40031.556287321306,91117.8581421669,0.0,0.0015291430318612213,1.7483109480524373e-05,0.0,27084.66998168079,0.0,0.0,0.0,-4721.206441898084,616574.6870939439,616574.6870939462,-2.2118911147117615e-09
2022-03-08,424394.41709779785,8210.019920967394,43903.47863175178,40463.20717954491,92100.36065798833,0.0,0.0010819420244224875,1.0603199825722687e-05,0.0,21710.606452005322,0.0,0.0,0.0,-4009.017089743751,626773.0739428571,626773.0739428583,-1.1641532182693481e-09
2022-03-15,404379.4799577708,56085.480350083155,49627.95062172061,45739.11021370894,104109.1114741807,69443.7721324008,0.0008561096985217114,7.191213688194459e-06,0.0,18900.825868684093,0.0,0.0,0.0,-4721.838012084014,743563.8934697659,743563.8934697687,-2.7939677238464355e-09
2022-03-22,444634.5123842112,2680.437320407644,52712.15858200299,48581.63999884203,110579.13786704988,101120.41722340282,0.0006365196691965974,4.583125829548493e-06,0.0,26069.170525391994,0.0,0.0,0.0,-8283.14390203779,778094.3306403735,778094.3306403735,0.0
2022-03-29,408857.8410915295,28402.979103841295,50744.79750172064,46768.44110277847,106452.0237821214,97346.32831073267,0.0004289340331711752,2.646837689335349e-06,0.0,31555.99656003543,0.0,0.0,0.0,-9515.626599407444,760612.7812849329,760612.7812849329,0.0
2022-04-05,400458.30700620054,2627.295315587114,50320.71421895507,44804.04874512482,101980.77058138169,93257.53726125121,0.00028764290300490914,1.5210902507569596e-06,0.0,32695.55765756237,0.0,0.0,0.0,-2116.8060135609976,724027.4250616658,724027.4250616658,0.0
2022-04-12,400078.09656300186,8522.300148633018,50420.83146297096,44893.190124589324,102183.66980194522,93443.08088397639,0.00020174984690299986,9.151216139426572e-07,0.0,30023.33070586487,0.0,0.0,0.0,-3407.1204747710435,726157.3794188756,726157.3794188756,0.0
2022-04-19,444006.75379465526,46748.86971616685,57922.1281133436,51572.11879226579,117385.91851081525,107344.9593198812,0.00016223632848480209,6.310807117689248e-07,0.0,24308.31348193489,0.0,0.0,0.0,-5421.026392245603,843868.0354996845,843868.0354996861,-1.6298145055770874e-09
2022-04-26,425003.4750854889,-17855.222492325564,50295.60746497071,44781.694447359834,101929.8888290471,93211.00783332759,9.861193368937752e-05,3.2807293561669394e-07,0.0,14846.253345478313,0.0,0.0,0.0,-5547.640526295128,706665.0640859918,706665.0640859905,1.280568540096283e-09
2022-05-03,423696.8287958886,-8591.55462524165,46847.118531509834,44756.75544816167,101873.12390652373,93159.09846995275,6.89903447676412e-05,1.971617430341095e-07,0.0,10421.491703768963,0.0,0.0,0.0,-3713.2576705559054,708449.6046291954,708449.6046291954,0.0
2022-05-10,426433.03731635376,-19020.42863916668,46417.989901379944,44346.77494655177,100939.94646723976,92305.7431822916,4.7851262264375554e-05,1.1658332873332354e-07,0.0,7245.230111436043,0.0,0.0,0.0,-1212.3518846180698,697455.9414494359,697455.941449436,-1.1641532182693481e-10
2022-05-17,433202.71267729724,-6714.538693769832,43463.435860536476,41524.0559232799,94515.01235546824,38634.02793764881,3.136380005778774e-05,6.607139711443851e-08,0.0,4756.669683186971,0.0,0.0,0.0,-6524.667964420749,642856.7078106569,642856.707810657,-1.1641532182693481e-10
2022-05-24,452314.0334399568,37767.63552663688,45430.40279576584,43403.25491895395,98792.35261872942,0.0,2.294769836113361e-05,4.152921689224474e-08,0.0,3484.370529596767,0.0,0.0,0.0,-8492.931250394977,672699.1186022339,672699.1186022325,1.3969838619232178e-09
2022-05-31,400435.32493578433,16514.947771368705,38885.79847313456,37150.67707948725,84560.54268083232,0.0,1.3749699155355167e-05,2.0708741649904492e-08,0.0,2089.380111445578,0.0,0.0,0.0,-8533.344725220968,571103.3263406022,571103.3263406022,0.0
2022-06-07,392807.03132845135,-3903.6557578633274,44681.570752214466,37274.510919471824,84842.407172533,23366.976843439897,9.656803766991526e-06,1.2836852452069567e-08,0.0,1468.2710257189242,0.0,0.0,0.0,-4687.826549530376,575849.2857441052,575849.2857441033,1.979060471057892e-09
2022-06-14,381130.6010165098,-7960.588109889878,50546.1416425767,42166.88618763516,95978.19096427898,117890.17148330549,7.646879703566012e-06,8.849796485052821e-09,0.0,1163.1500199621398,0.0,0.0,0.0,-9526.136988824846,671388.4162232094,671388.4162232117,-2.3283064365386963e-09
2022-06-21,400335.6222434931,31386.941618981604,58626.65568581463,48907.85799925599,111321.6592237466,161660.0323948009,6.208014721932495e-06,6.462267884605498e-09,0.0,944.6288753196607,0.0,0.0,0.0,-10075.129549646546,803108.2684979804,803108.2684979762,4.190951585769653e-09
2022-06-28,369667.29910048423,33011.45962774677,54231.30237457713,45241.14167222221,102975.65998913652,149540.06835507843,4.020631331361971e-06,3.6030011140008706e-09,0.0,611.7844165423912,0.0,0.0,0.0,-12603.974652038201,742674.7408877738,742674.7408877738,0.0
2022-07-05,382103.9498492162,-34942.25984241075,61862.16421473027,43546.54242097429,99118.49657848262,143938.7400397572,2.70827195346711e-06,2.3002512041581118e-09,0.0,412.26412434234646,0.0,0.0,0.0,-4450.569849508906,691589.3275382939,691589.3275382975,-3.6088749766349792e-09
2022-07-12,394880.3301608165,-41268.26597126889,54319.21347713364,38236.844183875495,87032.8227847082,58053.396363869695,1.6645811599823897e-06,1.0187847969970423e-09,0.0,253.4213666255642,0.0,0.0,0.0,-3893.034901326321,587614.7274660995,587614.7274660994,1.1641532182693481e-10
2022-07-19,432093.14318964916,-17980.73278711843,55291.12160658332,38920.99804634723,88590.06013368095,0.0,1.1859619871436496e-06,1.0290838685203286e-09,0.0,180.58101654500592,0.0,0.0,0.0,-4952.601435488053,592142.5697713861,592142.5697713862,-1.1641532182693481e-10
2022-07-26,402503.1985306494,-34427.71559183274,51164.72583604827,36016.310330547145,97649.02607834528,0.0,7.686850048998869e-07,0.0,0.0,116.97838299635558,0.0,0.0,0.0,-10014.788970496427,543007.734597026,543007.734597025,1.0477378964424133e-09
2022-08-02,393129.95412575884,8656.507037362513,47226.826835324595,37822.29035186421,102545.479617868,0.0,5.652858420978361e-07,0.0,0.0,85.9936570817484,0.0,0.0,0.0,-5635.1519859102,583831.8996399149,583831.899639916,-1.1641532182693481e-09
2022-08-09,388027.74258162914,5278.108867440329,48933.035618441776,39188.73244252128,106250.2383263675,32524.772972909264,4.0989697597942496e-07,0.0,0.0,62.37172613698294,0.0,0.0,0.0,-7386.241817811012,612878.760718045,612878.7607180473,-2.2118911147117615e-09
2022-08-16,383462.87228917517,4952.487438548947,50556.78555061606,40489.13616449175,109775.95086587158,57576.48682530025,2.9657853204244513e-07,0.0,0.0,45.10971016954267,0.0,0.0,0.0,-6104.834627449595,640753.9942170202,640753.9942170202,0.0
2022-08-23,417649.83592675836,-5246.17376613723,54281.74358173916,43472.322917497804,117864.09977305673,61818.647292346526,2.2269899235264904e-07,0.0,0.0,33.90371352683945,0.0,0.0,0.0,-5615.845777800987,684258.5336612099,684258.53366121,-1.1641532182693481e-10
2022-08-30,410047.6994111351,-45194.92219205088,49950.59558144236,40003.660121343164,108459.70657647199,56886.128678641275,1.4336574018602971e-07,0.0,0.0,21.83914297232432,0.0,0.0,0.0,-6621.8284037156045,613552.8789163831,613552.8789163842,-1.0477378964424133e-09
2022-09-06,388112.23247211555,32070.802727822334,61910.945045689354,46800.29007066775,126887.03267054856,118530.70854677533,1.1800269314560463e-07,0.0,0.0,17.88483045937948,0.0,0.0,0.0,-5054.097616676046,769275.7987475203,769275.7987475188,1.5133991837501526e-09
2022-09-13,386555.43060021655,12869.712163057964,63886.63953626964,48293.77519162558,130936.23610603603,159630.24310048885,8.453681240537322e-08,0.0,0.0,12.918947842367963,0.0,0.0,0.0,-5163.095307549908,797021.8603380715,797021.8603380688,2.6775524020195007e-09
2022-09-20,409010.7678275894,33738.11065334463,71636.89348949275,54152.41832596159,146820.4505343883,178995.40194471247,6.60976367404916e-08,0.0,0.0,10.140352469773317,25843.66685363487,0.0,700.7047795177779,-5916.066008658201,914992.4887525196,914992.4887525178,1.7462298274040222e-09
2022-09-27,387609.1263070263,21439.56301458593,67194.39174406709,50794.2016136834,137715.50368379857,167895.152522546,4.314032966275295e-08,0.0,0.0,6.6580674378634885,26578.931692079674,0.0,3417.3379278742736,-8533.975227066698,854116.8913460756,854116.8913460756,0.0
2022-10-04,407747.33181558177,-8797.582096459744,74861.44978964813,49743.02740160169,134865.51330148586,130377.55013697232,3.035414618091475e-08,0.0,0.0,4.564202200535393,30711.699005372015,0.0,4647.195765353638,-5984.882040628692,818175.8672811579,818175.8672811579,0.0
2022-10-11,401411.48572422704,39326.39794831762,75335.07792080306,50057.73807274782,135718.77090205165,104192.84650120341,2.124051092199298e-08,0.0,0.0,3.2151580314553576,31413.149261346065,0.0,4191.484822574884,-5302.1972097829475,836347.9691015413,836347.9691015413,0.0
2022-10-18,407465.6514572119,3852.680627353916,73463.00376910386,48813.804965822106,132346.16401136512,101603.65777119494,1.426821910111296e-08,0.0,0.0,2.194684438788753,34783.15940088982,0.0,5244.945624568603,-4128.255393571933,803447.0069183913,803447.0069183914,-1.1641532182693481e-10
2022-10-25,423449.9453896737,23558.02001881747,77748.31601714685,51661.25722833888,140066.3035172578,107530.49681607459,1.0928168328162224e-08,0.0,0.0,1.625895503051704,35020.76638302534,0.0,6123.783498686649,-9893.91684252576,855266.5979220095,855266.597922011,-1.5133991837501526e-09
2022-11-01,449900.7326703659,-34868.052341493276,69720.24242918864,46698.83483284949,126611.96270717443,43448.64800590139,6.216343436450509e-09,0.0,0.0,1.028802191902329,24820.389074927578,1363.5279339727076,6516.483958915896,-2384.7418972929645,731829.0561767078,731829.0561767066,1.280568540096283e-09
2022-11-08,455766.84824984707,-27134.129137920332,66988.63756527349,44869.19741444634,121651.36817808867,0.0,4.7230473023237585e-09,0.0,0.0,0.6919461118530745,18324.535838152675,9596.478123751178,6016.483271667343,-1973.9919332613251,694106.1195161619,694106.119516163,-1.1641532182693481e-09
2022-11-15,450475.8433670716,-8097.14164554216,68223.88741749873,45696.57160042908,123894.5819532392,0.0,3.556737042316325e-09,0.0,0.0,0.4932938459380974,13117.903882874962,18634.858262459577,4392.145233938114,-1131.0582124551331,715208.0851533635,715208.0851533621,1.3969838619232178e-09
2022-11-22,498651.2600380753,-45973.00293920813,71210.15938521137,47696.785835596405,129317.65195179144,0.0,2.49865511702617e-09,0.0,0.0,0.36042033023792297,9612.318261076916,16718.74617393593,4613.6373374034265,-1287.6369812834614,730560.279482932,730560.279482932,0.0
2022-11-29,359387.9816596942,-29374.434486603845,50766.97790222694,34003.87941030007,92192.83365861796,0.0,9.108721628874723e-10,0.0,0.0,0.17986501851082307,4806.715051134681,9617.825050211854,3293.757882066847,-5164.554920960383,519531.1610717079,519531.16107170866,-7.566995918750763e-10
2022-12-06,316310.15712571045,13524.057291772226,49534.46760456962,32399.29325054945,87842.40813417028,0.0,8.860055986548116e-10,0.0,0.0,0.11996424929299401,3210.49378531994,6639.990116292733,2448.505270312071,-3001.0750023605733,508908.41754058644,508908.4175405872,-7.566995918750763e-10
2022-12-13,320900.4915261121,-4351.913693970867,48047.02111988946,31426.39059948296,85204.6310972176,0.0,7.865054993837654e-10,0.0,0.0,0.08145333380125205,2182.035735535439,4517.751169035769,2162.138632954793,-3523.0769117932173,486565.55072779866,486565.5507277978,8.731149137020111e-10
2022-12-20,174019.34578203928,-7055.284908255647,25458.326907081442,16651.6738549703,45146.760442392915,0.0,0.0,0.0,0.0,0.03021136216580842,809.890843928645,1678.0798219521942,1270.931145277374,-2230.1199241510935,255749.63417659755,255749.63417659758,-2.9103830456733704e-11
2022-12-27,196023.24265118944,-7805.224555781899,29873.813676766018,19539.736604265643,42114.31231135038,23984.610368417816,0.0,0.0,0.0,0.02481585024492739,665.5759475157308,1379.7863964264277,1400.7974665471081,-2467.6366953369247,304709.03898721,304709.03898720996,5.820766091346741e-11
2023-01-03,332560.00591779937,-5505.4566999893195,28148.784000773972,34098.74898120658,73451.88070723847,70974.95522707513,0.0,0.0,0.0,0.030314258214677408,3071.7088218913304,1686.7006195708896,2706.205019593677,-5643.115820891288,535550.4470885269,535550.447088527,-1.1641532182693481e-10
2023-01-10,339227.15244399616,-34321.49246456237,27366.767451380616,33151.433245785105,71411.27439559276,69003.16171803746,0.0,0.0,0.0,0.02063045773469236,7581.434867823266,1148.4598228998764,1894.5043152781752,-6023.936515717489,510438.77991097135,510438.7799109703,1.0477378964424133e-09
2023-01-17,333320.99973093416,-13706.173952737341,28147.552989166143,34097.25776383079,73448.66848614332,70971.85132767579,0.0,0.0,0.0,0.014853337619155466,11017.926688332325,827.1459370367331,780.3181858079777,-4601.179284084598,534304.3827254429,534304.3827254429,0.0
2023-01-24,365658.5787570345,-2688.521289386287,28652.684381088315,34709.161586575254,74766.76630308364,32293.442646972417,0.0,0.0,0.0,0.010583924963271827,10110.841479185658,589.5364571358457,317.8747574963986,-7324.323067196077,537086.0525959146,537086.0525959147,-1.1641532182693481e-10
2023-01-31,359404.25123302685,-10174.78661416862,25865.122922823317,31332.37776413911,67492.85949094764,0.0,0.0,0.0,0.0,0.00668796579803438,6407.866608583664,372.5907031242958,1678.6039737672386,-7093.2183660555065,475285.6744041538,475285.6744041538,0.0
2023-02-07,356744.16790056444,-3685.584131410639,52736.64351351849,33452.93214957469,72060.73111104942,0.0,0.0,0.0,0.0,0.004998421982364269,4798.9730660692185,278.49842643687276,3629.963112713624,-5115.026456705016,514901.30369023315,514901.303690233,1.7462298274040222e-10
2023-02-14,446801.1806685601,-26434.285646344222,63822.83543867755,40485.34076644982,87209.19415571877,0.0,0.0,0.0,0.0,0.004234425876076604,4071.3413113844776,235.95038777487136,4864.560771447415,-4612.627198277094,616443.4948898175,616443.4948898175,0.0
2023-02-21,509870.06465639133,-64837.11826334575,68674.08422485118,43562.679134465936,93838.06757356497,0.0,0.0,0.0,0.0,0.0031894030289430293,3069.670775557197,177.73007676855622,5337.457714949492,-7134.92271652116,652557.7163660846,652557.7163660859,-1.280568540096283e-09
2023-02-28,531174.4026678181,21125.317954244434,80448.53607556937,51031.67815711983,109926.98700919628,0.0,0.0,0.0,0.0,0.002615367463486758,2518.9689985370305,2892.472411812329,5653.030162234955,-14405.030212149288,790366.3658397504,790366.365839749,1.3969838619232178e-09
2023-03-07,541053.8953089454,23265.262352526264,86461.72060574839,53250.630651632295,114706.81731944598,0.0,0.0,0.0,0.0,0.0019103618851898675,1840.8619078026525,13424.938910757399,4576.372614517139,-7816.750975044485,830763.7506066931,830763.750606693,1.1641532182693481e-10
2023-03-14,543462.2610930214,12289.404697255339,85434.11605924621,52617.74259691534,113343.51751270733,0.0,0.0,0.0,0.0,0.0013213598228301218,1273.73047318884,11055.361352657588,4575.0808340422045,-6798.953320023081,817252.2626203707,817252.262620371,-2.3283064365386963e-10
2023-03-21,584323.164055799,-22658.662954874733,95982.55812478863,59114.388609126785,127337.89801473432,72561.65252747691,0.0,0.0,0.0,0.0010391540610720968,1001.9410304708003,12452.993857093328,5773.431680478413,-10814.314558948518,925075.0514252989,925075.051425299,-1.1641532182693481e-10
2023-03-28,538140.5743014193,-96482.21502552388,85799.73986359521,52842.925464273954,113828.58237885998,109990.0841219013,0.0,0.0,0.0,0.0006502373723839693,627.0580854261059,9322.590532783719,7194.4011831220005,-14592.762888530693,806670.9786675642,806670.9786675643,-1.1641532182693481e-10
2023-04-04,513731.9082653171,32793.53200166551,87916.41635995093,57956.8066444554,124844.35866451483,120634.38922529381,0.0,0.0,0.0,0.0004992143738834702,481.4765655522418,7170.090266665746,4551.006929451912,-12654.857452470784,937425.1279696112,937425.1279696128,-1.6298145055770874e-09
2023-04-11,527690.7551791283,56423.20623466869,92596.31467015925,61041.918307446314,131489.97648361488,127055.90522495685,0.0,0.0,0.0,0.0003680523380513829,355.0039151343673,5292.822457423587,3408.2770344813666,-9196.957132553925,996157.222742512,996157.2227425121,-1.1641532182693481e-10
2023-04-18,550921.7067643626,40667.99580778439,81874.64029158285,53973.90945777088,29470.911235361997,92224.03112889982,0.0,0.0,0.0,0.000227804634019247,219.7415799059984,3278.8372450411352,1957.4712508314951,-10918.10637851047,843671.1386108353,843671.1386108354,-1.1641532182693481e-10
2023-04-25,608345.0363043102,-4028.6355439409995,83502.0905608029,55046.76734349823,30056.71463252314,78277.77460729812,0.0,0.0,0.0,0.0001626332774404507,156.88303291782293,10249.682699916664,799.1344123669547,-18284.63222669246,844120.8159856336,844120.8159856339,-2.3283064365386963e-10
2023-05-02,562088.9790336327,-21731.981341055212,77863.54381952216,50928.65456583575,27808.13680395848,72421.72311919245,0.0,0.0,0.0,0.00010532638686496002,101.60540828776688,20167.818402113608,1266.328011833063,-10660.215399758017,780254.592528889,780254.5925288877,1.280568540096283e-09
2023-05-09,556774.7629002051,-5303.709033207521,79608.74493755975,43907.51831751324,28431.416827704834,74044.95352918745,0.0,0.0,0.0,7.538042495383658e-05,72.71938115535154,33515.508339731416,4814.455502313104,-10509.305180223477,805357.0655973197,805357.0655973225,-2.7939677238464355e-09
2023-05-16,534497.7775695868,62606.33457689095,90762.27609796434,50059.15246417042,32414.781893577598,150354.26474319957,0.0,0.0,0.0,6.015971690543582e-05,58.0361913772863,45288.52472504451,7750.908028337706,-17332.27618404762,956459.7801662614,956459.7801662596,1.7462298274040222e-09
2023-05-23,582348.7628397811,30472.80386899793,99705.48834140017,54991.704229734154,35608.75505910349,215561.46227592477,0.0,0.0,0.0,4.6261374801598235e-05,44.62876744250007,37746.960188594916,5752.803736633729,-17545.133890180965,1044688.2354636932,1044688.2354636971,-3.958120942115784e-09
2023-05-30,483180.3678911169,40181.34437256716,82901.0308682548,45723.3502957948,29607.221743169845,179230.5291856477,0.0,0.0,0.0,2.6925534455129913e-05,25.975073321107974,22099.37353188392,5432.181775989114,-20168.269680987283,868213.1050836837,868213.1050836836,1.1641532182693481e-10
2023-06-06,502894.9610574488,-39044.505008064094,85865.32446019884,43646.83681651673,28262.617845250203,171090.82360098584,0.0,0.0,0.0,1.7991975738979344e-05,17.35687918052394,14828.154696236514,7012.0449305858,-12572.141597734915,802001.4736985961,802001.4736985978,-1.6298145055770874e-09
2023-06-13,489837.6797156358,31214.721788231724,87273.8119243251,44362.79547493165,28726.22225353406,147087.20511371555,0.0,0.0,0.0,1.2800316890821517e-05,12.349155870313867,10580.564115892192,8491.997017488495,-10701.176140613234,836886.1704318118,836886.1704318133,-1.5133991837501526e-09
2023-06-20,529293.7764259772,82641.60383754286,93836.95575802976,47698.95555717556,30886.484585290364,117740.39111024565,0.0,0.0,0.0,9.633707236310913e-06,9.294505746668303,7979.53962290852,6697.773068427567,-14683.458938011823,902101.315542966,902101.315542966,0.0
2023-06-27,495964.89987682895,45600.737040103224,83636.46950614172,42513.87110446718,27528.989035308372,104941.49720847548,0.0,0.0,0.0,6.010347832320512e-06,4804.64262732858,4985.568855913339,5787.042113477001,-23664.863254714102,792098.8541193402,792098.8541193415,-1.280568540096283e-09
2023-07-04,492435.3011044176,24287.346184587142,96019.87324962355,42864.710994175635,27756.16824120099,105807.51251947814,0.0,0.0,0.0,4.242308751065282e-06,7026.6810130879885,3522.200905113306,7464.730456183063,-2824.651666355198,804359.8730057544,804359.873005756,-1.5133991837501526e-09
2023-07-11,507203.2024732169,-39484.234660077746,90943.94578199828,40598.74087191233,26288.885563111267,100214.17813043455,0.0,0.0,0.0,2.8128844115855713e-06,7832.285093884898,2336.8314907102763,8206.668518125776,-4483.705317938379,739656.7979481911,739656.7979481923,-1.280568540096283e-09
2023-07-18,503176.73502462084,-18358.038286304632,92122.78488615851,41124.992321725236,26629.648942576667,101513.18039997121,0.0,0.0,0.0,1.9949861476246053e-06,6683.620130773383,1657.7939136858158,7780.690616153153,-7091.461836084325,755239.946115271,755239.9461152708,1.1641532182693481e-10
2023-07-25,551115.8714357888,1022.0959627433884,93442.81410226999,41714.273154302326,27011.225711694482,46026.16881803111,0.0,0.0,0.0,1.415542063821003e-06,4752.127211466569,1177.4859657468605,5562.472527477302,-14145.978091474784,757678.5567994614,757678.556799463,-1.6298145055770874e-09
2023-08-01,516513.72791343817,-10081.439529121099,79263.16597820693,36032.757588746994,23332.276332472447,0.0,0.0,0.0,0.0,8.564383716245514e-07,2876.1972573927615,712.148271350889,2701.842861364485,-6713.561156499161,644637.1155182088,644637.1155182099,-1.0477378964424133e-09
2023-08-08,514653.2434805413,-27187.316372828696,81595.04781210475,37092.822901676176,24018.699977701697,36508.40557369488,0.0,0.0,0.0,6.165470256216579e-07,2073.9725303981513,513.2554070797021,1778.322437172144,-5045.505773316228,666000.9479748404,666000.9479748427,-2.3283064365386963e-09
2023-08-15,506070.01465689327,-1650.0870458467464,86709.67107143617,39417.912718450876,25524.26440665752,66473.7527261042,0.0,0.0,0.0,4.590481614325267e-07,1543.5139223670158,381.8441937753435,2773.951421253294,-7493.147748033635,719751.6903235164,719751.6903235151,1.280568540096283e-09
2023-08-22,558284.7306286261,-50857.87454287956,90039.37758009402,40931.58563306962,26504.412390998612,69026.387102086,0.0,0.0,0.0,3.336652767287483e-07,1122.3223136819825,277.57784138473136,3912.473514710005,-5325.503920721352,733915.4885413835,733915.4885413838,-2.3283064365386963e-10
2023-08-29,512469.57019577664,43224.375590934476,93430.53831868361,42473.19542533648,27502.650329947042,71626.13379246111,0.0,0.0,0.0,2.4205771114200544e-07,815.4040358102495,201.63417093188238,4091.7509559677655,-7783.131320524418,788052.1214955669,788052.1214955711,-4.190951585769653e-09
2023-09-05,534394.8809967386,-27472.942555644055,89322.63909454101,41629.220325573806,26956.151489360363,89004.76596359901,0.0,0.0,0.0,1.6637281314291027e-07,3329.7923525148053,138.3448409120393,3866.6331305291114,-4423.044378343035,756746.4412599478,756746.4412599506,-2.7939677238464355e-09
2023-09-12,525733.0636324212,-8268.666940747898,93544.24910546301,43596.7207829586,28230.166231165895,107614.40992050228,0.0,0.0,0.0,1.2214303672601315e-07,17450.53286010082,101.42120655068824,2777.8142381640832,-5210.363168088222,805569.3478686125,805569.3478686126,-1.1641532182693481e-10
2023-09-19,566838.4967852314,-10305.174486533257,102858.00561204313,47937.43916747463,31040.90977693881,118329.06549990474,0.0,0.0,0.0,9.356511828298973e-08,39751.98790921741,78.06500126723635,2079.8571732661944,-8642.579981659665,889966.0724572442,889966.0724572442,0.0
2023-09-26,544720.8292325551,-65118.127143688296,92175.510731034,42958.81406709382,27817.102764340183,106039.79711524404,0.0,0.0,0.0,5.9528697304322834e-08,36220.05421816924,48.97087355525544,2304.58811407975,-10031.754502022692,777135.7854704201,777135.7854704227,-2.561137080192566e-09
2023-10-03,541106.0210300556,23108.192013598073,105743.7173070484,48070.72345943729,31127.215298329767,118658.06525432755,0.0,0.0,0.0,4.5472315902185125e-08,41856.34264900161,38.35910419355579,4097.759425741514,-6555.479296152376,907250.9162456264,907250.9162456279,-1.5133991837501526e-09
2023-10-10,540482.8223294877,35680.23950645753,105971.08591764553,48174.084433325064,31194.144586181417,118913.20210898032,0.0,0.0,0.0,3.1881307447306606e-08,32643.04065082236,26.90929012895605,3336.24177870905,-6171.750016627995,910250.0205851417,910250.0205851434,-1.6298145055770874e-09
2023-10-17,547462.8356861257,1750.1044760633158,102857.43294727246,46758.62870035847,30277.595132073788,115419.28259539773,0.0,0.0,0.0,2.2118517480779735e-08,26197.036496502857,18.283133531421413,5867.875828847772,-4368.576823104889,872240.4981730906,872240.4981730891,1.5133991837501526e-09
2023-10-24,567815.3399665776,20329.861449403987,109284.52851719345,49680.36383183623,32169.505050153897,122631.3113092839,0.0,0.0,0.0,1.558238033650484e-08,22509.14024534363,13.597939678044497,13359.73651543073,-3808.578023681005,933984.8068012362,933984.806801236,2.3283064365386963e-10
2023-10-31,586201.5860211978,-7457.628120274525,98137.50384764872,44612.96546594299,28888.21472235886,49224.49139681832,0.0,0.0,0.0,9.870178283979812e-09,14363.793309890418,8.547684444145377,10135.855935271666,-12863.20532953039,811252.124933778,811252.1249337794,-1.3969838619232178e-09
2023-11-07,601699.6154665087,-26987.964784931686,90166.21470353306,41498.48180774701,25601.98632591447,0.0,0.0,0.0,0.0,6.590391914352976e-09,9378.419457311888,5.565681395343067,7915.824128959968,-8827.145356837522,740450.9974296078,740450.9974296091,-1.280568540096283e-09
2023-11-14,597587.8588169316,1024.3045488782207,92279.57645772999,42471.1444020246,26202.058746727096,0.0,0.0,0.0,0.0,5.2822171289380596e-09,6731.689003576048,3.987297399579312,4830.980975450895,-8111.382135453013,763020.2181132702,763020.2181132704,-1.1641532182693481e-10
2023-11-21,649737.3850966108,-9117.171359344273,98545.9121705039,45355.18937865751,27981.33540550094,0.0,0.0,0.0,0.0,4.264348344383179e-09,5038.9452738516065,2.980643504268677,2067.6008136350815,-7760.7946422708355,811851.3827806532,811851.3827806546,-1.3969838619232178e-09
2023-11-28,496481.06911990716,-34195.255114015,70996.09148787579,32675.542837391356,20158.780863124302,0.0,0.0,0.0,0.0,2.097445800185571e-09,2543.5649993336883,1.5031563095505347,596.2906580316799,-10755.31568934422,578502.2723186165,578502.2723186174,-9.313225746154785e-10
2023-12-05,422595.34008277673,-3620.5343912489884,61485.590433898506,29401.889898477235,18139.140285279886,0.0,0.0,0.0,0.0,9.218800392674509e-10,1603.171283515855,0.9467924559812044,1421.1699944612647,-4656.480271078766,526370.2341085386,526370.2341085395,-9.313225746154785e-10
2023-12-12,422679.549288504,-5641.9631953942235,61461.50570043322,29390.372782408514,18132.034939848843,0.0,0.0,0.0,0.0,9.220637393192956e-10,1122.2987433583417,576.3389748578911,2609.0252470751448,-4269.940797584333,526059.2216835084,526059.2216835093,-9.313225746154785e-10
2023-12-19,228115.2440440311,-8867.89393616925,32695.500884515182,15634.712302479355,9645.646615027668,0.0,0.0,0.0,0.0,5.203422874796934e-10,418.053437930336,1542.6254704474175,2115.524901718221,-2357.493650901262,278941.9200690793,278941.9200690798,-4.656612873077393e-10
2023-12-26,254714.55000151327,-5279.8275474286465,40263.44361138835,19253.638578428665,11878.299401232725,28027.005637144764,0.0,0.0,0.0,0.0,360.4550443121668,2273.935111648822,2414.223487163121,-4560.585630476729,349345.1376949266,349345.1376949271,-5.238689482212067e-10
2024-01-02,439113.0823367665,-21694.789812580893,80202.42056837972,34178.745071934914,0.0,84367.02157143176,0.0,0.0,0.0,0.0,447.98275136587114,4313.950643220438,3131.940437082245,-4996.794805652864,619063.5587619477,619063.5587619488,-1.1641532182693481e-09
2024-01-09,438663.96590727335,-17400.292098852435,80307.21523787435,34223.403952155415,0.0,84477.25782214795,0.0,0.0,0.0,0.0,314.0325159998511,3026.9515989906686,2491.6203519728933,-5597.0684660440775,620507.086821518,620507.086821518,0.0
2024-01-16,433197.1403704358,8201.447617409687,82479.16104087836,35148.991750938076,0.0,86761.98435677652,0.0,0.0,0.0,0.0,225.7855088059363,2177.80457524502,1574.9216406762632,-4435.841698664463,645331.395162501,645331.3951625013,-2.3283064365386963e-10
2024-01-23,467112.6524586835,916.5851421363459,92923.12293031275,39599.749077590575,0.0,131213.57228486033,0.0,0.0,0.0,0.0,178.07267561170377,1718.401176079036,1173.9656428742164,-4420.816278476284,730415.3051096721,730415.3051096748,-2.6775524020195007e-09
2024-01-30,447618.5347231583,-9917.421445300954,91245.08602466402,38884.64353323154,0.0,152423.547106025,0.0,0.0,0.0,0.0,122.40454512539557,1181.5931108254977,461.33793460981366,-5981.708490170021,716038.0170421686,716038.0170421698,-1.1641532182693481e-09
2024-02-06,456821.7153388613,-12476.018198788497,79353.56228350129,38706.845941681684,0.0,151726.60000535866,0.0,0.0,0.0,0.0,85.29367340664055,823.5451738126857,183.72830595230587,-6771.901712773753,708453.3708110122,708453.3708110136,-1.3969838619232178e-09
2024-02-13,590651.7296794027,-32711.908523107573,100714.00776583962,49125.98087070636,0.0,192568.46865463597,0.0,0.0,0.0,0.0,75.77857089462152,731.7911703372829,93.28126236029128,-8306.406249883368,892942.7232011858,892942.7232011858,0.0
2024-02-20,612174.5977126728,-14509.48508520252,106754.90139926145,52072.59010273525,0.0,204118.85436660406,0.0,0.0,0.0,0.0,56.22740839553953,543.0476349564625,39.55180540443513,-6673.727913152563,954576.5574316748,954576.5574316767,-1.862645149230957e-09
2024-02-27,658910.1892997546,6363.723381218122,118639.49400559514,57869.62153844502,0.0,226842.58316614578,0.0,0.0,0.0,0.0,15991.282834630263,422.48935732132816,3382.196470663647,-16146.708881611374,1072274.8711721622,1072274.8711721625,-2.3283064365386963e-10
2024-03-05,687994.0457101946,7618.737840796385,126135.88322116315,61941.51899349754,0.0,242803.97556056717,0.0,0.0,0.0,0.0,31343.715396093627,316.5715368558191,15391.9824585401,-16331.505712586853,1157214.9250051214,1157214.9250051233,-1.862645149230957e-09
2024-03-12,680632.8439394248,15810.048208712233,128227.35811134084,62968.579083982164,0.0,246829.93871357664,0.0,0.0,0.0,0.0,41461.04600595684,225.28420112163346,14592.986350681054,-1622.1647243769792,1189125.9198904193,1189125.9198904214,-2.0954757928848267e-09
2024-03-19,746277.7349597699,77057.89410263232,128152.29022683429,62931.71551530269,0.0,113452.2967440097,0.0,0.0,0.0,0.0,40539.49849915254,157.61139272671588,10579.376143085981,-4982.421330877601,1174165.9962526364,1174165.9962526388,-2.3283064365386963e-09
2024-03-26,719704.310705442,10573.53762536389,103292.2485492016,50723.700599719414,0.0,0.0,0.0,0.0,0.0,0.0,22999.441959859192,88.92752667248884,8335.1654522238,-4639.74356487182,911077.5888536107,911077.5888536106,1.1641532182693481e-10
2024-04-02,730929.5923651446,64736.45458708996,108418.77576903791,0.0,0.0,0.0,0.0,0.0,0.0,0.0,16412.22472951236,63.213594855535106,6697.703530656329,-3181.478035345577,924076.4865409511,924076.4865409544,-3.3760443329811096e-09
2024-04-09,735426.8709909519,34488.51702371715,104284.84003006566,0.0,0.0,0.0,0.0,0.0,0.0,0.0,11080.5445871589,42.56275394701306,3238.693878753463,-5155.406375010475,883406.6228895836,883406.6228895852,-1.6298145055770874e-09
2024-04-16,704509.8960152983,101092.30149890657,107170.46323316598,0.0,0.0,0.0,0.0,0.0,0.0,0.0,7986.177591565635,30.618566016397377,1332.8003735270652,-7679.639102336165,914442.618176144,914442.6181761455,-1.5133991837501526e-09
2024-04-23,766799.9677678443,70966.41391125182,111737.06006709802,0.0,0.0,0.0,0.0,0.0,0.0,0.0,5836.299509768439,22.34638260733511,556.0832241675325,-7003.499558191961,948914.6713045456,948914.6713045437,1.862645149230957e-09
2024-04-30,737944.0473909024,24280.0649548659,101980.61868625878,0.0,0.0,0.0,0.0,0.0,0.0,0.0,3732.1670203259564,14.276679821416316,203.04730072562074,-7213.650829177313,860940.5712037229,860940.5712037258,-2.9103830456733704e-09
2024-05-07,738916.704523512,18548.87703101765,101010.04348177378,0.0,0.0,0.0,0.0,0.0,0.0,0.0,2589.3433490063107,9.898588236045931,80.45164751291259,-9531.03034195914,851624.2882790997,851624.2882791057,-5.9371814131736755e-09
2024-05-14,734614.8491197586,-1438.4354844709183,106619.49979821095,0.0,0.0,73735.52009307487,0.0,0.0,0.0,0.0,1914.0722737422655,7.313817843960667,33.968732514174164,-11304.691424611074,904182.0969260628,904182.0969260643,-1.5133991837501526e-09
2024-05-21,792639.0219341335,-13602.059178287833,121749.52934138791,0.0,0.0,142777.61298817213,0.0,0.0,0.0,0.0,1530.4742885391588,5.846195855266455,3710.1943478215976,-12203.07350314709,1036607.5464144745,1036607.5464144766,-2.0954757928848267e-09
2024-05-28,655084.7805264735,41500.563796086826,108346.563511068,0.0,0.0,127059.74139912117,0.0,0.0,0.0,0.0,6757.860550599862,3.641829609280902,5437.953592153322,-5183.191687187535,939007.9135179244,939007.9135179261,-1.7462298274040222e-09
2024-06-04,666762.163548073,-48684.41890290877,99817.09352291028,0.0,0.0,117057.09603735874,0.0,0.0,0.0,0.0,8378.664820072443,2.348592671979242,7681.817287373966,-7129.331995345446,843885.4329102063,843885.4329102078,-1.5133991837501526e-09
2024-06-11,669750.0478935435,-44732.32625773196,92670.06601766856,0.0,0.0,48577.57592837755,0.0,0.0,0.0,0.0,8886.100891556567,1.5263020093075284,8685.860830786965,-3871.836904336618,779967.014701874,779967.0147018753,-1.280568540096283e-09
2024-06-18,728277.8777529106,-37541.898460542456,95119.9142752881,0.0,0.0,0.0,0.0,0.0,0.0,0.0,7626.881278808709,1.0966565104956738,8462.069924707574,-4378.515690726726,797567.4257369563,797567.4257369605,-4.190951585769653e-09
2024-06-25,664562.8549168884,46578.53185457787,95511.21889677699,0.0,0.0,0.0,0.0,0.0,0.0,0.0,5368.469743415437,0.7708177154853035,3409.5876842433217,-5276.946761329473,810154.4871522881,810154.4871522895,-1.3969838619232178e-09
2024-07-02,670727.281813871,-12128.875652230752,89065.76019554539,0.0,0.0,0.0,0.0,0.0,0.0,0.0,3507.8490884729495,0.5031600852140504,1273.4197708873119,-3907.124188394527,748538.8141882366,748538.8141882379,-1.280568540096283e-09
2024-07-09,671699.0563049106,-7086.284522556122,87936.27892099235,0.0,0.0,0.0,0.0,0.0,0.0,0.0,2426.0598210168478,0.34774554134201463,503.16484168171166,-17501.560556895172,737977.0625546916,737977.0625546916,0.0
2024-07-16,674506.0256013811,-45292.10340028396,84298.08673868964,0.0,0.0,0.0,0.0,0.0,0.0,0.0,1628.7817809910723,0.23335078949160934,192.97830341674833,-10833.346913456324,704500.6554615279,704500.6554615328,-4.889443516731262e-09
2024-07-23,723041.4747950077,31218.24880286999,100419.00753732595,0.0,0.0,0.0,0.0,0.0,0.0,0.0,1358.6537049147448,0.1945832907448322,91.96066700186701,-8032.024524774757,848097.5155656363,848097.5155656377,-1.3969838619232178e-09
2024-07-30,671063.7223889071,-11509.913875918888,88644.27869106477,0.0,0.0,0.0,0.0,0.0,0.0,0.0,839.7429231829842,0.1202370693276408,32.472151307341655,-4447.388741375053,744623.0337742377,744623.0337742389,-1.1641532182693481e-09
2024-08-06,673344.4741830523,-28746.56812795484,85698.16147680844,0.0,0.0,0.0,0.0,0.0,0.0,0.0,568.3796453554709,0.08136867224290288,12.557336051496122,-13440.166278009998,717436.9196039751,717436.9196039764,-1.280568540096283e-09
2024-08-13,670318.9882857756,-1673.37524410622,89458.42996788172,0.0,0.0,0.0,0.0,0.0,0.0,0.0,415.3724201452401,0.059457280949157525,5.243358381853121,-6227.826693294161,752296.8915520651,752296.8915520663,-1.1641532182693481e-09
2024-08-20,723470.4618589984,-67456.00374461038,116378.10912505447,0.0,0.0,216731.2122351167,0.0,0.0,0.0,0.0,378.2872084818837,0.054144345314151125,2.72847805893349,-7206.151466245459,982298.6978392,982298.697839198,1.979060471057892e-09
2024-08-27,657283.0280825438,57880.013161938215,119712.25383177478,0.0,0.0,222940.39736011863,0.0,0.0,0.0,0.0,272.40317277322777,0.03898687831686317,1.1226596939364477,-9170.101455637538,1048919.1558000834,1048919.1558000853,-1.862645149230957e-09
2024-09-03,694014.8118445326,-35576.69776833423,116026.90202827193,0.0,0.0,216077.15847532018,0.0,0.0,0.0,0.0,184.81954613953846,0.026450664489547717,0.4352395541757823,0.0,990727.4558161488,990727.4558161504,-1.6298145055770874e-09
2024-09-10,688206.7515539672,-10238.77216479373,117960.4657514343,0.0,0.0,219678.03851028322,0.0,0.0,0.0,0.0,131.53340041441524,0.01882402187935411,0.17699711418699976,0.0,1015738.2128724416,1015738.2128724434,-1.7462298274040222e-09
2024-09-17,688502.3525119447,-11481.521799035547,117864.60619322266,0.0,0.0,219499.51904118617,0.0,0.0,0.0,0.0,92.00038545663992,0.01316610662554039,0.07074131543134006,0.0,1014477.0402401967,1014477.0402401985,-1.7462298274040222e-09
2024-09-24,771295.7421965036,-73307.96989384507,106958.76093184971,0.0,0.0,91608.61265239977,0.0,0.0,0.0,0.0,58.44221673656743,0.008363505685402783,0.02567828883734429,0.0,896613.6221454393,896613.6221454438,-4.540197551250458e-09
2024-10-01,737585.7601275593,23339.158544931932,102193.59176961773,0.0,0.0,0.0,0.0,0.0,0.0,0.0,39.08735190277156,0.005593629648359821,0.009813714152330988,0.0,863157.6132013556,863157.6132013571,-1.5133991837501526e-09
2024-10-08,736308.1661917282,36446.28254321238,103576.8561240823,0.0,0.0,0.0,0.0,0.0,0.0,0.0,27.731688265321345,0.0039685408097281626,0.0039786203683561125,0.0,876359.0444944495,876359.0444944509,-1.3969838619232178e-09
2024-10-15,739779.4857913891,1776.872906036109,99925.86911406554,0.0,0.0,0.0,0.0,0.0,0.0,0.0,18.7280099261705,0.0026800576362224562,0.0015353504551787495,0.0,841500.960036825,841500.9600368266,-1.5133991837501526e-09
2024-10-22,771356.140421793,20691.005937430655,106427.95877432787,0.0,0.0,0.0,0.0,0.0,0.0,0.0,13.962684329532717,0.001998111777829917,0.0006541024084584218,0.0,898489.0704700951,898489.0704700968,-1.6298145055770874e-09
2024-10-29,767674.1283887067,-7723.851600156505,102554.21919386413,0.0,0.0,0.0,0.0,0.0,0.0,0.0,9.418153715471185,0.0013477696610025938,0.00025211690800750185,0.0,862513.9157360164,862513.9157360179,-1.5133991837501526e-09
2024-11-05,781037.109944926,-30716.337913462514,101596.49633025264,0.0,0.0,0.0,0.0,0.0,0.0,0.0,6.531150984160156,0.0009346282249912465,9.990593070593982e-05,0.0,851923.8005472342,851923.800547236,-1.7462298274040222e-09
2024-11-12,777779.7547415195,1202.8445835663936,104977.96686800566,0.0,0.0,0.0,0.0,0.0,0.0,0.0,4.723976053016229,0.0006760159250806543,4.1292216086260034e-05,0.0,883965.2908864528,883965.2908864542,-1.3969838619232178e-09
2024-11-19,843785.2908360668,-10502.435568738161,112480.96264661927,0.0,0.0,0.0,0.0,0.0,0.0,0.0,3.543128821694135,0.000507031476911063,1.7696681258384257e-05,0.0,945767.3615674977,945767.3615674996,-1.862645149230957e-09
2024-11-26,673783.7978352399,-42174.38919872354,85744.36268896774,0.0,0.0,0.0,0.0,0.0,0.0,0.0,1.8906527841627734,0.0002705578210195683,5.396114170776125e-06,0.0,717355.6622542222,717355.6622542235,-1.280568540096283e-09
2024-12-03,548618.7224582196,-4203.832271475741,73446.64448323638,0.0,0.0,0.0,0.0,0.0,0.0,0.0,1.1336431591323228,0.0001622279685457452,1.848636597766285e-06,0.0,617862.6684772162,617862.6684772171,-9.313225746154785e-10
2024-12-10,548858.9061144389,-6528.498509850282,73201.73777535811,0.0,0.0,0.0,0.0,0.0,0.0,0.0,0.7909043480723335,0.00011318044916636225,7.36771141016358e-07,0.0,615532.9363982121,615532.9363982131,-1.0477378964424133e-09
2024-12-17,550121.8693449134,-18975.313953080724,71879.44561752008,0.0,0.0,0.0,0.0,0.0,0.0,0.0,0.5436325025978761,7.779541919886728e-05,2.8914801399188544e-07,0.0,603026.5447199399,603026.5447199411,-1.1641532182693481e-09
2024-12-24,295394.26276613475,-4862.022308034548,39235.83475349865,0.0,0.0,0.0,0.0,0.0,0.0,0.0,0.20772161502889933,2.9725436290656998e-05,6.337971524226555e-08,0.0,329768.28296300274,329768.28296300326,-5.238689482212067e-10
