Date,base,weather,econ,dist,price,promotion,m_Wow_TV,m_Wow_OLV,m_Wow_Social,m_Amaze_Tot,m_Celeb_TV,m_Celeb_Outdoor,m_Celeb_Display,comp,model
2020-01-07,16.464129927359565,-0.008701677102609908,0.0,-0.20082919618278874,-3.8465376944724405,0.15,0.0,0.0,0.0,0.0,0.0,0.0,0.0,-0.00403238,12.554028979601727
2020-01-14,16.464129927359565,-0.018610047185253442,0.0,-0.20082919618278874,-3.8465376944724405,0.15,0.0,0.0,0.0,0.0,0.0,0.0,0.0,-0.00501272,12.543140269519085
2020-01-21,16.544129927359563,0.0197861752377703,0.0,-0.20082919618278874,-3.8465376944724405,0.15,0.0,0.0,0.0,0.0,0.0,0.0,0.0,-0.0033955599999999997,12.663153651942105
2020-01-28,16.485558498788137,0.060570843353279065,0.0,-0.20082919618278874,-3.8465376944724405,0.06428571428571428,0.0,0.0,0.0,0.0,0.0,0.0,0.0,-0.00578348,12.557264685771903
2020-02-04,16.514129927359562,-0.0458033992240498,0.024475034714765087,-0.20082919618278874,-3.8465376944724405,0.0,0.0,0.0,0.0,0.0,0.0,0.0,0.0,-0.00825378,12.43718089219505
2020-02-11,16.728415641645277,-0.011898830117629829,0.024475034714765087,-0.20082919618278874,-3.8465376944724405,0.0,0.0,0.0,0.0,0.0,0.0,0.0,0.0,-0.00729076,12.686334195587184
2020-02-18,16.764129927359562,-0.022791718550814594,0.024475034714765087,-0.20082919618278874,-3.8465376944724405,0.0,0.0,0.0,0.0,0.0,0.0,0.0,0.0,-0.00832124,12.710125112868285
2020-02-25,16.92127278450242,-0.016649754105543844,0.024475034714765087,-0.20082919618278874,-3.8465376944724405,0.0,0.0,0.0,0.0,0.0,0.0,0.0,0.0,-0.01111374,12.870617434456413
2020-03-03,16.944129927359562,0.010577667149025562,0.039830422797959564,-0.20082919618278874,-3.8465376944724405,0.0,0.0,0.0,0.0,0.0,0.0,0.0,0.0,-0.01233648,12.934834646651318
2020-03-10,16.944129927359562,0.038031083273771235,0.039830422797959564,-0.20082919618278874,-3.8465376944724405,0.0,0.0,0.0,0.0,0.0,0.0,0.0,0.0,-0.01157478,12.963049762776064
2020-03-17,16.944129927359562,-0.01240906760711572,0.039830422797959564,-0.20082919618278874,-3.8465376944724405,0.0,0.0,0.0,0.0,0.0,0.0,0.0,0.0,-0.0053522000000000005,12.918832191895175
2020-03-24,17.024129927359564,0.029985267600138508,0.039830422797959564,-0.20082919618278874,-3.8465376944724405,0.0857142857142857,0.0,0.0,0.0,0.0,0.0,0.0,0.0,-0.008378,13.123915012816719
2020-03-31,16.928415641645277,0.0843853514663753,0.03792384452737796,-0.20082919618278874,-3.893981446188968,0.15,0.0,0.0,0.0,0.0,0.0,0.0,0.0,-0.004953300000000001,13.100960895267274
2020-04-07,16.928415641645277,0.08264220391051785,0.03792384452737796,-0.20082919618278874,-3.893981446188968,0.15,0.0,0.0,0.0,0.0,0.0,0.0,0.0,-0.005497220000000001,13.098673827711414
2020-04-14,16.964129927359565,0.0800547935215,0.03792384452737796,-0.20082919618278874,-3.893981446188968,0.15,0.0,0.0,0.0,0.0,0.0,0.0,0.0,-0.00644454,13.130853383036687
2020-04-21,17.044129927359563,0.027274156151612744,0.03792384452737796,-0.20082919618278874,-3.893981446188968,0.15,0.0,0.0,0.0,0.0,0.0,0.0,0.0,-0.00521524,13.159302045666797
2020-04-28,16.964129927359565,0.0795397534435278,0.03792384452737796,-0.20082919618278874,-3.893981446188968,0.15,0.0,0.0,0.0,0.0,0.0,0.0,0.0,-0.02351334,13.113269542958713
2020-05-05,16.964129927359565,-0.07421625899530628,0.036013624271259204,-0.20082919618278874,-3.893981446188968,0.15,0.0,0.0,0.0,0.0,0.0,0.0,0.0,-0.01537324,12.96574341026376
2020-05-12,16.964129927359565,-0.05474286809736344,0.036013624271259204,-0.20082919618278874,-3.893981446188968,0.15,0.0,0.0,0.0,0.0,0.0,0.0,0.0,-0.00939676,12.991193281161705
2020-05-19,17.044129927359563,0.02548763657514935,0.036013624271259204,-0.20082919618278874,-3.893981446188968,0.06428571428571428,0.0,0.0,0.0,0.0,0.0,0.0,0.0,-0.005968360000000001,13.06913790011993
2020-05-26,16.899844213073848,-0.03328141933554342,0.036013624271259204,-0.20082919618278874,-3.893981446188968,0.15,0.0,0.0,0.0,0.0,0.0,0.0,0.0,-0.01866508,12.939100695637807
2020-06-02,16.864129927359564,0.03752700476806787,0.05119418144827481,-0.20082919618278874,-3.893981446188968,0.15,0.0,0.012786508774999998,0.0,0.0,0.0,0.0,0.0,-0.0073378,13.01348917997915
2020-06-09,16.864129927359564,-0.0915924578259005,0.05119418144827481,-0.20082919618278874,-3.893981446188968,0.15,0.0,0.0100831073625,0.0,0.0,0.0,0.0,0.0,-0.005087400000000001,12.88391671597268
2020-06-16,16.864129927359564,-0.0622622025740112,0.05119418144827481,-0.20082919618278874,-3.893981446188968,0.06428571428571428,0.0,0.00016823625,0.0,0.0,0.0,0.0,0.0,-0.0070244999999999995,12.815680714397784
2020-06-23,16.944129927359562,-0.1324557859935675,0.05119418144827481,-0.20082919618278874,-3.893981446188968,0.0,0.0,0.00016823625,0.0,0.0,0.0,0.0,0.0,-0.015091380000000001,12.753134536692512
2020-06-30,16.864129927359564,-0.0650767814017447,0.054015057789916554,-0.20082919618278874,-3.893981446188968,0.0,0.0,0.00016823625,0.0,0.0,0.0,0.0,0.0,-0.00465514,12.753770657625974
2020-07-07,16.864129927359564,-0.03747774132128377,0.054015057789916554,-0.20082919618278874,-3.893981446188968,0.0,0.0,0.0,0.0,0.0,0.0,0.0,0.0,-0.00612772,12.779728881456442
2020-07-14,16.864129927359564,-0.0958312074774215,0.054015057789916554,-0.20082919618278874,-3.893981446188968,0.0,0.0,0.0,0.0,0.0,0.0,0.0,0.0,-0.0054951,12.722008035300302
2020-07-21,16.944129927359562,-0.03506246077298892,0.054015057789916554,-0.20082919618278874,-3.893981446188968,0.0,0.0,0.0,0.0,0.0,0.0,0.0,0.0,-0.006025620000000001,12.862246262004732
2020-07-28,16.864129927359564,0.04854072685511959,0.054015057789916554,-0.20082919618278874,-3.893981446188968,0.0857142857142857,0.0,0.0,0.0,0.0,0.0,0.0,0.0,-0.015812140000000002,12.941777215347127
2020-08-04,16.864129927359564,0.04232022283175994,0.05119418144827481,-0.20082919618278874,-3.893981446188968,0.15,0.0,0.0,0.0,0.0,0.0,0.0,0.0,-0.00557928,13.00725440926784
2020-08-11,16.864129927359564,-0.0775281414720218,0.05119418144827481,-0.20082919618278874,-3.893981446188968,0.06428571428571428,0.0,0.0,0.0,0.0,0.0,0.0,0.0,-0.00808544,12.799185599249773
2020-08-18,16.944129927359562,0.025949146245663468,0.05119418144827481,-0.20082919618278874,-3.893981446188968,0.0,0.0,0.0,0.0,0.0,0.0,0.0,0.0,-0.00766134,12.918801272681744
2020-08-25,16.87127278450242,0.019029528365889357,0.05119418144827481,-0.20082919618278874,-3.893981446188968,0.0,0.0,0.0179144252,0.0,0.0,0.0,0.0,0.0,-0.017367940000000002,12.847232337144826
2020-09-01,16.914129927359564,0.03816820149559615,0.06149872227708908,-0.20082919618278874,-3.893981446188968,0.0857142857142857,0.0,0.0,0.0,0.0,0.0,0.0,0.0,-0.011053420000000001,12.993647074474781
2020-09-08,16.914129927359564,0.0442547657604939,0.06149872227708908,-0.20082919618278874,-3.893981446188968,0.15,0.0,0.013049656875,0.0,0.0,0.0,0.0,0.0,-0.010952420000000001,13.077170009900392
2020-09-15,16.914129927359564,-0.008847299298128861,0.06149872227708908,-0.20082919618278874,-3.893981446188968,0.15,0.0,0.0141607807,0.0,0.0,0.0,0.0,0.0,-0.011295280000000001,13.024836208666768
2020-09-22,16.994129927359566,-0.027667919146983803,0.06149872227708908,-0.20082919618278874,-3.893981446188968,0.15,0.01302511851198235,0.009487790099999999,0.0,0.0,0.0,0.0,0.0,-0.008691,13.096971996729897
2020-09-29,16.956987070216705,0.03331817287051506,0.06149872227708908,-0.20082919618278874,-3.893981446188968,0.15,0.049664354625488814,0.0100996100814,0.0319662719375,0.0,0.0,0.0,0.0,-0.01081224,13.187911319636944
2020-10-06,16.964129927359565,0.016525289946183422,0.05589123094814408,-0.20082919618278874,-3.893981446188968,0.12142857142857141,0.04449978144991477,0.0032873360813999997,0.02520776840625,0.0,0.0,0.0,0.0,-0.00913096,13.127028303248274
2020-10-13,16.964129927359565,0.04200127574438738,0.05589123094814408,-0.20082919618278874,-3.893981446188968,0.1,0.0,0.0041155760814,0.000420590625,0.0,0.0,0.0,0.0,-0.008524440000000001,13.063223518386739
2020-10-20,17.00841564164528,0.02774218627773767,0.05589123094814408,-0.20082919618278874,-3.893981446188968,0.1,0.021632740471272432,0.0039430260814,0.000420590625,0.0,0.0,0.0,0.0,-0.009520359999999999,13.113714413677076
2020-10-27,16.985558498788137,0.061021625893507306,0.05589123094814408,-0.20082919618278874,-3.893981446188968,0.1,0.0,0.0030444719564,0.000420590625,0.0,0.0,0.0,0.0,-0.01352826,13.097597515839432
2020-11-03,17.014129927359562,0.049890973121005586,0.06614773111533356,-0.20082919618278874,-3.997780720569891,0.04285714285714286,0.023256820086232824,0.0017893434999999996,0.0,0.0,0.0,0.0,0.0,-0.01113716,12.988324861286598
2020-11-10,17.014129927359562,0.012308675891542487,0.06614773111533356,-0.20082919618278874,-3.997780720569891,0.0,0.0008445213997794042,0.0005952975,0.0,0.0,0.0,0.0,0.0,-0.01493734,12.880478896513539
2020-11-17,17.014129927359562,-0.05381647739048731,0.06614773111533356,-0.20082919618278874,-3.997780720569891,0.0,0.0,0.0,0.0,0.0,0.0,0.0,0.0,-0.01376308,12.814088184331728
2020-11-24,17.044129927359563,-0.014896907245434389,0.06614773111533356,-0.20082919618278874,-3.997780720569891,0.0,0.0,0.0,0.0,0.0,0.0,0.0,0.0,-0.03525698,12.861513854476785
2020-12-01,16.664129927359564,-0.036262266984743004,0.054015057789916554,-0.20082919618278874,-3.997780720569891,0.0,0.0,0.0,0.0,0.0,0.0,0.0,0.0,-0.013505099999999999,12.469767701412058
2020-12-08,16.664129927359564,0.02420340842842828,0.054015057789916554,-0.20082919618278874,-3.997780720569891,0.0,0.0,0.0,0.0,0.0,0.0,0.0,0.0,-0.01039518,12.533343296825228
2020-12-15,16.664129927359564,0.014975561294698025,0.054015057789916554,-0.1896489281840873,-3.997780720569891,0.0,0.0,0.0,0.0,0.0,0.0,0.0,0.0,-0.0101859,12.535504997690198
2020-12-22,16.044129927359563,0.0008091274433063306,0.054015057789916554,-0.1896489281840873,-3.997780720569891,0.0857142857142857,0.0,0.0,0.0,0.0,0.0,0.0,0.0,-0.00613828,11.991100469553093
2020-12-29,16.19984421307385,-0.011500356829479728,0.054015057789916554,-0.1896489281840873,-3.997780720569891,0.15,0.0,0.0,0.0,0.0,0.0,0.0,0.0,-0.00994394,12.194985325280307
2021-01-05,16.714129927359565,-0.04334450716327136,0.06336092020815354,-0.1896489281840873,-3.997780720569891,0.15,0.0,0.0,0.0,0.0,0.0,0.0,0.0,-0.006246079999999999,12.690470611650468
2021-01-12,16.714129927359565,-0.05379519345288539,0.06336092020815354,-0.1896489281840873,-3.997780720569891,0.15,0.0022737114609445498,0.0,0.0,0.0,0.0,0.0,0.0,-0.00911638,12.6794233368218
2021-01-19,16.794129927359563,0.00705008320681745,0.06336092020815354,-0.1896489281840873,-3.997780720569891,0.15,0.012700302588990273,0.0,0.0,0.0,0.0,0.0,0.0,-0.0052755,12.834536084609548
2021-01-26,16.728415641645277,0.0029730587469556495,0.06336092020815354,-0.1896489281840873,-3.997780720569891,0.06428571428571428,0.0,0.0,0.0,0.0,0.0,0.0,0.0,-0.01587152,12.655734166132126
2021-02-02,16.764129927359562,0.029920124601208735,0.09720045445691827,-0.1896489281840873,-3.997780720569891,0.0,0.0,0.0,0.0,0.0,0.0,0.0,0.0,-0.01069044,12.69313041766371
2021-02-09,17.014129927359562,0.06604102996203538,0.09720045445691827,-0.1896489281840873,-3.997780720569891,0.0,0.0,0.0,0.0,0.0,0.0,0.0,0.0,-0.009305279999999999,12.980636483024538
2021-02-16,16.978415641645277,0.028924640067071093,0.09720045445691827,-0.1896489281840873,-3.997780720569891,0.0,0.01578605385741502,0.0106090557,0.0,0.0,0.0,0.0,0.0,-0.00956448,12.933941716972702
2021-02-23,17.119844213073847,0.00936247908083335,0.09720045445691827,-0.1896489281840873,-3.997780720569891,0.0,0.03933520827434071,0.015666769049999998,0.000420590625,0.0,0.0,0.0,0.0,-0.01615998,13.078240085806963
2021-03-02,17.194129927359562,0.011882079753675091,0.07354148014027118,-0.1896489281840873,-3.997780720569891,0.0,0.02429623103980747,0.02085011105075,0.000420590625,0.0,0.0,0.0,0.0,-0.00785014,13.129840631215087
2021-03-09,17.194129927359562,-0.05885883350985951,0.07354148014027118,-0.1896489281840873,-3.997780720569891,0.0,0.0318319604532237,0.0051444872045,0.000420590625,0.0,0.0,0.0,0.0,-0.006096900000000001,13.05268306351872
2021-03-16,17.194129927359562,-0.01572650281204737,0.07354148014027118,-0.1896489281840873,-3.997780720569891,0.0,0.0002923343306928707,0.004165050267,0.000420590625,0.0,0.0,0.0,0.0,-0.004251260000000001,13.0651419711565
2021-03-23,17.274129927359564,-0.06079043172391457,0.07354148014027118,-0.1896489281840873,-3.997780720569891,0.0857142857142857,0.02579038428557104,0.004165050267,0.000420590625,0.0,0.0,0.0,0.0,-0.00645066,13.209090977913796
2021-03-30,17.208415641645278,0.02086344061411825,0.07354148014027118,-0.1896489281840873,-3.997780720569891,0.15,0.0021762666840469264,0.00298291067375,0.000420590625,0.0,0.0,0.0,0.0,-0.009900579999999999,13.261070101628485
2021-04-06,17.178415641645277,-0.032271590430872056,0.07077522664738112,-0.1896489281840873,-3.997780720569891,0.15,0.0165331304802968,0.0014071366225000001,0.0,0.0,0.0,0.0,0.0,-0.00416258,13.193267316210605
2021-04-13,17.178415641645277,-0.012007931861574013,0.07077522664738112,-0.1896489281840873,-3.997780720569891,0.15,0.0,0.0012693209375,0.0,0.0,0.0,0.0,0.0,-0.00401488,13.197007728614604
2021-04-20,17.294129927359563,-0.002771612278888858,0.07077522664738112,-0.1896489281840873,-3.997780720569891,0.15,0.0,0.0012693209375,0.0,0.0,0.0,0.0,0.0,-0.007748960000000001,13.318224253911577
2021-04-27,17.214129927359565,-0.0413692204840621,0.07077522664738112,-0.1896489281840873,-3.997780720569891,0.15,0.0,0.0007516709375,0.0,0.0,0.0,0.0,0.0,-0.012742159999999999,13.194115795706407
2021-05-04,17.214129927359565,0.08491782750592171,0.11767290956189402,-0.1896489281840873,-3.997780720569891,0.15,0.0,0.0005704589275,0.0,0.0,0.0,0.0,0.0,-0.00657374,13.373287734600902
2021-05-11,17.214129927359565,0.03858120303950561,0.11767290956189402,-0.1896489281840873,-3.997780720569891,0.15,0.0,0.00027173173999999996,0.0,0.0,0.0,0.0,0.0,-0.00576102,13.327465102946986
2021-05-18,17.214129927359565,0.02403539945972692,0.11767290956189402,-0.1896489281840873,-3.997780720569891,0.06428571428571428,0.0,0.00027173173999999996,0.0,0.0,0.0,0.0,0.0,-0.008957119999999999,13.224008913652922
2021-05-25,17.25841564164528,-0.057741408921651374,0.11767290956189402,-0.1896489281840873,-3.997780720569891,0.0,0.0,0.0065560917400000005,0.0,0.0,0.0,0.0,0.0,-0.01862724,13.118846345271542
2021-06-01,17.114129927359564,-0.00805133641723908,0.07262024562095082,-0.1896489281840873,-3.997780720569891,0.0,0.0,0.00865087774,0.0,0.0,0.0,0.0,0.0,-0.00754066,12.992379405549295
2021-06-08,17.114129927359564,0.03762402558578871,0.07262024562095082,-0.1896489281840873,-3.997780720569891,0.0,0.0,0.0,0.0,0.0,0.0,0.0,0.0,-0.0035359200000000006,13.033408629812325
2021-06-15,17.114129927359564,-0.02601414696312857,0.07262024562095082,-0.1896489281840873,-3.997780720569891,0.14285714285714285,0.0,0.0,0.0,0.0,0.0,0.0,0.0,-0.00802754,13.108135980120549
2021-06-22,17.194129927359562,-0.005946355221402121,0.07262024562095082,-0.1896489281840873,-3.997780720569891,0.25,0.0,0.0,0.0,0.0,0.0,0.0,0.0,-0.0286606,13.294713569005133
2021-06-29,17.114129927359564,-0.00728572280000145,0.07262024562095082,-0.1896489281840873,-3.997780720569891,0.25,0.0,0.0,0.0,0.0,0.0,0.0,0.0,-0.01829188,13.223742921426533
2021-07-06,17.114129927359564,-0.11016458295420431,0.07446186676760025,-0.1896489281840873,-3.997780720569891,0.25,0.0,0.0,0.0,0.011481842889911319,0.0,0.0,0.0,-0.0029966,13.14948280530889
2021-07-13,17.114129927359564,-0.0157487975699481,0.07446186676760025,-0.1896489281840873,-4.130195258334207,0.10714285714285714,0.0,0.0,0.0,0.0273758196034115,0.0,0.0,0.0,-0.00641662,12.981100866785189
2021-07-20,17.194129927359562,0.06417054933046641,0.07446186676760025,-0.1896489281840873,-4.130195258334207,0.0,0.0,0.0,0.0,0.05251201142909272,0.0,0.0,0.0,-0.00814828,13.057281888368424
2021-07-27,17.114129927359564,-0.02250777492509607,0.07446186676760025,-0.1896489281840873,-4.130195258334207,0.0,0.0,0.0,0.0,0.04655404032482442,0.0,0.0,0.0,-0.01680036,12.875993513008597
2021-08-03,17.114129927359564,-0.0773368979377449,0.08453060171586646,-0.1896489281840873,-4.130195258334207,0.0,0.0,0.0,0.0,0.02110379869530114,0.0,0.0,0.0,-0.0040338200000000005,12.81854942331469
2021-08-10,17.114129927359564,-0.0954291546294704,0.08453060171586646,-0.1896489281840873,-4.130195258334207,0.0,0.0,0.0,0.0,0.02724780118846076,0.0,0.0,0.0,-0.0070335,12.803601489116122
2021-08-17,17.114129927359564,-0.048759641528590594,0.08453060171586646,-0.1896489281840873,-4.130195258334207,0.0,0.0,0.0,0.0,0.02480940075714798,0.0,0.0,0.0,-0.0071521,12.84771400178569
2021-08-24,17.194129927359562,0.005230592097026639,0.08453060171586646,-0.1896489281840873,-4.130195258334207,0.0,0.0,0.0,0.0,0.023479426851081238,0.0,0.0,0.0,-0.00548938,12.98203698150524
2021-08-31,17.156987070216708,-0.16146986178642908,0.08453060171586646,-0.1896489281840873,-4.130195258334207,0.0,0.0,0.0,0.0,0.030386353202378442,0.0,0.0,0.0,-0.019990059999999997,12.770599916830227
2021-09-07,17.164129927359564,-0.0399843714150853,0.07721795486957994,-0.1896489281840873,-4.130195258334207,0.14285714285714285,0.0,0.0,0.0,0.028343351567037146,0.0,0.0,0.0,-0.010847700000000002,13.041872118719946
2021-09-14,17.164129927359564,0.007395315947714821,0.07721795486957994,-0.1896489281840873,-4.130195258334207,0.25,0.0,0.0,0.0,2.550901641033343e-09,0.0,0.0,0.0,-0.0112656,13.167633414209467
2021-09-21,17.244129927359566,0.04691928900472954,0.07721795486957994,-0.1896489281840873,-4.130195258334207,0.25,0.0,0.0,0.0,2.295811476930009e-16,0.0,0.0,0.0,-0.01082672,13.287596264715578
2021-09-28,17.192701355930993,-0.06403663573748429,0.07721795486957994,-0.1896489281840873,-4.130195258334207,0.25,0.0,0.0,0.0,2.0662303292370082e-23,0.0,0.0,0.0,-0.01118162,13.124856868544791
2021-10-05,17.214129927359565,0.030162019011044275,0.05963305009413933,-0.1896489281840873,-4.130195258334207,0.19285714285714284,0.0,0.0,0.0,1.8596072963133072e-30,0.0,0.0,0.0,-0.0064345800000000005,13.170503372803594
2021-10-12,17.214129927359565,0.03405970529959366,0.05963305009413933,-0.1896489281840873,-4.130195258334207,0.15,0.0,0.0,0.0,1.6736465666819766e-37,0.0,0.0,0.0,-0.00987416,13.128104336235001
2021-10-19,17.294129927359563,-0.019154313480201524,0.05963305009413933,-0.1896489281840873,-4.130195258334207,0.15,0.0,0.0,0.0,1.506281910013779e-44,0.0,0.0,0.0,-0.00879446,13.155970017455205
2021-10-26,17.185558498788133,-0.02999990884570819,0.05963305009413933,-0.1896489281840873,-4.130195258334207,0.15,0.0,0.0,0.0,1.355653719012401e-51,0.0,0.0,0.0,-0.01509696,13.030250493518267
2021-11-02,17.264129927359562,-0.013086053796220201,0.05869890710234227,-0.1896489281840873,-4.130195258334207,0.06428571428571428,0.0,0.0,0.0,1.220088347111161e-58,0.0,0.0,0.0,-0.01140596,13.042778348433107
2021-11-09,17.264129927359562,-0.003244572898823614,0.05869890710234227,-0.1896489281840873,-4.130195258334207,0.0,0.0,0.0,0.0,1.0980795124000449e-65,0.0,0.0,0.0,-0.009768760000000001,12.989971315044787
2021-11-16,17.264129927359562,0.02955517432396836,0.05869890710234227,-0.1896489281840873,-4.130195258334207,0.0,0.0,0.0,0.0,9.882715611600404e-73,0.0,0.0,0.0,-0.00987534,13.022664482267576
2021-11-23,17.344129927359564,0.0009811086857339098,0.05869890710234227,-0.1896489281840873,-4.130195258334207,0.0,0.0,0.0,0.0,0.03987445674950498,0.0,0.0,0.0,-0.00767562,13.116164593378851
2021-11-30,16.964129927359565,-0.015894400106374336,0.05869890710234227,-0.1896489281840873,-4.084250957037365,0.0,0.0,0.0,0.0,0.05886616435034639,0.0,0.0,0.0,-0.0204006,12.771500113484425
2021-12-07,16.914129927359564,-0.047007764901568966,0.09630076928602094,-0.1896489281840873,-4.084250957037365,0.0,0.0,0.0,0.0,0.024502605461907877,0.0,0.0,0.0,-0.01571586,12.698309791984471
2021-12-14,16.914129927359564,0.028792914011327258,0.09630076928602094,-0.1896489281840873,-4.084250957037365,0.0,0.0,0.0,0.0,0.007722911137186544,0.0,0.0,0.0,-0.01603348,12.757013156572643
2021-12-21,16.294129927359563,0.046402489365745495,0.09630076928602094,-0.1896489281840873,-4.084250957037365,0.0,0.0,0.0,0.0,0.026989449888287945,0.0,0.0,0.0,-0.01183994,12.178082810678166
2021-12-28,16.435558498788133,0.0020762482645363995,0.09630076928602094,-0.1896489281840873,-4.084250957037365,0.0857142857142857,0.0,0.0,0.0,0.040338800508614624,0.0,0.0,0.0,-0.01233254,12.373756177340137
2022-01-04,16.964129927359565,0.003702569086195839,0.09449896699675797,-0.1896489281840873,-4.084250957037365,0.15,0.0,0.0,0.0,0.01964308727166579,0.0,0.0,0.0,-0.0056991,12.952375565492732
2022-01-11,16.964129927359565,-0.01653652304836927,0.09449896699675797,-0.1896489281840873,-4.025601522881101,0.15,0.0,0.0,0.0,0.02511602565785951,0.0,0.0,0.0,-0.005754220000000001,12.996203725900623
2022-01-18,16.964129927359565,-0.04637702683391225,0.09449896699675797,-0.1896489281840873,-4.025601522881101,0.15,0.0,0.0,0.0,0.017360416841436927,0.0,0.0,0.0,-0.005647360000000001,12.958714473298658
2022-01-25,17.044129927359563,-0.0041098490362605315,0.09449896699675797,-0.1896489281840873,-4.025601522881101,0.06428571428571428,0.0,0.0,0.0,0.017823706002947817,0.0,0.0,0.0,-0.012204920000000001,12.989173094543537
2022-02-01,17.014129927359562,-0.05781542013512046,0.0605663212771379,-0.1896489281840873,-4.025601522881101,0.0,0.0,0.0,0.0,0.01354591335184217,0.0,0.0,0.0,-0.00889778,12.806278510788232
2022-02-08,17.264129927359562,-0.045304236781527625,0.0605663212771379,-0.1896489281840873,-4.025601522881101,0.0,0.0,0.0,0.0,0.01914125054398255,0.0,0.0,0.0,-0.00707288,13.076209931333967
2022-02-15,17.228415641645277,0.028605331160155997,0.0605663212771379,-0.1896489281840873,-4.025601522881101,0.0,0.0,0.0,0.0,0.016001128475459873,0.0,0.0,0.0,-0.00323064,13.115107331492844
2022-02-22,17.344129927359564,0.021810349821813006,0.0605663212771379,-0.1896489281840873,-4.025601522881101,0.0,0.0,0.0,0.0,0.013936495195613114,0.0,0.0,0.0,-0.01122592,13.213966722588943
2022-03-01,17.444129927359562,-0.01125250493352456,0.07538140706227914,-0.1896489281840873,-4.025601522881101,0.0,0.0,0.0,0.0,0.006946458222809568,0.0,0.0,0.0,-0.007408,13.292546836645942
2022-03-08,17.444129927359562,0.013671267162284199,0.07538140706227914,-0.1896489281840873,-4.025601522881101,0.0,0.0,0.0,0.0,0.004132786735813382,0.0,0.0,0.0,-0.00615916,13.315905777254748
2022-03-15,17.444129927359562,0.08562135329879592,0.07538140706227914,-0.1896489281840873,-4.025601522881101,0.10714285714285714,0.0,0.0,0.0,0.0024464358028543774,0.0,0.0,0.0,-0.00585834,13.493613189601158
2022-03-22,17.524129927359564,0.0036990998349914006,0.07538140706227914,-0.1896489281840873,-4.025601522881101,0.15,0.0,0.0,0.0,0.016940304025106264,0.0,0.0,0.0,-0.0099275,13.544972787216755
2022-03-29,17.455558498788136,0.04149052878286569,0.07538140706227914,-0.1896489281840873,-4.025601522881101,0.15,0.0,0.0,0.0,0.020604984345861277,0.0,0.0,0.0,-0.01150468,13.516280287913956
2022-04-05,17.428415641645277,0.003931920449626949,0.0781349654794612,-0.1896489281840873,-4.025601522881101,0.15,0.0,0.0,0.0,0.01772465342901331,0.0,0.0,0.0,-0.0027152400000000003,13.46024148993819
2022-04-12,17.428415641645277,0.012785250698756783,0.0781349654794612,-0.1896489281840873,-4.025601522881101,0.15,0.0,0.0,0.0,0.010739641368118126,0.0,0.0,0.0,-0.0043504,13.460474648126423
2022-04-19,17.544129927359563,0.06257975580588221,0.0781349654794612,-0.1896489281840873,-4.025601522881101,0.15,0.0,0.0,0.0,9.665677231306314e-10,0.0,0.0,0.0,-0.005893720000000001,13.613700478546285
2022-04-26,17.464129927359565,-0.023710681010407755,0.0781349654794612,-0.1896489281840873,-4.025601522881101,0.15,0.0,0.0,0.0,8.699109508175683e-17,0.0,0.0,0.0,-0.00742732,13.445876440763431
2022-05-03,17.464129927359565,-0.011419130589560022,0.07262024562095082,-0.1896489281840873,-4.025601522881101,0.15,0.0,0.0,0.0,7.829198557358114e-24,0.0,0.0,0.0,-0.00495134,13.455129251325769
2022-05-10,17.464129927359565,-0.025644245824931328,0.07262024562095082,-0.1896489281840873,-4.025601522881101,0.15,0.0,0.0,0.0,7.046278701622303e-31,0.0,0.0,0.0,-0.0016543200000000001,13.444201156090395
2022-05-17,17.464129927359565,-0.010043175003007561,0.07262024562095082,-0.1896489281840873,-4.025601522881101,0.06428571428571428,0.0,0.0,0.0,6.341650831460073e-38,0.0,0.0,0.0,-0.00976056,13.365981701198033
2022-05-24,17.50841564164528,0.059995658149228866,0.07262024562095082,-0.1896489281840873,-4.025601522881101,0.0,0.0,0.0,0.0,5.707485748314065e-45,0.0,0.0,0.0,-0.01211446,13.413666634350271
2022-05-31,17.378415641645276,0.03020031328355842,0.07262024562095082,-0.1896489281840873,-4.025601522881101,0.0,0.0,0.0,0.0,5.1367371734826586e-52,0.0,0.0,0.0,-0.01443108,13.251554669484596
2022-06-07,17.364129927359564,-0.0065426020450072755,0.08361943992162146,-0.1896489281840873,-4.025601522881101,0.04285714285714285,0.0,0.0,0.0,4.623063456134392e-59,0.0,0.0,0.0,-0.007851740000000001,13.26096171702813
2022-06-14,17.364129927359564,-0.011108115349596628,0.08361943992162146,-0.1896489281840873,-4.025601522881101,0.20714285714285713,0.0,0.0,0.0,4.160757110520953e-66,0.0,0.0,0.0,-0.01327822,13.41525543800926
2022-06-21,17.444129927359562,0.043896207092493734,0.08361943992162146,-0.1896489281840873,-4.025601522881101,0.25,0.0,0.0,0.0,3.7446813994688574e-73,0.0,0.0,0.0,-0.011443680000000001,13.594951443308489
2022-06-28,17.364129927359564,0.05006294763846131,0.08361943992162146,-0.1896489281840873,-4.025601522881101,0.25,0.0,0.0,0.0,3.3702132595219715e-80,0.0,0.0,0.0,-0.01545376,13.517108103854461
2022-07-05,17.364129927359564,-0.04660247028065454,0.09989466354060994,-0.1896489281840873,-4.025601522881101,0.25,0.0,0.0,0.0,3.0331919335697745e-87,0.0,0.0,0.0,-0.00605782,13.446113849554331
2022-07-12,17.364129927359564,-0.06610753634460856,0.09989466354060994,-0.1896489281840873,-4.025601522881101,0.10714285714285714,0.0,0.0,0.0,2.729872740212797e-94,0.0,0.0,0.0,-0.0064263,13.283383160633234
2022-07-19,17.444129927359562,-0.02939798591358984,0.09989466354060994,-0.1896489281840873,-4.025601522881101,0.0,0.0,0.0,0.0,2.4568854661915172e-101,0.0,0.0,0.0,-0.00818398,13.291192173921393
2022-07-26,17.364129927359564,-0.0609491681566488,0.09989466354060994,-0.1896489281840873,-3.990648968338318,0.0,0.0,0.0,0.0,2.2111969195723655e-108,0.0,0.0,0.0,-0.01811606,13.204661466221117
2022-08-02,17.364129927359564,0.015434826336180141,0.08725911636907036,-0.1896489281840873,-3.990648968338318,0.0,0.0,0.0,0.0,1.990077227615129e-115,0.0,0.0,0.0,-0.00930976,13.277216213542408
2022-08-09,17.364129927359564,0.009054016151009248,0.08725911636907036,-0.1896489281840873,-3.990648968338318,0.05714285714285714,0.0,0.0,0.0,1.791069504853616e-122,0.0,0.0,0.0,-0.01147212,13.325815900500094
2022-08-16,17.364129927359564,0.00821917042177022,0.08725911636907036,-0.1896489281840873,-3.990648968338318,0.1,0.0,0.0,0.0,1.6119625543682544e-129,0.0,0.0,0.0,-0.008983999999999999,13.370326317628
2022-08-23,17.444129927359562,-0.0072709409930485835,0.08725911636907036,-0.1896489281840873,-3.990648968338318,0.1,0.0,0.0,0.0,1.450766298931429e-136,0.0,0.0,0.0,-0.0077813,13.436038906213179
2022-08-30,17.399844213073848,-0.0693531358155809,0.08725911636907036,-0.1896489281840873,-3.990648968338318,0.1,0.0,0.0,0.0,1.305689669038286e-143,0.0,0.0,0.0,-0.0104671,13.326985197104928
2022-09-06,17.414129927359564,0.04694340708717866,0.09269391235502766,-0.1896489281840873,-3.990648968338318,0.18571428571428572,0.0,0.0,0.0,1.1751207021344573e-150,0.0,0.0,0.0,-0.00600438,13.553179255993648
2022-09-13,17.414129927359564,0.0179944605695297,0.09269391235502766,-0.1896489281840873,-3.990648968338318,0.25,0.0,0.0,0.0,1.0576086319210116e-157,0.0,0.0,0.0,-0.0059009200000000005,13.588619483761715
2022-09-20,17.494129927359566,0.04258702522103264,0.09269391235502766,-0.1896489281840873,-3.990648968338318,0.25,0.0,0.0,0.0,9.518477687289105e-165,0.03245824228925678,0.0,0.0017325863373235995,-0.0057789,13.727524897039801
2022-09-27,17.435558498788133,0.02865288761712135,0.09269391235502766,-0.1896489281840873,-3.990648968338318,0.25,0.0,0.0,0.0,8.566629918560195e-172,0.012924360059242176,0.0,0.0083318748243396,-0.00895042,13.638913217121457
2022-10-04,17.464129927359565,-0.00980309794574654,0.10615306572903283,-0.1896489281840873,-3.990648968338318,0.19285714285714284,0.0,0.0,0.0,7.709966926704175e-179,0.01724346035716963,0.0,0.008933268653252,-0.00667936,13.59253651048801
2022-10-11,17.464129927359565,0.054006636173408104,0.10615306572903283,-0.1896489281840873,-3.990648968338318,0.15,0.0,0.0,0.0,6.9389702340337575e-186,0.013365971833151611,0.0,0.0062211427274208,-0.00571772,13.607861127300172
2022-10-18,17.464129927359565,0.005295773094682651,0.10615306572903283,-0.1896489281840873,-3.990648968338318,0.15,0.0,0.0,0.0,6.245073210630382e-193,0.01882813910924121,0.0,0.009937538324336397,-0.00469372,13.569352827094452
2022-10-25,17.50841564164528,0.030991726391100607,0.10615306572903283,-0.1896489281840873,-3.990648968338318,0.15,0.0,0.0,0.0,5.620565889567343e-200,0.01222421064401666,0.0,0.010155254186523199,-0.01048648,13.627155522073544
2022-11-01,17.514129927359562,-0.0445235184781757,0.10526140271855056,-0.1896489281840873,-3.990648968338318,0.06428571428571428,0.0,0.0,0.0,5.058509300610609e-207,0.0037178822335424385,0.0019558799999999997,0.012392940778474797,-0.0031090799999999997,13.473813252375264
2022-11-08,17.514129927359562,-0.03710848516447441,0.10526140271855056,-0.1896489281840873,-3.990648968338318,0.0,0.0,0.0,0.0,4.552658370549548e-214,0.00235938564639708,0.013047051272727272,0.010521956357583599,-0.00274656,13.42516678166794
2022-11-15,17.514129927359562,-0.010773070485490237,0.10526140271855056,-0.1896489281840873,-3.990648968338318,0.0,0.0,0.0,0.0,4.0973925334945934e-221,0.0,0.017577874909090907,0.0056946738859319996,-0.00151184,13.450081071865238
2022-11-22,17.594129927359564,-0.059616835784315585,0.10526140271855056,-0.1896489281840873,-3.990648968338318,0.0,0.0,0.0,0.0,3.687653280145134e-228,0.0,0.004368153818181817,0.007826032090016,-0.00171908,13.469951703679591
2022-11-29,17.264129927359562,-0.053849168222428266,0.10526140271855056,-0.1896489281840873,-3.990648968338318,0.0,0.0,0.0,0.0,3.31888795213062e-235,0.0,0.00249396,0.0078112795701799995,-0.0096802,13.13586930490346
2022-12-06,17.164129927359564,0.02833143681278342,0.10793401010002768,-0.1896489281840873,-3.990648968338318,0.0,0.0,0.0,0.0,2.986999156917558e-242,0.0,0.00043307999999999997,0.004937766930656,-0.0056077,13.119860624680626
2022-12-13,17.164129927359564,-0.00860578119075085,0.10793401010002768,-0.1896489281840873,-3.990648968338318,0.0,0.0,0.0,0.0,2.6882992412258025e-249,0.0,0.0,0.0051733804106176,-0.00697248,13.081361160157051
2022-12-20,16.544129927359563,-0.026505307521626213,0.10793401010002768,-0.1896489281840873,-3.990648968338318,0.0,0.0,0.0,0.0,2.4194693171032223e-256,0.0,0.0,0.006549719836272599,-0.0084543,12.443356153251829
2022-12-27,16.67841564164528,-0.024291062832974736,0.10793401010002768,-0.1896489281840873,-4.035095671000987,0.0857142857142857,0.0,0.0,0.0,2.1775223853929e-263,0.0,0.0,0.005521501943788,-0.0077436399999999996,12.62080613738533
2023-01-03,17.214129927359565,-0.009756112522869304,0.05682799916653103,-0.1896489281840873,-4.035191316475119,0.15,0.0,0.0,0.0,1.9597701468536097e-270,0.004449164353741496,0.0,0.0068031957455279984,-0.00999884,13.187615089443293
2023-01-10,17.214129927359565,-0.06326863260926788,0.05682799916653103,-0.1896489281840873,-4.035191316475119,0.15,0.0,0.0,0.0,1.7637931321682487e-277,0.011189805442176869,0.0,0.0034031015887119997,-0.0113982,13.13604375628851
2023-01-17,17.214129927359565,-0.024219459166695427,0.05682799916653103,-0.1896489281840873,-4.035191316475119,0.15,0.0,0.0,0.0,1.5874138189514238e-284,0.011065712925170066,0.0,0.0,-0.00819608,13.174767855625364
2023-01-24,17.294129927359563,-0.004828061709984608,0.05682799916653103,-0.1896489281840873,-4.035191316475119,0.06428571428571428,0.0,0.0,0.0,1.4286724370562814e-291,0.0043835972789115635,0.0,0.0,-0.013098700000000001,13.176860231721525
2023-01-31,17.25698707021671,-0.020873991385811728,0.05682799916653103,-0.1896489281840873,-4.035191316475119,0.0,0.0,0.0,0.0,1.2858051933506533e-298,0.0,0.0,0.006692852384567996,-0.0145979,13.060195785722787
2023-02-07,17.264129927359562,-0.006931006775968188,0.11148641170439522,-0.1896489281840873,-4.035191316475119,0.0,0.0,0.0,0.0,1.157224674015588e-305,0.0,0.0,0.011702707152423998,-0.0096063,13.145941494781205
2023-02-14,17.478415641645277,-0.04123674358890757,0.11148641170439522,-0.1896489281840873,-4.035191316475119,0.0,0.0,0.0,0.0,1.041502206613e-312,0.0,0.0,0.010316421156956,-0.00731914,13.326822346258513
2023-02-21,17.594129927359564,-0.0945061566190169,0.11148641170439522,-0.1896489281840873,-4.035191316475119,0.0,0.0,0.0,0.0,9.3734e-320,0.0,0.0,0.010007566430075998,-0.01084804,13.385429464215811
2023-02-28,17.66841564164528,0.028093714255023598,0.11148641170439522,-0.1896489281840873,-4.035191316475119,0.0,0.0,0.0,0.0,0.0,0.0,0.0036091199999999995,0.008294947307476,-0.01745338,13.577606210252968
2023-03-07,17.694129927359562,0.029673609279288398,0.11502623840951909,-0.1896489281840873,-4.035191316475119,0.0,0.0,0.0,0.0,0.0,0.0,0.014354999999999998,0.005582956063547999,-0.00898786,13.624939626452713
2023-03-14,17.694129927359562,0.0157534079098004,0.11502623840951909,-0.1896489281840873,-4.035191316475119,0.0,0.0,0.0,0.0,0.0,0.0,0.00224964,0.0070571763259880006,-0.00798348,13.601392665345665
2023-03-21,17.774129927359564,-0.023166376845637084,0.11502623840951909,-0.1896489281840873,-4.035191316475119,0.0857142857142857,0.0,0.0,0.0,0.0,0.0,0.00428556,0.008445996048199997,-0.0111236,13.728471786026725
2023-03-28,17.666987070216706,-0.11076464620374331,0.11502623840951909,-0.1896489281840873,-4.035191316475119,0.15,0.0,0.0,0.0,0.0,0.0,0.0019379999999999998,0.013059752456983997,-0.0175609,13.59384527022026
2023-04-04,17.678415641645277,0.03860099045627078,0.1070439343848344,-0.1896489281840873,-4.035191316475119,0.15,0.0,0.0,0.0,0.0,0.0,0.0,0.003215236772344,-0.01246648,13.739969078599518
2023-04-11,17.714129927359565,0.06385293523831222,0.1070439343848344,-0.1896489281840873,-4.035191316475119,0.15,0.0,0.0,0.0,0.0,0.0,0.0,0.0032720321454679994,-0.0084784,13.804980184468972
2023-04-18,17.714129927359565,0.0517386296879911,0.1070439343848344,-0.1896489281840873,-4.1536307421091525,0.12142857142857141,0.0,0.0,0.0,0.0,0.0,0.0,0.00186510704346,-0.0123194,13.640607099611183
2023-04-25,17.794129927359563,-0.004642967186449539,0.1070439343848344,-0.1896489281840873,-4.1536307421091525,0.1,0.0,0.0,0.0,0.0,0.0,0.00968733192982456,0.0,-0.0209019,13.642036656194533
2023-05-02,17.714129927359565,-0.026819835595332797,0.10793401010002768,-0.1896489281840873,-4.1536307421091525,0.1,0.0,0.0,0.0,0.0,0.0,0.018080903781369787,0.00255311085018,-0.01324586,13.559352586202568
2023-05-09,17.714129927359565,-0.006349662003639763,0.10793401010002768,-0.20082919618278874,-4.1536307421091525,0.1,0.0,0.0,0.0,0.0,0.0,0.02522868162851382,0.01108124285528,-0.0125429,13.585021361647806
2023-05-16,17.714129927359565,0.0731880344319382,0.10793401010002768,-0.20082919618278874,-4.1536307421091525,0.18571428571428572,0.0,0.0,0.0,0.0,0.0,0.02158092067388502,0.012586039673183998,-0.01675492,13.743918359660944
2023-05-23,17.794129927359563,0.03176912066565698,0.10793401010002768,-0.20082919618278874,-4.1536307421091525,0.25,0.0,0.0,0.0,0.0,0.0,0.0028232789738904,0.0048209299129680005,-0.015614920000000001,13.821402408720166
2023-05-30,17.606987070216704,0.05086204317699756,0.10793401010002768,-0.20082919618278874,-4.1536307421091525,0.25,0.0,0.0,0.0,0.0,0.0,0.0,0.008716911257456,-0.02154254,13.648497556459246
2023-06-06,17.614129927359564,-0.04593977382146061,0.11767290956189402,-0.20082919618278874,-4.1536307421091525,0.25,0.0,0.0,0.0,0.0,0.0,0.0,0.012832690117639997,-0.015024000000000001,13.579211814925698
2023-06-13,17.614129927359564,0.040515226684604416,0.11767290956189402,-0.20082919618278874,-4.1536307421091525,0.20714285714285713,0.0,0.0,0.0,0.0,0.0,0.0,0.014435710778079999,-0.011984000000000002,13.627452693235059
2023-06-20,17.694129927359562,0.10288427930227581,0.11767290956189402,-0.20082919618278874,-4.1536307421091525,0.15,0.0,0.0,0.0,0.0,0.0,0.0,0.007222095872551998,-0.015196359999999999,13.702252913804344
2023-06-27,17.614129927359564,0.06243645217248604,0.11767290956189402,-0.20082919618278874,-4.1536307421091525,0.15,0.0,0.0,0.0,0.0,0.006390072539145599,0.0,0.009057684382679999,-0.0280861,13.577141007723828
2023-07-04,17.614129927359564,0.03249578769242281,0.13514060260228433,-0.20082919618278874,-4.1536307421091525,0.15,0.0,0.0,0.0,0.0,0.004815000480515998,0.0,0.013582565193463994,-0.00332108,13.59238286503631
2023-07-11,17.614129927359564,-0.050657493480582405,0.13514060260228433,-0.20082919618278874,-4.1536307421091525,0.15,0.0,0.0,0.0,0.0,0.0044407153899504006,0.0,0.015044184462064004,-0.005883360000000001,13.507754638041341
2023-07-18,17.614129927359564,-0.02321322807335037,0.13514060260228433,-0.20082919618278874,-4.1536307421091525,0.15,0.0,0.0,0.0,0.0,0.0015510026139312003,0.0,0.01228957213008,-0.009030940000000001,13.526406998340569
2023-07-25,17.694129927359562,0.0013836206978628737,0.13514060260228433,-0.20082919618278874,-4.1536307421091525,0.06428571428571428,0.0,0.0,0.0,0.0,0.0,0.0,0.006519450093823997,-0.01806208,13.528937296747307
2023-08-01,17.614129927359564,-0.015373616209479217,0.1325398209022275,-0.20082919618278874,-4.1536307421091525,0.0,0.0,0.0,0.0,0.0,0.0,0.0,0.002437949788392,-0.01026404,13.369010103548764
2023-08-08,17.614129927359564,-0.039506060032655284,0.1325398209022275,-0.20082919618278874,-4.1536307421091525,0.05714285714285714,0.0,0.0,0.0,0.0,0.0,0.0,0.0020259077724000003,-0.00745058,13.404421934852452
2023-08-15,17.614129927359564,-0.0022244369903196707,0.1325398209022275,-0.20082919618278874,-4.1536307421091525,0.1,0.0,0.0,0.0,0.0,0.0,0.0,0.005790838951137969,-0.01006176,13.485714451930667
2023-08-22,17.694129927359562,-0.06625337251243164,0.1325398209022275,-0.20082919618278874,-4.1536307421091525,0.1,0.0,0.0,0.0,0.0,0.0,0.0,0.007633754741536002,-0.007147000000000001,13.506443192198953
2023-08-29,17.642701355930992,0.05914293406468665,0.1325398209022275,-0.20082919618278874,-4.1536307421091525,0.1,0.0,0.0,0.0,0.0,0.0,0.0,0.006575477477159999,-0.009407660000000002,13.577091990083126
2023-09-05,17.664129927359564,-0.034800781307165414,0.1290615565259028,-0.20082919618278874,-4.1536307421091525,0.12857142857142856,0.0,0.0,0.0,0.0,0.00376512,0.0,0.006149387328984,-0.00568524,13.536731460186775
2023-09-12,17.664129927359564,-0.00981228699000155,0.1290615565259028,-0.20082919618278874,-4.1536307421091525,0.15,0.0,0.0,0.0,0.0,0.019679599024390197,0.0,0.002999835502424,-0.00619426,13.595404433130343
2023-09-19,17.744129927359566,-0.01101484150775308,0.1290615565259028,-0.20082919618278874,-4.1536307421091525,0.15,0.0,0.0,0.0,0.0,0.03193221658536585,0.0,0.0020210640599999997,-0.009245940000000001,13.682424044731144
2023-09-26,17.67841564164528,-0.07891905374436212,0.1290615565259028,-0.20082919618278874,-4.1536307421091525,0.15,0.0,0.0,0.0,0.0,0.015199852682926828,0.0,0.004102657905976001,-0.012571120000000002,13.530829596723782
2023-10-03,17.714129927359565,0.02750129192612294,0.1325398209022275,-0.20082919618278874,-4.1536307421091525,0.15,0.0,0.0,0.0,0.0,0.016260131707317074,0.0,0.0072184,-0.006786840000000001,13.68640279360329
2023-10-10,17.714129927359565,0.04269349676360488,0.1325398209022275,-0.20082919618278874,-4.1536307421091525,0.15,0.0,0.0,0.0,0.0,0.0037193226467363994,0.0,0.003973742155787999,-0.00636338,13.68623299153598
2023-10-17,17.714129927359565,0.0021143208411438007,0.1325398209022275,-0.20082919618278874,-4.1536307421091525,0.15,0.0,0.0,0.0,0.0,0.004834814387679598,0.0,0.011080982984527997,-0.0047585399999999995,13.655481388183205
2023-10-24,17.75841564164528,0.023362674478035902,0.1325398209022275,-0.20082919618278874,-4.1536307421091525,0.15,0.0,0.0,0.0,0.0,0.003411516703584001,0.0,0.024896815575844,-0.00384906,13.73431747101303
2023-10-31,17.756987070216706,-0.008924479946958979,0.1325398209022275,-0.20082919618278874,-4.1536307421091525,0.06428571428571428,0.0,0.0,0.0,0.0,0.00020568479999999998,0.0,0.013574137451179994,-0.01534386,13.588864149416928
2023-11-07,17.764129927359562,-0.03556111727710133,0.13080220100368667,-0.20082919618278874,-4.155420896408868,0.0,0.0,0.0,0.0,0.0,0.0,0.0,0.011321886413367994,-0.01177096,13.502671844907859
2023-11-14,17.764129927359562,0.0013618851275378774,0.13080220100368667,-0.20082919618278874,-4.155420896408868,0.0,0.0,0.0,0.0,0.0,0.0,0.0,0.004221015355432,-0.01043326,13.533831676254561
2023-11-21,17.844129927359564,-0.011057688487615779,0.13080220100368667,-0.20082919618278874,-4.155420896408868,0.0,0.0,0.0,0.0,0.0,0.0,0.0,0.0,-0.00942034,13.598204007283979
2023-11-28,17.564129927359566,-0.05748142687247423,0.13080220100368667,-0.20082919618278874,-4.155420896408868,0.0,0.0,0.0,0.0,0.0,0.0,0.0,0.0,-0.018438120000000002,13.26276248889912
2023-12-05,17.414129927359564,-0.006786187383196543,0.12557115158613374,-0.20082919618278874,-4.155420896408868,0.0,0.0,0.0,0.0,0.0,0.0,0.0,0.004638400933032,-0.00871948,13.172583719903878
2023-12-12,17.414129927359564,-0.01056339497106505,0.12557115158613374,-0.20082919618278874,-4.155420896408868,0.0,0.0,0.0,0.0,0.0,0.0,0.0011059199999999998,0.007858851354168,-0.008004820000000001,13.173847542737144
2023-12-19,16.794129927359563,-0.031090248871858798,0.12557115158613374,-0.20082919618278874,-4.155420896408868,0.0,0.0,0.0,0.0,0.0,0.0,0.00480828,0.011312049280919998,-0.008360000000000001,12.540121066763101
2023-12-26,16.92127278450242,-0.0146609612053796,0.12557115158613374,-0.20082919618278874,-4.155420896408868,0.0857142857142857,0.0,0.0,0.0,0.0,0.0,0.0027785999999999996,0.008070017815432,-0.012676380000000001,12.759819405821235
2024-01-02,17.464129927359565,-0.033727939868200364,0.14204313216505504,-0.20082919618278874,-4.190855111536722,0.15,0.0,0.0,0.0,0.0,0.0,0.00246708,0.004687906590847999,-0.00786974,13.33004605852776
2024-01-09,17.464129927359565,-0.027052727622754194,0.14204313216505504,-0.20082919618278874,-4.190855111536722,0.15,0.0,0.0,0.0,0.0,0.0,0.0,0.004086180746832,-0.008782020000000001,13.332740184929191
2024-01-16,17.464129927359565,0.013254467321118783,0.14204313216505504,-0.20082919618278874,-4.190855111536722,0.15,0.0,0.0,0.0,0.0,0.0,0.0,0.0017698630314640002,-0.0066206599999999996,13.372892422157696
2024-01-23,17.544129927359563,0.0013069946248830365,0.14204313216505504,-0.20082919618278874,-4.190855111536722,0.207,0.0,0.0,0.0,0.0,0.0,0.0,0.0013232940438079998,-0.00580702,13.4983120204738
2024-01-30,17.49984421307385,-0.013259548498242138,0.14204313216505504,-0.20082919618278874,-4.190855111536722,0.25,0.0,0.0,0.0,0.0,0.0,0.0,0.0,-0.008018540000000001,13.478924949021149
2024-02-06,17.514129927359562,-0.016923524202920308,0.12294532950846637,-0.20082919618278874,-4.190855111536722,0.25,0.0,0.0,0.0,0.0,0.0,0.0,0.0,-0.0092215,13.469245924945596
2024-02-13,17.764129927359562,-0.035114442104307225,0.12294532950846637,-0.20082919618278874,-4.190855111536722,0.25,0.0,0.0,0.0,0.0,0.0,0.0,0.0,-0.00903394,13.701242567044211
2024-02-20,17.808415641645276,-0.01460283659297111,0.12294532950846637,-0.20082919618278874,-4.190855111536722,0.25,0.0,0.0,0.0,0.0,0.0,0.0,0.0,-0.00674316,13.768330666841264
2024-02-27,17.892701355930992,0.006224740894829097,0.12294532950846637,-0.20082919618278874,-4.190855111536722,0.25,0.0,0.0,0.0,0.0,0.0156736560978996,0.0,0.006572720326331999,-0.014326,13.888107495039007
2024-03-05,17.944129927359562,0.00696502017421172,0.12206852103493215,-0.20082919618278874,-4.190855111536722,0.25,0.0,0.0,0.0,0.0,0.017968944388196396,0.0,0.02560048129398799,-0.01333286,13.961715726531379
2024-03-12,17.944129927359562,0.0142696683136085,0.12206852103493215,-0.20082919618278874,-4.190855111536722,0.25,0.0,0.0,0.0,0.0,0.017584358942110797,0.0,0.015030529807035996,-0.00128418,13.970114517737741
2024-03-19,18.024129927359564,0.0715998571890109,0.12206852103493215,-0.20082919618278874,-4.190855111536722,0.10728571428571429,0.0,0.0,0.0,0.0,0.010523810995001999,0.0,0.008532169983340004,-0.00403238,13.948423313128053
2024-03-26,17.94984421307385,0.011832756967450578,0.12206852103493215,-0.20082919618278874,-4.190855111536722,0.0,0.0,0.0,0.0,0.0,0.0,0.0,0.011006885202447997,-0.00501272,13.698055348559171
2024-04-02,17.964129927359565,0.07356203038917498,0.12644489563473105,-0.2589138652066028,-4.190855111536722,0.0,0.0,0.0,0.0,0.0,0.0,0.0,0.007276449467567997,-0.0033955599999999997,13.718248766107717
2024-04-09,17.964129927359565,0.04007371452469532,0.12644489563473105,-0.2589138652066028,-4.190855111536722,0.0,0.0,0.0,0.0,0.0,0.0,0.0,0.0014994571201123526,-0.00578348,13.67659553789578
2024-04-16,17.928415641645277,0.11882954010761931,0.12644489563473105,-0.2589138652066028,-4.190855111536722,0.0,0.0,0.0,0.0,0.0,0.0,0.0,0.0,-0.00825378,13.715667320644302
2024-04-23,18.00841564164528,0.0784349558246334,0.12644489563473105,-0.2589138652066028,-4.190855111536722,0.0,0.0,0.0,0.0,0.0,0.0,0.0,0.0,-0.00729076,13.756235756361319
2024-04-30,17.964129927359565,0.0286866583463907,0.12644489563473105,-0.2589138652066028,-4.190855111536722,0.0,0.0,0.0,0.0,0.0,0.0,0.0,0.0,-0.00832124,13.661171264597362
2024-05-07,17.964129927359565,0.02205293612311549,0.12644489563473105,-0.2589138652066028,-4.190855111536722,0.0,0.0,0.0,0.0,0.0,0.0,0.0,0.0,-0.01111374,13.651745042374088
2024-05-14,17.964129927359565,-0.0015781990393684813,0.12644489563473105,-0.2589138652066028,-4.190855111536722,0.0857142857142857,0.0,0.0,0.0,0.0,0.0,0.0,0.0,-0.01233648,13.712605452925889
2024-05-21,18.044129927359563,-0.012893217211295981,0.12644489563473105,-0.2589138652066028,-4.190855111536722,0.15,0.0,0.0,0.0,0.0,0.0,0.0,0.007222095872551998,-0.01157478,13.853559944912226
2024-05-28,17.87127278450242,0.046563342212894904,0.12644489563473105,-0.2589138652066028,-4.190855111536722,0.15,0.0,0.0,0.0,0.0,0.006390072539145599,0.0,0.009057684382679999,-0.0053522000000000005,13.754607602528548
2024-06-04,17.864129927359564,-0.05586185119761416,0.12644489563473105,-0.2589138652066028,-4.190855111536722,0.15,0.0,0.0,0.0,0.0,0.004815000480515998,0.0,0.013582565193463994,-0.008378,13.644963560727334
2024-06-11,17.864129927359564,-0.05578347492276341,0.12644489563473105,-0.2589138652066028,-4.190855111536722,0.06428571428571428,0.0,0.0,0.0,0.0,0.0044407153899504006,0.0,0.015044184462064004,-0.004953300000000001,13.563839685465938
2024-06-18,17.944129927359562,-0.046180656043845775,0.12644489563473105,-0.2589138652066028,-4.190855111536722,0.0,0.0,0.0,0.0,0.0,0.0015510026139312003,0.0,0.01228957213008,-0.005497220000000001,13.582968544951134
2024-06-25,17.864129927359564,0.05967021804765664,0.12644489563473105,-0.2589138652066028,-4.190855111536722,0.0,0.0,0.0,0.0,0.0,0.0,0.0,0.0,-0.00644454,13.594031524298627
2024-07-02,17.864129927359564,-0.01610161659190732,0.12644489563473105,-0.2589138652066028,-4.190855111536722,0.0,0.0,0.0,0.0,0.0,0.0,0.0,0.0,-0.00521524,13.519488989659063
2024-07-09,17.864129927359564,-0.009587127749647482,0.12644489563473105,-0.2589138652066028,-4.190855111536722,0.0,0.0,0.0,0.0,0.0,0.0,0.0,0.0,-0.02351334,13.507705378501324
2024-07-16,17.864129927359564,-0.0627579566076652,0.12644489563473105,-0.2589138652066028,-4.190855111536722,0.0,0.0,0.0,0.0,0.0,0.0,0.0,0.0,-0.01537324,13.462674649643304
2024-07-23,17.944129927359562,0.0376244768396019,0.12644489563473105,-0.2589138652066028,-4.190855111536722,0.0,0.0,0.0,0.0,0.0,0.0,0.0,0.0,-0.00939676,13.649033563090573
2024-07-30,17.864129927359564,-0.015373616209479217,0.12644489563473105,-0.2589138652066028,-4.190855111536722,0.0,0.0,0.0,0.0,0.0,0.0,0.0,0.0,-0.005968360000000001,13.51946387004149
2024-08-06,17.864129927359564,-0.039506060032655284,0.12644489563473105,-0.2589138652066028,-4.190855111536722,0.0,0.0,0.0,0.0,0.0,0.0,0.0,0.0,-0.01866508,13.482634706218317
2024-08-13,17.864129927359564,-0.0022244369903196707,0.12644489563473105,-0.2589138652066028,-4.190855111536722,0.0,0.0,0.0,0.0,0.0,0.0,0.0,0.0,-0.00825378,13.530327629260649
2024-08-20,17.944129927359562,-0.06625337251243164,0.12644489563473105,-0.2589138652066028,-4.190855111536722,0.25,0.0,0.0,0.0,0.0,0.0,0.0,0.0,-0.00729076,13.797261713738537
2024-08-27,17.885558498788136,0.05914293406468665,0.12644489563473105,-0.2589138652066028,-4.190855111536722,0.25,0.0,0.0,0.0,0.0,0.0,0.0,0.0,-0.008378,13.86299935174423
2024-09-03,17.914129927359564,-0.034800781307165414,0.12644489563473105,-0.2589138652066028,-4.190855111536722,0.25,0.0,0.0,0.0,0.0,0.0,0.0,0.0,0.0,13.806005064943806
2024-09-10,17.914129927359564,-0.00981228699000155,0.12644489563473105,-0.2589138652066028,-4.190855111536722,0.25,0.0,0.0,0.0,0.0,0.0,0.0,0.0,0.0,13.83099355926097
2024-09-17,17.914129927359564,-0.01101484150775308,0.12644489563473105,-0.2589138652066028,-4.190855111536722,0.25,0.0,0.0,0.0,0.0,0.0,0.0,0.0,0.0,13.82979100474322
2024-09-24,18.00127278450242,-0.07891905374436212,0.12644489563473105,-0.2589138652066028,-4.190855111536722,0.10728571428571429,0.0,0.0,0.0,0.0,0.0,0.0,0.0,0.0,13.706315363935179
2024-10-01,17.964129927359565,0.02750129192612294,0.12644489563473105,-0.2589138652066028,-4.190855111536722,0.0,0.0,0.0,0.0,0.0,0.0,0.0,0.0,0.0,13.668307138177093
2024-10-08,17.964129927359565,0.04269349676360488,0.12644489563473105,-0.2589138652066028,-4.190855111536722,0.0,0.0,0.0,0.0,0.0,0.0,0.0,0.0,0.0,13.683499343014576
2024-10-15,17.964129927359565,0.0021143208411438007,0.12644489563473105,-0.2589138652066028,-4.190855111536722,0.0,0.0,0.0,0.0,0.0,0.0,0.0,0.0,0.0,13.642920167092116
2024-10-22,18.00841564164528,0.023362674478035902,0.12644489563473105,-0.2589138652066028,-4.190855111536722,0.0,0.0,0.0,0.0,0.0,0.0,0.0,0.0,0.0,13.708454235014722
2024-10-29,17.99984421307385,-0.008924479946958979,0.12644489563473105,-0.2589138652066028,-4.190855111536722,0.0,0.0,0.0,0.0,0.0,0.0,0.0,0.0,0.0,13.667595652018298
2024-11-05,18.014129927359562,-0.03556111727710133,0.12644489563473105,-0.2589138652066028,-4.190855111536722,0.0,0.0,0.0,0.0,0.0,0.0,0.0,0.0,0.0,13.655244728973868
2024-11-12,18.014129927359562,0.0013618851275378774,0.12644489563473105,-0.2589138652066028,-4.190855111536722,0.0,0.0,0.0,0.0,0.0,0.0,0.0,0.0,0.0,13.692167731378506
2024-11-19,18.094129927359564,-0.011057688487615779,0.12644489563473105,-0.2589138652066028,-4.190855111536722,0.0,0.0,0.0,0.0,0.0,0.0,0.0,0.0,0.0,13.759748157763356
2024-11-26,17.864129927359564,-0.05748142687247423,0.12644489563473105,-0.2589138652066028,-4.190855111536722,0.0,0.0,0.0,0.0,0.0,0.0,0.0,0.0,0.0,13.483324419378496
2024-12-03,17.664129927359564,-0.006786187383196543,0.12644489563473105,-0.2589138652066028,-4.190855111536722,0.0,0.0,0.0,0.0,0.0,0.0,0.0,0.0,0.0,13.334019658867776
2024-12-10,17.664129927359564,-0.01056339497106505,0.12644489563473105,-0.2589138652066028,-4.190855111536722,0.0,0.0,0.0,0.0,0.0,0.0,0.0,0.0,0.0,13.330242451279906
2024-12-17,17.664129927359564,-0.031090248871858798,0.12644489563473105,-0.2589138652066028,-4.190855111536722,0.0,0.0,0.0,0.0,0.0,0.0,0.0,0.0,0.0,13.309715597379112
2024-12-24,17.044129927359563,-0.0146609612053796,0.12644489563473105,-0.2589138652066028,-4.190855111536722,0.0,0.0,0.0,0.0,0.0,0.0,0.0,0.0,0.0,12.70614488504559
