Date,base,weather,econ,dist,price,promotion,m_Wow_TV,m_Wow_OLV,m_Wow_Social,m_Amaze_Tot,m_Celeb_TV,m_Celeb_Outdoor,m_Celeb_Display,comp,model1,model,diff
2020-01-07,165108.96859248183,-2475.365823692002,0.0,15982.8842643167,82504.97281802038,39452.24842700659,0.0,0.0,0.0,0.0,0.0,0.0,0.0,-1144.4132514357916,299429.29502669774,283234.0819988183,-16195.213027879421
2020-01-14,165108.96859248183,-5262.734569608816,0.0,15809.795339014148,81611.47344450199,39024.9946743004,0.0,0.0,0.0,0.0,0.0,0.0,0.0,-1407.9233262600028,294884.57415442955,280166.7581008614,-14717.816053568153
2020-01-21,178860.41043338648,6188.85313220619,0.0,17825.733018756553,92017.910775798,44001.14746620454,0.0,0.0,0.0,0.0,0.0,0.0,0.0,-1074.451232934778,337819.603593417,315891.3650395124,-21928.23855390458
2020-01-28,168685.19781669293,16700.442461318744,0.0,16034.683940619696,82772.36703890623,17692.147415940708,0.0,0.0,0.0,0.0,0.0,0.0,0.0,-1648.1489985375665,300236.6896749407,284152.0285673415,-16084.661107599211
2020-02-04,173574.286433733,-11810.840004051512,6092.822158566065,14220.297263740125,73406.35268369108,0.0,0.0,0.0,0.0,0.0,0.0,0.0,0.0,-2088.5527040512534,253394.3658316275,251999.12447829585,-1395.2413533316576
2020-02-11,215054.47882633895,-3869.8627363656997,7816.717320243071,18243.76964034728,94175.85045244836,0.0,0.0,0.0,0.0,0.0,0.0,0.0,0.0,-2365.7119803423993,329055.24152266956,323299.42836525897,-5755.813157410594
2020-02-18,222873.79546435142,-7632.605796731194,8004.9140046463,18683.009901529353,96443.24507347526,0.0,0.0,0.0,0.0,0.0,0.0,0.0,0.0,-2766.517591848795,335605.8410554224,331083.24323217745,-4522.597823244927
2020-02-25,260798.61743100398,-6526.290764739155,9398.479541363486,21935.511890408176,113232.92982281145,0.0,0.0,0.0,0.0,0.0,0.0,0.0,0.0,-4344.241059545078,394495.0068613029,388721.1138307982,-5773.893030504696
2020-03-03,266828.3777147804,4361.363870912406,16185.341569314885,23390.362609556876,120742.9897752335,0.0,0.0,0.0,0.0,0.0,0.0,0.0,0.0,-5145.175072718121,426363.26046707993,414502.6499458644,-11860.610521215538
2020-03-10,266828.3777147804,15910.634686220845,16648.51639992307,24059.723042462603,124198.28378907073,0.0,0.0,0.0,0.0,0.0,0.0,0.0,0.0,-4963.746361415135,442681.7892710425,426364.44438828935,-16317.344882753154
2020-03-17,266828.3777147804,-5093.47367038246,15928.397722408408,23019.03836386942,118826.183253302,0.0,0.0,0.0,0.0,0.0,0.0,0.0,0.0,-2189.1352850604453,417319.3880989173,407922.38069583883,-9397.007403078489
2020-03-24,289051.7308671107,14793.020252920105,19554.12687270419,28258.786884854897,145874.19925266295,41135.558668274316,0.0,0.0,0.0,0.0,0.0,0.0,0.0,-4213.1289998173015,534454.2937987099,500776.4199107343,-33677.873887975584
2020-03-31,262668.1335931881,39604.71486126789,18212.86836997763,27617.519389911147,125711.51762771438,68171.25231526716,0.0,0.0,0.0,0.0,0.0,0.0,0.0,-2430.2205893089413,539555.7855680173,489412.462865035,-50143.32270298229
2020-04-07,262668.1335931881,38731.26740505517,18171.261906161264,27554.428431483975,125424.3354220828,68015.51821094629,0.0,0.0,0.0,0.0,0.0,0.0,0.0,-2691.653392360022,537873.2915765576,488294.4225040446,-49578.869072512956
2020-04-14,272218.6685017842,38795.09283773007,18765.5151572912,28455.538588993717,129526.07692359097,70239.8239874416,0.0,0.0,0.0,0.0,0.0,0.0,0.0,-3260.237632941513,554740.4783638902,504263.07397028274,-50477.40439360746
2020-04-21,294890.96316767944,13959.007476417813,19307.035205952707,29276.685491291282,133263.83562037046,72266.74797992996,0.0,0.0,0.0,0.0,0.0,0.0,0.0,-2712.810953332286,560251.4639883093,518814.6896369031,-41436.774351406144
2020-04-28,272218.6685017842,37883.27195948124,18438.429478547943,27959.55438204028,127268.41842446162,69015.53356369829,0.0,0.0,0.0,0.0,0.0,0.0,0.0,-11788.289354485692,540995.5869555279,495473.69470561406,-45521.89224991383
2020-05-05,272218.6685017842,-32935.586296922,15122.404702872911,24124.61881892424,109812.26811503439,59549.35536735103,0.0,0.0,0.0,0.0,0.0,0.0,0.0,-6623.061036043102,441268.6681730017,427514.4680866238,-13754.200086377852
2020-05-12,272218.6685017842,-24675.876764185377,15512.207121617685,24746.46666334319,112642.84225718508,61084.32835696265,0.0,0.0,0.0,0.0,0.0,0.0,0.0,-4140.22333209432,457388.4128046131,438534.2878165436,-18854.124988069525
2020-05-19,294890.96316767944,11930.5708581566,16769.669857660134,26752.484210292052,121773.98494434817,29517.818757381814,0.0,0.0,0.0,0.0,0.0,0.0,0.0,-2837.959162714542,498797.53263280366,474083.0992192574,-24714.43341354624
2020-05-26,255269.52744941512,-14087.336347866454,14724.82264046598,23490.360187888728,106925.20161386713,57983.74751680478,0.0,0.0,0.0,0.0,0.0,0.0,0.0,-7842.766108801705,436463.5569517736,416274.7157277683,-20188.84122400527
2020-06-02,246313.63714834128,16516.082415811426,22378.856631952338,25304.408170992916,115182.52269277727,62461.55455741007,0.0,5697.245389460528,0.0,0.0,0.0,0.0,0.0,-3302.5299810549477,490551.7770256909,448421.61779496487,-42130.159230726014
2020-06-09,246313.63714834128,-37784.5708879038,19659.174966179067,22229.186943308974,101184.49766688247,54870.65983301675,0.0,3952.0337734442437,0.0,0.0,0.0,0.0,0.0,-2009.1622235215618,408415.4572197474,393925.3549826922,-14490.102237055195
2020-06-16,246313.63714834128,-23637.095428325993,18362.456034092058,20762.95005372027,94510.36948072573,22909.162070208928,0.0,61.895982904185075,0.0,0.0,0.0,0.0,0.0,-2593.7079705118667,376689.6673711546,367942.0435510608,-8747.62382009381
2020-06-23,266828.3777147804,-48951.58195866621,17249.13451992307,19504.085828286305,88780.1759020673,0.0,0.0,58.1432098938385,0.0,0.0,0.0,0.0,0.0,-5255.645741725981,338212.68947455875,345633.6011350704,7420.911660511629
2020-06-30,246313.63714834128,-23255.525670602627,18185.72582868935,19516.496732569183,88836.66879668651,0.0,0.0,58.18020777311176,0.0,0.0,0.0,0.0,0.0,-1613.7498303594766,348041.43321309733,345853.5358491818,-2187.8973639155156
2020-07-07,246313.63714834128,-13555.100669438136,18663.975370008848,20029.742983966542,91172.9019778411,0.0,0.0,0.0,0.0,0.0,0.0,0.0,0.0,-2181.704577438184,360443.45223328145,354948.8173046323,-5494.634928649175
2020-07-14,246313.63714834128,-33696.16696978867,17617.176593072712,18906.342955714616,86059.32459745699,0.0,0.0,0.0,0.0,0.0,0.0,0.0,0.0,-1846.151259090635,333354.16306570626,335040.94770754286,1686.7846418365953
2020-07-21,266828.3777147804,-13755.644134778588,20269.404783236096,21752.6523796526,99015.371528016,0.0,0.0,0.0,0.0,0.0,0.0,0.0,0.0,-2329.7719925723504,391780.39027833415,385480.64453832834,-6299.745740005805
2020-07-28,246313.63714834128,19776.564818188315,21947.287354739907,23553.316814652993,107211.77235845581,34285.93200442282,0.0,0.0,0.0,0.0,0.0,0.0,0.0,-6652.2899212168995,446436.22057758423,417390.3755856783,-29045.844991905906
2020-08-04,246313.63714834128,18465.856213443738,22239.763649071334,25147.13178862777,114466.62013704871,62073.33258156659,0.0,0.0,0.0,0.0,0.0,0.0,0.0,-2493.2685593938804,486213.07295870554,445634.50934553787,-40578.56361316767
2020-08-11,246313.63714834128,-29175.535357971152,18062.04963786225,20423.272017777956,92964.19725576101,22534.372401257337,0.0,0.0,0.0,0.0,0.0,0.0,0.0,-2938.1654751119204,368183.82762791676,361922.5795360414,-6261.248091875343
2020-08-18,266828.3777147804,10448.75577913737,20357.07882988581,23018.326644312125,104776.56355928926,0.0,0.0,0.0,0.0,0.0,0.0,0.0,0.0,-3137.137417283666,422291.9651101213,407909.76825166965,-14382.196858451643
2020-08-25,248079.31876947562,7157.881094794662,18951.05816692859,21428.499186304107,97539.86645804957,0.0,0.0,6742.185994611529,0.0,0.0,0.0,0.0,0.0,-6652.843090085837,393245.96658007824,379736.2976090308,-13509.668971047446
2020-09-01,258942.4073773031,16463.00698392751,26221.013629364897,24807.263939232857,112919.58390482626,36111.26922502776,0.0,0.0,0.0,0.0,0.0,0.0,0.0,-4886.167234830384,470578.377824852,439611.6816298177,-30966.69619503431
2020-09-08,258942.4073773031,20688.47408467863,28505.1300162666,26968.228380911052,122756.02560936724,66568.5384518074,0.0,6195.9977497236105,0.0,0.0,0.0,0.0,0.0,-5262.999421682267,525361.8022483753,477906.32042897906,-47455.4818193962
2020-09-15,258942.4073773031,-4030.396709477296,27051.711375660903,25593.173230817716,116496.94537484099,63174.34398194979,0.0,6377.204508906405,0.0,0.0,0.0,0.0,0.0,-5151.889527932624,488453.499612069,453538.84853256145,-34914.651079507545
2020-09-22,280508.9611844533,-13675.431243966392,29075.213994881196,27507.575330838445,125211.06592801423,67899.86573322857,6308.107020608091,4603.086302289215,0.0,0.0,0.0,0.0,0.0,-4255.014175224525,523183.4300751221,487464.1346329268,-35719.29544219532
2020-09-29,270281.17729015276,17494.576331507124,31843.248495481675,30126.366633871745,137131.47863440815,74364.10606414435,25866.76189740625,5364.762056444073,16796.01317290537,0.0,0.0,0.0,0.0,-5803.670594008756,603464.8199823127,533871.9630570565,-69592.8569252562
2020-10-06,272218.6685017842,8233.065386862203,27306.090799378755,28346.901788141695,129031.57570092432,57440.17407416378,21863.85115258582,1648.6422371946974,12504.549703413795,0.0,0.0,0.0,0.0,-4607.832330676436,553985.6870137728,502337.9117747888,-51647.77523898397
2020-10-13,272218.6685017842,19384.73340962926,25618.250269620505,26594.72678503982,121055.89274115232,44848.93212774134,0.0,1935.6335674736183,198.1774112476851,0.0,0.0,0.0,0.0,-4034.6337932175375,507820.3810204712,471287.4661669937,-36532.9148534775
2020-10-20,284544.992211819,13562.64137493464,26944.94995116722,27971.99553623062,127325.0490129019,47171.53665167891,10608.06874616869,1950.6866912885453,208.44048173940973,0.0,0.0,0.0,0.0,-4741.722543423006,535546.6381145059,495694.165480966,-39852.47263353993
2020-10-27,278114.87369264045,28874.522038374387,26514.161755123467,27524.787227488705,125289.41234351287,46417.371540382854,0.0,1482.7412653699284,205.10799460264388,0.0,0.0,0.0,0.0,-6643.504060497973,527779.4737969973,487769.14815029927,-40010.32564669807
2020-11-03,286175.6180898923,21280.956558244245,27989.04924918001,24675.5851141499,76777.02363934001,18344.587776489963,10052.354200627364,781.7412760519655,0.0,0.0,0.0,0.0,0.0,-4897.2573128237855,461179.658591152,437278.18971907813,-23901.468872073863
2020-11-10,286175.6180898923,4802.442698582599,25127.61324343871,22152.898220437986,68927.79168081982,0.0,331.3967120901216,233.6284388398053,0.0,0.0,0.0,0.0,0.0,-5908.018072828243,401843.3710112731,392573.43589024956,-9269.935121023562
2020-11-17,286175.6180898923,-20311.479710203188,23513.54547953361,20729.910746527545,64500.22725154692,0.0,0.0,0.0,0.0,0.0,0.0,0.0,0.0,-5090.910545299179,369516.91131199803,367356.55111503653,-2160.3601969614974
2020-11-24,294890.96316767944,-5781.219350219239,24655.55742988625,21736.726406160218,67632.89094898233,0.0,0.0,0.0,0.0,0.0,0.0,0.0,0.0,-13823.182910982112,389311.7356915069,385198.4189770688,-4113.316714438086
2020-12-01,201664.54963583837,-9614.004039520369,13689.567344259995,14691.324331033917,45711.42488573416,0.0,0.0,0.0,0.0,0.0,0.0,0.0,0.0,-3539.851173249219,262603.0109840969,260346.2361006585,-2256.7748834383965
2020-12-08,201664.54963583837,6634.271800139977,14588.15109582158,15655.663451533852,48711.92465538328,0.0,0.0,0.0,0.0,0.0,0.0,0.0,0.0,-2899.032522860449,284355.5281158566,277435.37351874914,-6920.154597107437
2020-12-15,201664.54963583837,4132.719351649575,14619.720424092317,18606.30837976787,48817.33916130979,0.0,0.0,0.0,0.0,0.0,0.0,0.0,0.0,-2846.516949119803,284994.12000353815,278035.7544938988,-6958.3655096393195
2020-12-22,108484.32273663448,130.46980382784386,8482.174155146437,10795.141321681614,28323.193641562975,13250.80597125439,0.0,0.0,0.0,0.0,0.0,0.0,0.0,-993.2282266437833,168472.87940346397,161312.77634341008,-7160.103060053894
2020-12-29,126763.09583715745,-2287.8408671353536,10400.476879454684,13236.537669823068,34728.681023681274,27551.235647822963,0.0,0.0,0.0,0.0,0.0,0.0,0.0,-1976.6711209971108,208415.51506980698,197794.78351105814,-10620.731558748841
2021-01-05,212004.1121958447,-14380.750957690063,19931.35528425139,21725.05705489393,56999.99467389204,45219.692740826926,0.0,0.0,0.0,0.0,0.0,0.0,0.0,-2034.0701510192594,339465.39084099967,324639.4989480327,-14825.891892966989
2021-01-12,212004.1121958447,-17745.20032174111,19712.379892401863,21486.375198407448,56373.76549925248,44722.88759155356,729.1977218812099,0.0,0.0,0.0,0.0,0.0,0.0,-2940.4047065575724,334343.1130710426,321072.8543080687,-13270.258762973885
2021-01-19,229661.31303566953,2634.1010733821313,23019.91261160304,25091.565914783452,65832.69815533533,52226.92387807189,4731.810577326629,0.0,0.0,0.0,0.0,0.0,0.0,-1983.2519528394914,401215.0732933325,374945.5463253613,-26269.52696797118
2021-01-26,215054.47882633895,930.8368591292528,19250.89760763268,20983.36229118402,55054.01140331672,19522.9436758589,0.0,0.0,0.0,0.0,0.0,0.0,0.0,-5016.31786903902,325780.2127944215,313556.286790994,-12223.926003427478
2021-02-02,222873.79546435142,9594.868413294724,30150.11242737301,21782.91840816225,57151.80540653074,0.0,0.0,0.0,0.0,0.0,0.0,0.0,0.0,-3498.448994129838,338055.0511255823,325504.1264003812,-12550.924725201097
2021-02-09,286175.6180898923,27731.344509044604,40193.07501435786,29038.77972992265,76188.99622493976,0.0,0.0,0.0,0.0,0.0,0.0,0.0,0.0,-4056.6769526000135,455271.1366155572,433929.12054335687,-21342.01607220032
2021-02-16,276135.41678555496,11807.058467587864,38359.41314997978,27713.991741946724,72713.15226890967,0.0,6486.1906294932705,4370.333266452886,0.0,0.0,0.0,0.0,0.0,-3979.9666791344644,433605.5896307907,414132.6934250222,-19472.896205768513
2021-02-23,318085.4181827531,4458.275602764275,44313.896572611935,32015.99979814858,84000.32337603025,0.0,18453.35865123046,7436.856293917925,201.1758122058236,0.0,0.0,0.0,0.0,-7794.031233820831,501171.2730558415,478417.9901819832,-22753.28287385829
2021-03-02,342614.418879335,5950.208601862774,35717.268152587,33711.408692760335,88448.56476470694,0.0,12091.803069909743,10394.558059587143,211.8290875539533,0.0,0.0,0.0,0.0,-3970.091240685724,525169.9680676172,503752.6391390879,-21417.328928529227
2021-03-09,342614.418879335,-28272.460146295896,33065.04578744358,31208.133478276897,81880.72590783739,0.0,14610.925568597391,2392.950349059247,196.09950148372445,0.0,0.0,0.0,0.0,-2851.9499396406463,474843.8893860967,466345.97045667574,-8497.918929420935
2021-03-16,342614.418879335,-7484.635625444178,33479.57708039455,31599.38495285524,82907.25172596372,0.0,138.01789697958156,1962.6153682786971,198.55797017662553,0.0,0.0,0.0,0.0,-2011.6860591204022,483403.5021894188,472192.4767442701,-11211.025445148698
2021-03-23,371149.76917095477,-34177.31134286942,38663.05992521532,36491.76664025505,95743.38510963263,44792.86605791171,13883.688506664243,2266.4777219764655,229.299751341925,0.0,0.0,0.0,0.0,-3528.9131530926097,565514.0883879901,545299.7802439505,-20214.30814403959
2021-03-30,347544.0383081801,11859.679082802031,40725.87924261321,38438.739313837956,100851.65395072359,80008.44263490394,1248.6743719612714,1710.8118416423677,241.5337534478167,0.0,0.0,0.0,0.0,-5715.074077885249,616914.378422227,574393.5695776392,-42520.808844587766
2021-04-06,337272.55968758464,-17603.948738783947,36674.69044239662,35918.87782307627,94240.29770942865,74763.46849864424,8801.022060520714,754.7340434254147,0.0,0.0,0.0,0.0,0.0,-2238.8757544677937,568582.8257718248,536739.0506637277,-31843.77510809712
2021-04-13,337272.55968758464,-6508.275782651501,36812.125781629526,36053.48081764637,94593.45535381138,75043.63835233328,0.0,683.4133805581369,0.0,0.0,0.0,0.0,0.0,-2167.3662946152035,571783.0312962966,538750.435425744,-33032.595870552585
2021-04-20,378647.491858829,-1687.9740505809896,41556.07920266676,40699.668182097026,106783.64911755727,84714.46059716796,0.0,771.4843945471803,0.0,0.0,0.0,0.0,0.0,-4731.060188362608,646753.7991139216,608178.8348174116,-38574.96429650998
2021-04-27,349535.68925318564,-22689.40994923038,36705.82137036114,35949.36718739226,94320.29260192683,74826.93068807595,0.0,403.64188875316177,0.0,0.0,0.0,0.0,0.0,-6888.816250403062,562163.5167900615,537194.6560013699,-24968.860788691556
2021-05-04,349535.68925318564,52316.026512313634,71337.80652305216,43003.58224859997,112828.4244747844,89509.950244228,0.0,366.47603617352434,0.0,0.0,0.0,0.0,0.0,-4238.2428956154035,714659.7123967219,642606.4317751083,-72053.28062161361
2021-05-11,349535.68925318564,23231.082708259695,68142.68400351156,41077.51077597891,107774.99407855864,85500.92232919298,0.0,166.77306762663648,0.0,0.0,0.0,0.0,0.0,-3546.46374990372,671883.1924664103,613824.9709840097,-58058.221482400666
2021-05-18,349535.68925318564,13144.881559324102,61445.316194952815,37040.22926366585,97182.38554743363,34462.27061328816,0.0,150.38186450942885,0.0,0.0,0.0,0.0,0.0,-4979.995589278755,587981.1587070809,553495.5069942145,-34485.65171286638
2021-05-25,365363.002191191,-29616.15479575994,55311.732298648916,33342.80580170214,87481.4619960463,0.0,0.0,3255.8526312380563,0.0,0.0,0.0,0.0,0.0,-9367.899423006398,505770.8007000601,498244.5726902144,-7526.228009845712
2021-06-01,316272.9705752721,-3549.2464345914195,30754.06562250736,29381.789899787866,77088.95141520724,0.0,0.0,3781.8273380239843,0.0,0.0,0.0,0.0,0.0,-3323.2767137045157,450407.0817025026,439054.7526371075,-11352.329065395112
2021-06-08,316272.9705752721,16891.117043441976,32042.12441668159,30612.374282794597,80317.63353557757,0.0,0.0,0.0,0.0,0.0,0.0,0.0,0.0,-1620.3465933606494,474515.8732604072,457443.48673815804,-17072.386522249144
2021-06-15,316272.9705752721,-12991.576641763037,34528.28266029467,32987.597775781585,86549.50331191317,65620.76439140999,0.0,0.0,0.0,0.0,0.0,0.0,0.0,-3972.9941605731146,518994.5479123354,492936.66692656995,-26057.880985765427
2021-06-22,342614.418879335,-3542.937289791531,41610.65916337434,39753.95188840397,104302.37491112773,131402.71140475012,0.0,0.0,0.0,0.0,0.0,0.0,0.0,-17272.07256199792,638869.1063952018,594046.9104244974,-44822.19597070431
2021-06-29,316272.9705752721,-4046.264415352489,38759.88099665765,37030.37816083472,97156.53922594921,122400.21088560706,0.0,0.0,0.0,0.0,0.0,0.0,0.0,-10214.920957176131,597358.7944717921,553348.3010706985,-44010.493401093525
2021-07-06,316272.9705752721,-59831.69997527677,36864.88477690949,34380.120023673866,90203.06152870308,113640.04771684762,0.0,0.0,0.0,5865.0073037232505,0.0,0.0,0.0,-1541.797947987041,535852.5940018655,513745.2532371827,-22107.340764682798
2021-07-13,316272.9705752721,-6891.157441584102,31151.97130097152,29052.267999282514,25551.49371019518,44108.83966577321,0.0,0.0,0.0,11723.480989935808,0.0,0.0,0.0,-2794.6079646497965,448175.25883519644,434130.67697635567,-14044.581858840771
2021-07-20,342614.418879335,29119.32373293623,33617.896158981835,31351.984737875406,27574.096481959452,0.0,0.0,0.0,0.0,23966.86259140895,0.0,0.0,0.0,-3833.028028821689,484411.5545536752,468495.55288221734,-15916.001671457838
2021-07-27,316272.9705752721,-8896.15136661625,28043.872911894578,26153.66147145792,23002.16687396093,0.0,0.0,0.0,0.0,17777.08079527167,0.0,0.0,0.0,-6621.323075134249,395732.2781861067,390816.5366055021,-4915.741580604634
2021-08-03,316272.9705752721,-29669.74043945613,29909.761299811653,24693.624898491078,21718.06350166176,0.0,0.0,0.0,0.0,7705.686634617276,0.0,0.0,0.0,-1491.4820218327804,369138.88444856496,368999.0776089107,-139.80683965428034
2021-08-10,316272.9705752721,-36400.01047214051,29465.9970979371,24327.251304445614,21395.837622978317,0.0,0.0,0.0,0.0,9771.507890600304,0.0,0.0,0.0,-2565.8612458347343,362267.6927732582,363524.3237475898,1256.6309743315796
2021-08-17,316272.9705752721,-18983.786600805237,30794.91165934765,25424.408763265703,22360.78851455165,0.0,0.0,0.0,0.0,9309.608450617816,0.0,0.0,0.0,-2726.960571107804,382451.9407911419,379919.2472130816,-2532.693578060309
2021-08-24,342614.418879335,2266.953253279091,35222.055045438174,29079.476988388167,25575.424038595404,0.0,0.0,0.0,0.0,10083.841232715058,0.0,0.0,0.0,-2391.8991782377125,442450.27025951317,434537.26336956164,-7913.006889951532
2021-08-31,330122.1754209708,-61634.94012698351,28509.443563962006,23537.51667812915,20701.265366603504,0.0,0.0,0.0,0.0,10526.840713046433,0.0,0.0,0.0,-7101.714181516378,344660.587434212,351723.2475643839,7062.66013017192
2021-09-07,332488.6325307685,-18819.790894819715,34282.4314109055,30872.561264678836,27152.443141152966,61413.41611713829,0.0,0.0,0.0,12892.114527520025,0.0,0.0,0.0,-5031.626993305283,475250.18110403913,461331.48441836063,-13918.6966856785
2021-09-14,332488.6325307685,3854.6272001645993,38876.66949073487,35009.837728066894,30791.18120918289,115721.51659845962,0.0,0.0,0.0,0.0013345174374990165,0.0,0.0,0.0,-5926.979826240684,550815.4862656541,523155.18203581823,-27660.304229835863
2021-09-21,360180.6357695131,27035.387518977746,43831.69409519748,39472.01542006689,34715.67017623212,130470.7986105865,0.0,0.0,0.0,0.0,0.0,0.0,0.0,-6420.661203165771,629285.5403874081,589833.9081946367,-39451.632192771416
2021-09-28,342125.31914963754,-33148.28025816439,37248.72697269439,33543.816998055496,29501.81476581859,110875.73172052251,0.0,0.0,0.0,0.0,0.0,0.0,0.0,-5636.220343188965,514510.9090053752,501248.30123749527,-13262.607767879905
2021-10-05,349535.68925318564,15588.495830169704,30372.403253779863,35110.45883287059,30879.67755399819,92025.27159951843,0.0,0.0,0.0,0.0,0.0,0.0,0.0,-3386.843615710619,550125.1527078118,524658.7723354683,-25466.38037234347
2021-10-12,349535.68925318564,16839.49944057362,29111.560748075775,33652.926528911456,29597.776688360434,70046.99659116403,0.0,0.0,0.0,0.0,0.0,0.0,0.0,-4990.101072684454,523794.3481775865,502878.7348579011,-20915.61331968539
2021-10-19,378647.491858829,-9999.947474628862,29934.18244719226,34603.876147895935,30434.137663991365,72026.35385930975,0.0,0.0,0.0,0.0,0.0,0.0,0.0,-4567.572535247775,531078.5219673417,517088.8613055278,-13989.660661813861
2021-10-26,339690.27381355746,-13887.258049682016,26397.822590901924,30515.8487331731,26838.71417495591,63517.31551051518,0.0,0.0,0.0,0.0,0.0,0.0,0.0,-6936.458288440306,466136.25848498126,456001.0966912355,-10135.161793745763
2021-11-02,367456.76726374595,-6082.191164618649,26324.05095211143,30900.551577929582,27177.060644785117,28749.90764765814,0.0,0.0,0.0,0.0,0.0,0.0,0.0,-5296.849537493719,469229.29738411785,461749.7462091654,-7479.551174952474
2021-11-09,367456.76726374595,-1423.4268022194738,24970.02168616309,29311.12101321225,25779.155149827886,0.0,0.0,0.0,0.0,0.0,0.0,0.0,0.0,-4299.671619097295,441793.9666916324,437998.74105236673,-3795.225639265671
2021-11-16,367456.76726374595,13179.618267014914,25799.861920710537,30285.231001668202,26635.885689546354,0.0,0.0,0.0,0.0,0.0,0.0,0.0,0.0,-4491.273978216923,458866.09016446903,452554.9550026256,-6311.135161843442
2021-11-23,398061.1639064631,487.28382946929196,28328.525101299805,33253.50845931162,29246.488166122872,0.0,0.0,0.0,0.0,19424.186030486308,0.0,0.0,0.0,-3828.7691170567414,504972.3863760962,496910.1943998465,-8062.191976249742
2021-11-30,272218.6685017842,-5640.169591687736,20069.570675408875,23558.714611613832,35597.78567452135,0.0,0.0,0.0,0.0,20125.09049436811,0.0,0.0,0.0,-7255.584938556189,358674.07542745245,352040.0102079903,-6634.065219462151
2021-12-07,258942.4073773031,-15747.915158063697,30039.45056594588,21896.032974870992,33085.433641505195,0.0,0.0,0.0,0.0,7919.692696930433,0.0,0.0,0.0,-5182.760600199632,330952.3414982923,327194.4076349601,-3757.933863332204
2021-12-14,258942.4073773031,9848.015865860565,31855.654488936125,23219.880789583258,35085.79960164882,0.0,0.0,0.0,0.0,2669.350038337114,0.0,0.0,0.0,-5608.083762933151,356013.02439873584,346976.78565890255,-9036.238739833294
2021-12-21,139296.62770599453,8818.165283450653,17855.017396032432,13014.68709662836,19665.50592952734,0.0,0.0,0.0,0.0,5178.699296186125,0.0,0.0,0.0,-2316.3128337023954,201512.38987411704,194479.65026462806,-7032.739609488985
2021-12-28,160458.3236409618,490.54916082369164,21714.015377707896,15827.54636884539,23915.80409543874,19427.975946305814,0.0,0.0,0.0,9350.761805723887,0.0,0.0,0.0,-2934.859331222571,248250.11706458466,236512.46161405384,-11737.655450530816
2022-01-04,272218.6685017842,1558.994746867218,38037.65100633062,28229.605035620276,42655.61369969597,58758.60591206554,0.0,0.0,0.0,8205.338873907109,0.0,0.0,0.0,-2410.9579990303027,447253.51977724064,421837.549660207,-25415.970117033634
2022-01-11,272218.6685017842,-7348.85321753833,39741.844313904585,29494.370411619835,67133.63427266182,61391.15603828267,0.0,0.0,0.0,10931.70796291862,0.0,0.0,0.0,-2543.40861610946,471019.11966752395,440737.0534412024,-30282.066226321564
2022-01-18,272218.6685017842,-20151.652002951654,38279.53399626055,28409.118257123453,64663.436732697475,59132.25430796045,0.0,0.0,0.0,7306.241516432958,0.0,0.0,0.0,-2404.199749073945,447453.4015602335,424520.03201853024,-22933.369541703258
2022-01-25,294890.96316767944,-1802.373598176171,39463.413974515104,29287.733610898664,66663.29775714071,27249.3400125567,0.0,0.0,0.0,7731.425751852221,0.0,0.0,0.0,-5374.203367726994,458109.59730873967,437649.26097737317,-20460.336331366503
2022-02-01,286175.6180898923,-21694.75354955066,21421.1042626056,24392.463131202618,55520.924027399626,0.0,0.0,0.0,0.0,4904.178249804303,0.0,0.0,0.0,-3257.701707374945,367461.83250397886,364498.7899922755,-2963.0425117033883
2022-02-08,367456.76726374595,-22127.862594875915,28058.96074526437,31951.068305732217,72725.44910512085,0.0,0.0,0.0,0.0,9052.036271356861,0.0,0.0,0.0,-3388.9008973575546,483727.51819898677,477447.71299878735,-6279.805200199422
2022-02-15,354564.8936003154,13998.095809336577,29171.886000407918,33218.369371124194,75610.0174159556,0.0,0.0,0.0,0.0,7879.513212580525,0.0,0.0,0.0,-1606.2347708391026,512836.5406388811,496385.1078164684,-16451.432822412695
2022-02-22,398061.1639064631,11821.91993348021,32203.167857132095,36670.125640267855,83466.73514673184,0.0,0.0,0.0,0.0,7583.74364875129,0.0,0.0,0.0,-6186.068611926748,563620.7875208997,547965.0149658076,-15655.772555092117
2022-03-01,439925.62196476647,-6707.716442673816,43040.56240138947,39667.90896409808,90290.14200309373,0.0,0.0,0.0,0.0,4103.322377645527,0.0,0.0,0.0,-4407.479846035014,605912.3614222845,592761.1631988805,-13151.198223404004
2022-03-08,439925.62196476647,8238.874265859486,44057.778636696166,40605.41625414335,92424.04995432205,0.0,0.0,0.0,0.0,2502.4780762976734,0.0,0.0,0.0,-3748.728757599485,624005.4903944858,606770.4197053844,-17235.070689101354
2022-03-15,439925.62196476647,59473.57532970444,52625.949556574924,48502.18630256655,110398.28927415248,73638.83463804633,0.0,0.0,0.0,1770.942435132456,0.0,0.0,0.0,-4258.425617649918,782076.9738832937,724772.5711082709,-57304.40277502278
2022-03-22,476565.73701329425,2817.0852515706792,55399.409413249115,51058.318169156206,116216.43082080921,106275.50729274249,0.0,0.0,0.0,12816.067673358717,0.0,0.0,0.0,-7612.097588806064,813536.4580453746,762969.0815394297,-50567.37650594488
2022-03-29,444982.1829556038,30131.205770783243,53832.449396629934,49614.14495622378,112929.27483306243,103269.52812369703,0.0,0.0,0.0,15119.993381253793,0.0,0.0,0.0,-8578.69233994477,801300.0870773093,741388.6701713072,-59911.416906002094
2022-04-05,433066.538990192,2750.804973459686,52686.30066833878,46910.29569002648,106774.9062117954,97641.59201627888,0.0,0.0,0.0,12315.248560510925,0.0,0.0,0.0,-1905.9283380340785,750239.7587725681,700984.8052336272,-49254.95353894087
2022-04-12,433066.538990192,8907.294013051898,52698.58634294465,46921.2344847644,106799.80455799075,97664.36060720857,0.0,0.0,0.0,7489.79008916649,0.0,0.0,0.0,-3056.920001594117,750490.6890837246,701148.2646360059,-49342.424447718775
2022-04-19,486193.00351180113,49575.91095626773,61424.8490536575,54690.83604789816,124484.58923060028,113836.42379285663,0.0,0.0,0.0,0.0007899272022768855,0.0,0.0,0.0,-4830.865311610629,885374.748071398,817250.125823679,-68124.62224771897
2022-04-26,448812.7090405586,-16579.554343866883,51934.86946323875,46241.24397117831,105252.04361883819,96248.99207614572,0.0,0.0,0.0,0.0,0.0,0.0,0.0,-5151.288796624169,726759.0150294685,690987.1046877383,-35771.91034173011
2022-05-03,448812.7090405586,-8009.4633606158895,48850.863097562804,46671.09102171776,106230.44031900063,97143.69865858776,0.0,0.0,0.0,0.0,0.0,0.0,0.0,-3461.678655160358,736237.6601216514,697410.348169162,-38827.31195248931
2022-05-10,448812.7090405586,-17918.95935525454,48319.92258144298,46163.84157751629,105075.86409998825,96087.8826047203,0.0,0.0,0.0,0.0,0.0,0.0,0.0,-1142.144825275056,725399.1157236968,689830.4736955934,-35568.64202810335
2022-05-17,448812.7090405586,-6439.109364318661,44684.40219440963,42690.54157551483,97170.10958482348,39719.32748932496,0.0,0.0,0.0,0.0,0.0,0.0,0.0,-6257.027102659107,660380.9534176537,637928.6365912356,-22452.316826418042
2022-05-24,469135.38113082823,38961.75081424578,46866.795033303555,44775.553965690895,101915.91216689453,0.0,0.0,0.0,0.0,0.0,0.0,0.0,0.0,-8154.901861223625,693500.4912497394,669085.1659359885,-24415.325313750887
2022-05-31,411945.6346541568,16925.71824794577,39852.991236443166,38074.71277977305,86663.78726249759,0.0,0.0,0.0,0.0,0.0,0.0,0.0,0.0,-8270.149141415139,585192.6950394012,568953.8880465842,-16238.806992816972
2022-06-07,406102.53282998357,-3769.9404146579327,46072.15673926554,38434.57337220537,87482.88423132052,24094.207108876086,0.0,0.0,0.0,0.0,0.0,0.0,0.0,-4527.250316676218,593889.1635503169,574331.3175337979,-19557.846016519004
2022-06-14,406102.53282998357,-7485.591449625674,53758.53866259917,44846.750073006144,102077.9652422258,125382.53436712048,0.0,0.0,0.0,0.0,0.0,0.0,0.0,-8957.726314582047,715725.0034107275,670149.0558280812,-45575.94758264627
2022-06-21,439925.62196476647,34446.27915775415,64341.09357815888,53674.98847454868,122172.36698227783,177417.30532786984,0.0,0.0,0.0,0.0,0.0,0.0,0.0,-9231.354564457317,882746.3009209186,802070.2233550015,-80676.07756591705
2022-06-28,406102.53282998357,36232.32460866892,59522.54682901071,49655.23334075662,113022.79819164053,164130.40682665387,0.0,0.0,0.0,0.0,0.0,0.0,0.0,-11555.791225138935,817110.0514015753,742002.6576298252,-75107.39377175015
2022-07-05,406102.53282998357,-32971.665334007936,65705.85119371128,46252.22335224843,105277.03434564627,152882.0977105518,0.0,0.0,0.0,0.0,0.0,0.0,0.0,-4199.576681229053,739048.4974169043,691151.1705753612,-47897.32684154308
2022-07-12,406102.53282998357,-40140.71720476134,55838.148008596036,39306.06553829531,89466.53180654452,59676.75028895703,0.0,0.0,0.0,0.0,0.0,0.0,0.0,-3786.667778849718,606462.6434887653,587354.104052687,-19108.539436078398
2022-07-19,439925.62196476647,-17660.716819853405,56275.89581308118,39614.20870754379,90167.9121221521,0.0,0.0,0.0,0.0,0.0,0.0,0.0,0.0,-4864.4564439784735,603458.4653437117,591958.7153923182,-11499.74995139346
2022-07-26,406102.53282998357,-34117.84218877414,51611.03970920906,36330.483399940655,98500.82610907458,0.0,0.0,0.0,0.0,0.0,0.0,0.0,0.0,-9924.64889916568,548502.390960268,542889.7101487565,-5612.680811511469
2022-08-02,406102.53282998357,8940.795572083094,48777.80407621025,39064.41300682165,105913.17793047306,0.0,0.0,0.0,0.0,0.0,0.0,0.0,0.0,-5459.8835359526565,603338.839879619,583743.0683468241,-19595.77153279481
2022-08-09,406102.53282998357,5523.381056171493,51206.93959595135,41009.821476715966,111187.65609512362,34036.18974270427,0.0,0.0,0.0,0.0,0.0,0.0,0.0,-7070.750523201772,641995.7702734484,612813.4836428569,-29182.286630591494
2022-08-16,406102.53282998357,5244.491414040909,53537.667895508115,42876.419094729354,116248.45876497857,60971.25829245814,0.0,0.0,0.0,0.0,0.0,0.0,0.0,-5782.038719374221,679198.7895723245,640706.2212277706,-38492.56834455393
2022-08-23,439925.62196476647,-4993.073938150075,57173.93241827306,45788.57436308474,124144.02394458652,65112.4103476787,0.0,0.0,0.0,0.0,0.0,0.0,0.0,-5344.911252235412,721806.5778480041,684222.8216578158,-37583.75619018823
2022-08-30,420868.2996674217,-44060.46841965336,51266.850716674,41057.802168096765,111317.74348444532,58385.143017211696,0.0,0.0,0.0,0.0,0.0,0.0,0.0,-6455.611540218466,632379.7590939776,613530.4634680279,-18849.295625949744
2022-09-06,426923.8549292574,35277.01379685302,68100.36159956432,51479.050665838295,139572.2969627279,130380.56690510805,0.0,0.0,0.0,0.0,0.0,0.0,0.0,-4632.800723634078,847100.3441357149,769256.1254154888,-77844.21872022608
2022-09-13,426923.8549292574,14213.456426652381,70557.13102120033,53336.19436610746,144607.4677493649,176297.45529177517,0.0,0.0,0.0,0.0,0.0,0.0,0.0,-4716.981619409751,881218.5781649479,797007.5922496838,-84210.98591526411
2022-09-20,462481.0909268047,38181.30618226458,81071.23105891666,61284.10941140354,166156.20931683038,202568.49344914546,0.0,0.0,0.0,0.0,29247.190725935157,0.0,1585.2838171985932,-5307.487363498192,1037267.4275250009,915774.0079818467,-121493.41954315419
2022-09-27,436170.9453782269,23673.69818032498,74196.46326174366,56087.27181122254,152066.31155418814,185390.86659808678,0.0,0.0,0.0,0.0,10762.42979253619,0.0,6954.077053989284,-7535.1720527928555,937766.8915775256,838117.1921505147,-99649.69942701096
2022-10-04,448812.7090405586,-7882.380548620946,80584.06813341263,53545.52337092522,145175.0098785503,140343.97427283297,0.0,0.0,0.0,0.0,13678.832612653961,0.0,7115.994535221253,-5362.282189083053,876011.449106451,800135.6145636236,-75875.83454282745
2022-10-11,448812.7090405586,42716.09192341706,81828.49895766971,54372.407658690936,147416.89541981637,113173.62995606603,0.0,0.0,0.0,0.0,10787.489562575473,0.0,5038.93736055051,-4658.907208605786,899487.7526707388,812491.8215089026,-86995.93116183626
2022-10-18,448812.7090405586,4129.286055823322,78737.32250965165,52318.42025677697,141848.033214518,108898.35100175126,0.0,0.0,0.0,0.0,14582.11069044564,0.0,7730.680955280899,-3678.1705378752667,853378.743186931,781798.9013790245,-71579.84180790652
2022-10-25,469135.38113082823,25277.366716134595,83422.66005197109,55431.676470866194,150288.83224273846,115378.44857152365,0.0,0.0,0.0,0.0,10063.928036682075,0.0,8369.238155058702,-8731.870381121524,908635.6609946814,828320.5714894884,-80315.08950519306
2022-11-01,471823.82870056183,-32351.636423529708,70992.93901593913,47551.29095787462,128923.17975354183,44241.77413526329,0.0,0.0,0.0,0.0,2636.885651572142,1388.4182281977264,8751.627139067976,-2212.6358555844054,741745.6713029045,710563.2556863228,-31182.415616581682
2022-11-08,471823.82870056183,-25587.744243803667,67622.03901913448,45293.45167470339,122801.62524061068,0.0,0.0,0.0,0.0,0.0,1595.0068464160431,8773.202832051786,7084.179186037858,-1861.4933418679284,697544.0959138444,676824.158396875,-20719.937516969396
2022-11-15,471823.82870056183,-7515.829765003873,69327.95674686239,46436.08066493552,125899.57189425244,0.0,0.0,0.0,0.0,0.0,0.0,12090.686608264688,3940.296050521196,-1049.8570176060311,720952.7338827882,693898.5670824372,-27054.166800351
2022-11-22,511120.65185220365,-43481.50447963085,70719.32495189714,47368.02340831573,128426.29660360387,0.0,0.0,0.0,0.0,0.0,0.0,3085.143946646829,5517.839042504202,-1217.8537313267589,721537.9215942138,707824.6720631871,-13713.249531026697
2022-11-29,367456.76726374595,-28038.851658160216,50634.66770181438,33915.257627292885,91952.55833000835,0.0,0.0,0.0,0.0,0.0,0.0,1262.36107276252,3943.3256359953666,-4929.735392021539,516196.3505814377,506798.77226548316,-9397.578315954539
2022-12-06,332488.6325307685,13932.020476450736,51028.711433868506,33376.641879785806,90492.239305327,0.0,0.0,0.0,0.0,0.0,0.0,215.95196592458524,2456.642032039934,-2804.6980335962726,521186.1415905688,498750.1882753747,-22435.953315194114
2022-12-13,332488.6325307685,-4147.852736692468,49101.47028636042,32116.08021187602,87074.548318844,0.0,0.0,0.0,0.0,0.0,0.0,0.0,2476.3639946969924,-3357.880058698065,495751.3625471554,479913.5008858174,-15837.861661338015
2022-12-20,178860.4104333868,-6810.547529850941,25942.53688201189,16968.383849672362,46005.43869810822,0.0,0.0,0.0,0.0,0.0,0.0,0.0,1655.3207529244537,-2152.760368745163,260468.7827175076,253560.09961201122,-6908.6831054963695
2022-12-27,204566.1481302796,-7445.234731760691,30979.755919581687,20263.106588358234,43673.40341087335,24872.53161178215,0.0,0.0,0.0,0.0,0.0,0.0,1667.2674241111963,-2353.825222860498,316223.153130365,302793.44046617177,-13429.712664193241
2023-01-03,349535.68925318564,-5232.454960410483,29484.191396587586,35716.42886308866,76936.51381715073,74342.0804330936,0.0,0.0,0.0,0.0,2369.305956651224,0.0,3618.6366050110664,-5363.287912018481,561407.1034523395,533713.837483995,-27693.265968344524
2023-01-10,349535.68925318564,-33106.312306555046,28002.195048504276,33921.1747070665,73069.36918436701,70605.34265966038,0.0,0.0,0.0,0.0,5640.352977238304,0.0,1722.056778436643,-5810.654178576893,523579.2141233268,506887.1917254689,-16692.022397857916
2023-01-17,349535.68925318564,-12917.04653547192,29107.82391296624,35260.50649186509,75954.41457235627,73393.09928711515,0.0,0.0,0.0,0.0,5798.393783713924,0.0,0.0,-4336.268249294953,551796.6125164354,526900.9481194582,-24895.664396977285
2023-01-24,378647.491858829,-2555.4025388805894,29168.792189972475,35334.361972563434,76113.5061554762,32875.12978330423,0.0,0.0,0.0,0.0,2309.4937845820095,0.0,0.0,-6961.668421739363,544931.7047841074,528004.577269333,-16927.127514774445
2023-01-31,364841.42768712476,-9910.990880196914,25956.834093039215,31443.47443431418,67732.172064238,0.0,0.0,0.0,0.0,0.0,0.0,0.0,3134.2214961882564,-6909.316647419997,476287.8222472875,469862.6917180668,-6425.130529220682
2023-02-07,367456.76726374595,-3560.509036384232,54006.70885228168,34258.58466692356,73796.18165876338,0.0,0.0,0.0,0.0,0.0,0.0,0.0,5956.037942167197,-4941.441375663853,526972.3299718337,511929.1393728925,-15043.190598941233
2023-02-14,455270.3352479896,-25824.682110264082,64714.74854618136,41051.11641466664,88427.92758910044,0.0,0.0,0.0,0.0,0.0,0.0,0.0,6295.8766871952685,-4506.254970621434,625429.0674042478,613430.5576478419,-11998.509756405954
2023-02-21,511120.65185220365,-64470.58549112745,68620.83777687373,43528.90281324624,93765.3102322818,0.0,0.0,0.0,0.0,0.0,0.0,0.0,6477.021411043126,-7094.588058336172,651947.5505361849,650456.3446412958,-1491.2058948890772
2023-02-28,550535.4697239142,21837.475203724345,83160.54298123391,52752.011059632176,113632.74428497558,0.0,0.0,0.0,0.0,0.0,0.0,2839.862428536988,6511.680842684815,-13878.8813984734,817390.9051262286,788278.0880910186,-29112.81703520997
2023-03-07,564875.6800549232,24164.558293939685,89803.81377668143,55308.98165138031,119140.69705416705,0.0,0.0,0.0,0.0,0.0,0.0,11779.47332688619,4601.384726951714,-7461.833356492687,862212.7555284369,826487.1316683283,-35725.62386010855
2023-03-14,564875.6800549232,12617.345079185558,87713.90888408397,54021.83685767208,116368.06730483193,0.0,0.0,0.0,0.0,0.0,0.0,1813.9879368923139,5676.873335399665,-6470.483981602592,836617.2154713861,807253.2102177554,-29364.00525363069
2023-03-21,611922.5190475958,-21483.146234536893,99599.74493103288,61342.16614198033,132136.73827939073,75296.20198406186,0.0,0.0,0.0,0.0,0.0,3919.9168634428643,7709.34855849226,-10253.274942076416,960190.2146293834,916641.5549750426,-43548.65965434082
2023-03-28,549749.5519849238,-93844.18768997793,87054.38931382913,53615.647473547026,115493.09754556778,111598.46893512004,0.0,0.0,0.0,0.0,0.0,1551.1900060728658,10395.230674201972,-14193.765960538294,821419.6222827464,801183.4853923086,-20236.136890437803
2023-04-04,556068.4431803994,35110.42325145996,94127.78681456554,62051.50489695661,133664.72001386015,129157.31261171587,0.0,0.0,0.0,0.0,0.0,0.0,2976.5125623343047,-11631.787808209076,1001524.9155230827,927241.2683575242,-74283.64716555853
2023-04-11,576286.9257405574,61209.08269777836,100450.43272767437,66219.55884909944,142643.09637138736,137832.92246474605,0.0,0.0,0.0,0.0,0.0,0.0,3232.465955363703,-8425.253580787918,1079449.2312258186,989524.8767822558,-89924.3544435628
2023-04-18,576286.9257405574,42332.00642693404,85224.70139437844,56182.357568153646,30676.771231105202,95997.55780733796,0.0,0.0,0.0,0.0,0.0,0.0,1564.3690511157038,-10406.575031075394,877858.114188507,839538.0672446154,-38320.04694389156
2023-04-25,624284.173924905,-3912.6000277354615,85346.6220527977,56262.73086268187,30720.65677233308,80006.90281734196,0.0,0.0,0.0,0.0,0.0,8105.196407664567,0.0,-17757.985744052683,863055.697065936,840739.0926779906,-22316.604387945496
2023-05-02,576286.9257405574,-21039.963745506015,79192.40558385954,51797.83079956274,28282.725654189824,73657.7117993841,0.0,0.0,0.0,0.0,0.0,13869.213665892137,1973.637528504245,-10320.75916181982,793699.7278646241,774019.685880504,-19680.04198412015
2023-05-09,576286.9257405574,-5058.595614955528,81251.49171213503,44813.56116685434,29018.106372012524,75572.8900477076,0.0,0.0,0.0,0.0,0.0,19784.612520961207,8751.535272981157,-10023.612677099998,820396.9145411537,794145.0146473,-26251.899893853697
2023-05-16,576286.9257405574,65698.02768968605,95244.3960912542,52531.227182356524,34015.52339378558,157779.2201878439,0.0,0.0,0.0,0.0,0.0,19874.676211666432,11643.052142289584,-15728.728879475617,997344.319759964,930910.4452745168,-66433.87448544719
2023-05-23,624284.173924905,31454.564666456077,102917.76050925907,56763.40530556091,36755.98390990461,222506.33659779688,0.0,0.0,0.0,0.0,0.0,2835.9571792496135,4837.747363612521,-15830.466417094576,1066525.46303965,1005909.2418470165,-60616.22119263362
2023-05-30,517734.6304132312,41962.681845391984,86576.23674121348,47750.378473592806,30919.782444681623,187176.2578041904,0.0,0.0,0.0,0.0,0.0,0.0,7344.095598547254,-18426.81959505868,901037.2437257901,846188.6095402065,-54848.63418558356
2023-06-06,521445.97393496684,-37117.566650719964,87649.90372636949,44553.969474623096,28850.013072968228,174646.68434395792,0.0,0.0,0.0,0.0,0.0,0.0,10067.250232416089,-11951.67677499901,818144.5513595827,789544.7676938894,-28599.78366569325
2023-06-13,521445.97393496684,32898.62248434976,91981.86069853068,46755.97849571216,30275.87904617621,155021.93055389007,0.0,0.0,0.0,0.0,0.0,0.0,11875.031642918591,-9989.280280280043,880265.9965762643,828566.7610542309,-51699.235522033414
2023-06-20,564875.6800549232,87299.61746175098,99125.9845047911,50387.46079580311,32627.37124916725,124376.71374247863,0.0,0.0,0.0,0.0,0.0,0.0,6425.527181543061,-13672.767534186947,951445.5874562704,892920.574705851,-58525.01275041932
2023-06-27,521445.97393496684,47690.1044383148,87468.58547685447,44461.80225696869,28790.332073371857,109749.78227619431,0.0,0.0,0.0,0.0,5018.759216725128,0.0,7104.429952520295,-22443.053815978812,829286.7158099376,787911.4644145168,-41375.25139542075
2023-07-04,521445.97393496684,25579.18368280225,101127.144826147,45144.67359657679,29232.511464056093,111435.38603133464,0.0,0.0,0.0,0.0,3842.8024991020793,0.0,10792.76185276627,-2661.3229209680576,845939.1149667839,800012.6868095909,-45926.428157193004
2023-07-11,521445.97393496684,-38197.37953989417,92921.0639316754,41481.356055822456,26860.40500109794,102392.830801956,0.0,0.0,0.0,0.0,3257.109127875068,0.0,10976.130057518021,-4337.574103911873,756799.9152671057,735094.7180896268,-21705.197177478927
2023-07-18,521445.97393496684,-17588.544304279494,94670.52617448848,42262.34222978307,27366.116649111733,104320.6218091111,0.0,0.0,0.0,0.0,1160.6992309477646,0.0,9147.760139874998,-6794.216720809811,775991.2791431947,748934.6419968125,-27056.637146382127
2023-07-25,564875.6800549232,1038.1484247365734,94910.37417156855,42369.41397159477,27435.44876895286,46749.02983360598,0.0,0.0,0.0,0.0,0.0,0.0,4879.090432192315,-13684.804888066836,768572.3807695074,750832.0696449468,-17740.31112456054
2023-08-01,521445.97393496684,-9913.019642253174,79427.49663823436,36107.461731132586,23380.649474301143,0.0,0.0,0.0,0.0,0.0,0.0,0.0,1558.0550082323607,-6601.4048312847735,645405.2123133293,639863.4694213012,-5541.742892028182
2023-08-08,521445.97393496684,-26713.886266923742,82290.56379185012,37409.002029622556,24223.435315141105,36819.60312982602,0.0,0.0,0.0,0.0,0.0,0.0,1341.6718382491963,-4957.645158467465,671858.7186142646,662928.1782392408,-8930.540375023847
2023-08-15,521445.97393496684,-1601.3069894126384,89259.59857649938,40577.100829661125,26274.872995674377,68428.58946284396,0.0,0.0,0.0,0.0,0.0,0.0,4151.987143464154,-7271.634482452762,741265.1814712444,719070.3325883034,-22194.848882941063
2023-08-22,564875.6800549232,-50286.094090159284,91129.14736554085,41426.991159986705,26825.202123013907,69861.83124979236,0.0,0.0,0.0,0.0,0.0,0.0,5582.842256292002,-5265.630812178599,744149.9693072111,734131.3130426789,-10018.656264532241
2023-08-29,536559.3069870892,45245.93498365814,97800.18807586783,44459.6228977344,28788.92087380553,74976.01407535875,0.0,0.0,0.0,0.0,0.0,0.0,5163.644819180598,-7447.014403290814,825546.6183094037,787872.8437999984,-37673.77450940525
2023-09-05,548181.0807194767,-26797.580203237012,91622.19423339993,42700.93840843346,27650.120647790725,91296.1376587177,0.0,0.0,0.0,0.0,2843.735958823934,0.0,4639.006559383008,-4314.313482476748,777821.3205003117,756707.0430211734,-21114.277479138225
2023-09-12,548181.0807194767,-7912.465325463447,97158.77640045213,45281.287592237815,29320.973067079205,111772.6048465555,0.0,0.0,0.0,0.0,15637.200597765273,0.0,2403.561959810555,-4985.908635091386,836857.1112228223,802433.6353073311,-34423.47591549123
2023-09-19,593837.4754874917,-9695.574595926679,105992.26523835445,49398.17505553062,31986.779470784357,121934.75482285675,0.0,0.0,0.0,0.0,27511.532727835584,0.0,1767.431318480405,-8131.330432390561,914601.5090930166,875389.3560692864,-39212.153023730265
2023-09-26,556068.4431804003,-61772.65261647408,91083.04511007958,42449.665518709575,27487.414019427495,104783.0117512939,0.0,0.0,0.0,0.0,11347.693129552645,0.0,3079.919451570604,-9516.368378037238,765010.1711665228,752254.2142904408,-12755.956876081997
2023-10-03,576286.9257405574,23840.983261940302,109096.99005829531,49595.109505382716,32114.300352082937,122420.8690129437,0.0,0.0,0.0,0.0,14175.13523926877,0.0,6321.259829413495,-5985.099823498516,927866.4731763861,878879.2485815119,-48987.22459487419
2023-10-10,576286.9257405574,36726.488026946085,109078.4667365395,49586.688868201105,32108.8477404383,122400.08346106799,0.0,0.0,0.0,0.0,3262.2101184973726,0.0,3484.9178785367403,-5609.521902253153,927325.1066685313,878730.0257377175,-48595.0809308138
2023-10-17,576286.9257405574,1799.7495236555114,105775.17998678773,48085.026283430634,31136.476799921133,118693.3704317949,0.0,0.0,0.0,0.0,4109.893582586432,0.0,9390.193023525411,-4064.5049099471653,891212.310462312,852118.9324809754,-39093.377981336555
2023-10-24,602381.7532394741,21291.07474893995,114451.59483024583,52029.29407712049,33690.50686173304,128429.42496900423,0.0,0.0,0.0,0.0,3140.112455560593,0.0,22671.85390422761,-3555.732262284262,974529.8828240216,922015.6450660368,-52514.23775798478
2023-10-31,601521.8222603642,-7146.460554102901,98958.3109012692,44986.10147716885,29129.83132641914,49636.19750473113,0.0,0.0,0.0,0.0,163.95559856656473,0.0,10748.223922284553,-12326.491480166675,815671.490956534,797202.6164913441,-18468.87446518999
2023-11-07,605833.7882504445,-26476.230442571803,89672.05974199984,41271.04982838675,25461.674917592783,0.0,0.0,0.0,0.0,0.0,0.0,0.0,8233.765042965184,-8659.768770270399,735336.3385685468,731367.8631439662,-3968.4754245806253
2023-11-14,605833.7882504445,1026.8646351393545,92510.21457812609,42577.29427062953,26267.546624021255,0.0,0.0,0.0,0.0,0.0,0.0,0.0,3178.111198675935,-7913.269737373921,763480.5498196627,754515.9345024423,-8964.61531722045
2023-11-21,656291.9079722358,-8947.313905878807,98661.16434455011,45408.23352899344,28014.06035235233,0.0,0.0,0.0,0.0,0.0,0.0,0.0,0.0,-7616.207164110383,811811.8451281425,804683.2552924256,-7128.589835716877
2023-11-28,496014.75369437336,-34041.902651599376,70544.9347369275,32467.900537187932,20030.678457953967,0.0,0.0,0.0,0.0,0.0,0.0,0.0,0.0,-10707.082268083934,574309.2825067595,575366.4889891222,1057.2064823627006
2023-12-05,426923.8549292574,-3579.980858683819,62042.339517423476,29668.122606650984,18303.389333853498,0.0,0.0,0.0,0.0,0.0,0.0,0.0,2432.9987213594723,-4604.323129644385,531186.4011202166,525751.3807995057,-5435.0203207108425
2023-12-12,426923.8549292574,-5590.216698075761,62120.79961212113,29705.641561083146,18326.536198907183,0.0,0.0,0.0,0.0,0.0,0.0,581.8524670001352,4120.813478492375,-4230.778103256132,531958.5034455294,526416.2574538322,-5542.245991697186
2023-12-19,229661.31303566997,-8820.602135172754,32961.96741601289,15762.134346659761,9724.258103704313,0.0,0.0,0.0,0.0,0.0,0.0,1339.835391058994,3141.901788113464,-2344.921317335742,281425.8866287109,279322.15351051214,-2103.733118198754
2023-12-26,260798.61743100444,-5138.887134754448,41060.752297823026,19634.90485640103,12113.517019082094,28582.00473918242,0.0,0.0,0.0,0.0,0.0,965.4770700289519,2796.6778829394025,-4438.844756362727,356374.2194053442,347951.856508963,-8422.362896381237
2024-01-02,448812.7090405586,-21110.561051596073,81490.40061466245,34727.62553399161,0.0,85721.8814319974,0.0,0.0,0.0,0.0,0.0,1516.3975352133857,2878.238830391434,-4862.233868975309,629174.4580662434,615411.2721743678,-13763.185891875648
2024-01-09,448812.7090405586,-16921.319248078507,81710.24206177157,34821.31229211856,0.0,85953.13839380874,0.0,0.0,0.0,0.0,0.0,0.0,2516.3211237707874,-5442.999567434308,631449.4040965155,617071.5033626016,-14377.900733913877
2024-01-16,448812.7090405586,8457.863517976482,85057.8482852378,36247.91486723069,0.0,89474.57284012996,0.0,0.0,0.0,0.0,0.0,0.0,1135.8703933542129,-4266.906465108972,664919.8724793787,642352.4516605969,-22567.42081878183
2024-01-23,486193.00351180113,951.1137225130806,96423.61990703945,41091.50696899509,0.0,136156.50466384552,0.0,0.0,0.0,0.0,0.0,0.0,962.9671347253025,-4240.893202708568,757537.822706211,728186.1685187479,-29351.654187463108
2024-01-30,465131.40513238107,-9533.094965421944,94572.25258081988,40302.53562088695,0.0,157981.5289152012,0.0,0.0,0.0,0.0,0.0,0.0,0.0,-5749.90136365348,742704.7259202137,714204.7386460631,-28499.987274150597
2024-02-06,471823.82870056183,-12072.301319340942,81829.04211577517,39914.32817363541,0.0,156459.7982074871,0.0,0.0,0.0,0.0,0.0,0.0,0.0,-6552.766810608329,731401.9290675102,707325.2807128768,-24076.648354633362
2024-02-13,605833.7882504445,-31879.179211962153,103195.87288118189,50336.57769715227,0.0,197313.87572631182,0.0,0.0,0.0,0.0,0.0,0.0,0.0,-8094.954571676673,916705.9807714516,892018.8708896125,-24687.109881839133
2024-02-20,633266.526164974,-14032.081016495009,110356.60220412817,53829.41707017424,0.0,211005.4238114216,0.0,0.0,0.0,0.0,0.0,0.0,0.0,-6454.142942323117,987971.7452918799,953915.7811735646,-34055.964118315256
2024-02-27,688955.787731783,6672.65611810307,124398.95609880483,60678.95492605504,0.0,237854.86259149108,0.0,0.0,0.0,0.0,16722.44271609839,0.0,7044.45073052682,-15515.57808074425,1126812.532832118,1075297.0371873984,-51515.49564471957
2024-03-05,725314.730459294,8033.539243992884,133003.33849353401,65313.918665403035,0.0,256023.41319824872,0.0,0.0,0.0,0.0,20612.116981519852,0.0,29254.791941503296,-15535.235006065806,1222020.61397743,1157433.6326918153,-64586.98128561466
2024-03-12,725314.730459294,16537.223298090277,134125.10993122112,65864.7867058015,0.0,258182.755629487,0.0,0.0,0.0,0.0,20344.985616100486,0.0,17412.381979522994,-1499.8520963985939,1236282.1215231188,1167195.6131419332,-69086.50838118559
2024-03-19,785724.0675007016,78918.80212205974,131247.10130840016,64451.48367718328,0.0,116192.1106370833,0.0,0.0,0.0,0.0,11956.748749286402,0.0,9703.565806384897,-4614.8824439367745,1193578.9973571626,1142150.3472639483,-51428.65009321435
2024-03-26,729471.2505232771,10459.450728871045,102177.74056840234,50176.39942341542,0.0,0.0,0.0,0.0,0.0,0.0,0.0,0.0,9733.44020441419,-4468.402130521834,897549.8793178583,889180.3377708235,-8369.54154703475
2024-04-02,739967.0599557166,64348.373493995634,107768.82857497735,0.0,0.0,0.0,0.0,0.0,0.0,0.0,0.0,0.0,6578.095213919063,-3086.0907620559447,915576.2664765527,907318.4464584434,-8257.820018109283
2024-04-09,739967.0599557166,34186.66499562375,103372.11332625058,0.0,0.0,0.0,0.0,0.0,0.0,0.0,0.0,0.0,1304.0026135107037,-5047.957425444853,873781.8834656568,870301.9835188066,-3479.8999468501424
2024-04-16,714006.0144616159,101394.64772807714,107490.98799080262,0.0,0.0,0.0,0.0,0.0,0.0,0.0,0.0,0.0,0.0,-7500.410620524548,915391.2395599711,904979.2738931605,-10411.965666810633
2024-04-23,773473.4817084081,71096.18905177433,111941.39183296415,0.0,0.0,0.0,0.0,0.0,0.0,0.0,0.0,0.0,0.0,-6896.2693135130685,949614.7932796335,942447.7474172415,-7167.045862392057
2024-04-30,739967.0599557166,24234.659382987535,101789.90715724905,0.0,0.0,0.0,0.0,0.0,0.0,0.0,0.0,0.0,0.0,-7160.898729300592,858830.7277666526,856981.20364008,-1849.5241265725344
2024-05-07,739967.0599557166,18516.718573042075,100834.92089979944,0.0,0.0,0.0,0.0,0.0,0.0,0.0,0.0,0.0,0.0,-9487.533574582892,849831.1658539752,848941.0619872763,-890.1038666989189
2024-05-14,739967.0599557166,-1424.9952019716147,107162.36815662065,0.0,0.0,74110.95498842862,0.0,0.0,0.0,0.0,0.0,0.0,0.0,-11199.063992616022,908616.3239061782,902212.5848480143,-6403.739058163948
2024-05-21,801596.7465554886,-13479.962148670456,123383.77695357508,0.0,0.0,144694.1212027166,0.0,0.0,0.0,0.0,0.0,0.0,7475.161393334274,-12093.53427769558,1051576.3096787483,1038782.5339106199,-12793.77576812834
2024-05-28,674349.5042275646,42807.75573631434,111759.28231818869,0.0,0.0,131061.89112172299,0.0,0.0,0.0,0.0,5993.342860337114,0.0,8484.026169417659,-5049.463648782112,969406.3387847632,940914.545987685,-28491.792797078262
2024-06-04,669549.8839619909,-48443.37778962578,100153.4241250502,0.0,0.0,117451.51629350416,0.0,0.0,0.0,0.0,4050.266225210391,0.0,11375.437280269689,-7094.034005560563,847043.116090839,843203.4604645711,-3839.6556262678932
2024-06-11,669549.8839619909,-44604.2076703175,92349.41538814118,0.0,0.0,48409.49111985578,0.0,0.0,0.0,0.0,3445.0040455812123,0.0,11609.317025752971,-3860.747512919246,776898.1563580853,777500.5927898698,602.4364317844156
2024-06-18,725314.730459294,-37457.17139032902,94132.95856722607,0.0,0.0,0.0,0.0,0.0,0.0,0.0,1228.242339870776,0.0,9680.084227850894,-4368.633963334956,788530.2102405778,792516.4526431956,3986.2424026178196
2024-06-25,669549.8839619909,46417.06836494652,95180.13128864404,0.0,0.0,0.0,0.0,0.0,0.0,0.0,0.0,0.0,0.0,-5180.897104764124,805966.1865108174,801332.7229816047,-4633.463529212633
2024-07-02,669549.8839619909,-12072.8571119142,88343.15152001195,0.0,0.0,0.0,0.0,0.0,0.0,0.0,0.0,0.0,0.0,-3889.078707498731,741931.09966259,743771.3859589193,1840.2862963293446
2024-07-09,669549.8839619909,-7080.988760720356,87308.25953127991,0.0,0.0,0.0,0.0,0.0,0.0,0.0,0.0,0.0,0.0,-17488.48119264352,732288.673539907,735058.5085537848,2769.8350138778333
2024-07-16,669549.8839619909,-45512.75151691737,83463.91146504274,0.0,0.0,0.0,0.0,0.0,0.0,0.0,0.0,0.0,0.0,-10886.123389129527,696614.9205209868,702692.4899078918,6077.569386905059
2024-07-23,725314.730459294,31262.664802883985,100561.87944114045,0.0,0.0,0.0,0.0,0.0,0.0,0.0,0.0,0.0,0.0,-7993.19067223242,849146.0840310861,846642.2938243021,-2503.790206783917
2024-07-30,669549.8839619909,-11522.513013438904,88340.93240170146,0.0,0.0,0.0,0.0,0.0,0.0,0.0,0.0,0.0,0.0,-4452.257002159837,741916.0463480937,743752.7029408006,1836.6565927069169
2024-08-06,669549.8839619909,-28887.133445308078,85146.59320602682,0.0,0.0,0.0,0.0,0.0,0.0,0.0,0.0,0.0,0.0,-13505.886166023789,712303.4575566859,716859.1854477944,4555.727891108487
2024-08-13,669549.8839619909,-1674.3639159863815,89305.87900394981,0.0,0.0,0.0,0.0,0.0,0.0,0.0,0.0,0.0,0.0,-6231.506248819875,750949.8928011345,751876.7019082592,926.809107124689
2024-08-20,725314.730459294,-67258.74861721473,116629.40213296039,0.0,0.0,217199.19576431694,0.0,0.0,0.0,0.0,0.0,0.0,0.0,-7185.079208083102,984699.5005312735,981916.6576635333,-2782.842867740197
2024-08-27,684052.2085934408,60220.943660983816,124553.96085281903,0.0,0.0,231957.11914609163,0.0,0.0,0.0,0.0,0.0,0.0,0.0,-8822.36470231833,1091961.867551017,1048634.4498270496,-43327.41772396746
2024-09-03,703878.4405911624,-35078.387401376385,117653.6049142885,0.0,0.0,219106.57088873396,0.0,0.0,0.0,0.0,0.0,0.0,0.0,0.0,1005560.2289928085,990539.5413739793,-15020.687618829194
2024-09-10,703878.4405911624,-10014.444806079147,120630.63215704856,0.0,0.0,224650.69536395697,0.0,0.0,0.0,0.0,0.0,0.0,0.0,0.0,1039145.3233060888,1015603.4839692765,-23541.839336812263
2024-09-17,703878.4405911624,-11235.029307173449,120485.65443464823,0.0,0.0,224380.70302812022,0.0,0.0,0.0,0.0,0.0,0.0,0.0,0.0,1037509.7687467574,1014382.8994681841,-23126.869278573315
2024-09-24,767968.3556952381,-73622.19328211178,106490.42283785692,0.0,0.0,91207.48793228064,0.0,0.0,0.0,0.0,0.0,0.0,0.0,0.0,892044.0731832639,896555.3981569511,4511.32497368718
2024-10-01,739967.0599557166,23413.445002804277,102518.86484812945,0.0,0.0,0.0,0.0,0.0,0.0,0.0,0.0,0.0,0.0,0.0,865899.3698066503,863118.3841993304,-2780.985607319977
2024-10-08,739967.0599557166,36626.227817776846,104088.24341829226,0.0,0.0,0.0,0.0,0.0,0.0,0.0,0.0,0.0,0.0,0.0,880681.5311917857,876331.1670143044,-4350.364177481271
2024-10-15,739967.0599557166,1777.2838654234074,99948.98020648432,0.0,0.0,0.0,0.0,0.0,0.0,0.0,0.0,0.0,0.0,0.0,841693.3240276243,841482.223061951,-211.10096567333676
2024-10-22,773473.4817084081,20747.478537539137,106718.4358818389,0.0,0.0,0.0,0.0,0.0,0.0,0.0,0.0,0.0,0.0,0.0,900939.3961277861,898475.0667993112,-2464.329328474938
2024-10-29,766872.0413123954,-7731.854237682885,102445.95003678987,0.0,0.0,0.0,0.0,0.0,0.0,0.0,0.0,0.0,0.0,0.0,861586.1371115024,862504.5058244498,918.3687129474711
2024-11-05,777905.9824017899,-30840.237512661028,101188.42974553781,0.0,0.0,0.0,0.0,0.0,0.0,0.0,0.0,0.0,0.0,0.0,848254.1746346666,851917.2945488357,3663.119914169074
2024-11-12,777905.9824017899,1203.033364818897,104994.44270565757,0.0,0.0,0.0,0.0,0.0,0.0,0.0,0.0,0.0,0.0,0.0,884103.4584722663,883960.5654263141,-142.89304595219437
2024-11-19,842695.490602843,-10515.99588408717,112335.26625218091,0.0,0.0,0.0,0.0,0.0,0.0,0.0,0.0,0.0,0.0,0.0,944514.7609709367,945763.8224907949,1249.0615198581945
2024-11-26,669549.8839619909,-42442.66588694905,85205.34018885903,0.0,0.0,0.0,0.0,0.0,0.0,0.0,0.0,0.0,0.0,0.0,712312.5582639009,717353.7832076782,5041.2249437773135
2024-12-03,548181.0807194767,-4207.183378785849,73387.92038264009,0.0,0.0,0.0,0.0,0.0,0.0,0.0,0.0,0.0,0.0,0.0,617361.8177233309,617861.5355744364,499.71785110549536
2024-12-10,548181.0807194767,-6536.572596388985,73111.2418380162,0.0,0.0,0.0,0.0,0.0,0.0,0.0,0.0,0.0,0.0,0.0,614755.7499611039,615532.1463568322,776.3963957283413
2024-12-17,548181.0807194767,-19042.716025698348,71625.79598091054,0.0,0.0,0.0,0.0,0.0,0.0,0.0,0.0,0.0,0.0,0.0,600764.1606746889,603026.0029275229,2261.8422528340016
2024-12-24,294890.96316767996,-4870.331596960488,39168.9591938142,0.0,0.0,0.0,0.0,0.0,0.0,0.0,0.0,0.0,0.0,0.0,329189.59076453367,329768.07556557056,578.4848010368878
