Date,C,D_JAN,D_FEB,D_MAR,D_APR,D_MAY,D_SEP,D_OCT,D_NOV,D_DEC,SCHOOL_EASTER,SCHOOL_HT_FEB,SCHOOL_HT_MAY,SCHOOL_HT_OCT,PAYDAY_25,BH_NY,BH_XMAS,DAY_VALENTINE,WW_NAT_DLTA_MAXTEMP,WW_NAT_DLTA_RAIN,WW_NAT_DLTA_SUN,RSI_NFOOD_VOL_SA,Dist_XF,Price_SE_XF,Prom_TFT,POS_FSDU,m_Wow_TV,m_Wow_OLV,m_Wow_Social,m_Amaze_Tot,m_Celeb_TV,m_Celeb_Outdoor,m_Celeb_Display,comp_Lor_Tot,comp_no7_Tot,model,actual
2020-01-07,12.0,-0.15,-0.0,0.0,0.0,0.0,0.0,0.0,0.0,-0.0,-0.0,-0.0,-0.0,-0.0,0.0,-0.0,-0.0,0.0,0.0344262038832678,-0.0352185302791308,-0.00790935070674691,4.6141299273595635,-0.20082919618278874,-3.8465376944724405,0.15,0.0,0.0,0.0,0.0,0.0,0.0,0.0,0.0,-0.00197662,-0.0020557600000000002,283234.0819988183,282639.54083545745
2020-01-14,12.0,-0.15,-0.0,0.0,0.0,0.0,0.0,0.0,0.0,-0.0,-0.0,-0.0,-0.0,-0.0,0.0,-0.0,-0.0,0.0,0.0212884234531714,-0.042261937912417,0.00236346727399216,4.6141299273595635,-0.20082919618278874,-3.8465376944724405,0.15,0.0,0.0,0.0,0.0,0.0,0.0,0.0,0.0,-0.00231242,-0.0027003,280166.7581008614,275037.04751515604
2020-01-21,12.0,-0.15,-0.0,0.0,0.0,0.0,0.0,0.0,0.0,-0.0,-0.0,-0.0,-0.0,-0.0,0.08,-0.0,-0.0,0.0,-0.0160747560989869,0.0254922967977658,0.0103686345389914,4.6141299273595635,-0.20082919618278874,-3.8465376944724405,0.15,0.0,0.0,0.0,0.0,0.0,0.0,0.0,0.0,-0.00043716,-0.0029584,315891.3650395119,323266.3576733082
2020-01-28,12.0,-0.08571428571428565,-0.0428571428571428,0.0,0.0,0.0,0.0,0.0,0.0,-0.0,-0.0,-0.0,-0.0,-0.0,0.0,-0.0,-0.0,0.0,0.0184690829401076,0.0359747164702444,0.00612704394292706,4.6141299273595635,-0.20082919618278874,-3.8465376944724405,0.06428571428571428,0.0,0.0,0.0,0.0,0.0,0.0,0.0,0.0,-0.00129154,-0.00449194,284152.0285673415,280260.4878753066
2020-02-04,12.0,-0.0,-0.1,0.0,0.0,0.0,0.0,0.0,0.0,-0.0,-0.0,-0.0,-0.0,-0.0,0.0,-0.0,-0.0,0.0,-0.025738235409991,-0.0238275555837232,0.0037623917696644,4.638604962074329,-0.20082919618278874,-3.8465376944724405,0.0,0.0,0.0,0.0,0.0,0.0,0.0,0.0,0.0,-0.00506234,-0.0031914400000000002,251999.1244782963,231179.52621733263
2020-02-11,12.0,-0.0,-0.1,0.0,0.0,0.0,0.0,0.0,0.0,-0.0,-0.0,-0.0357142857142857,-0.0,-0.0,0.0,-0.0,-0.0,0.25,0.010365250479078101,-0.01333240324478946,-0.00893167735191847,4.638604962074329,-0.20082919618278874,-3.8465376944724405,0.0,0.0,0.0,0.0,0.0,0.0,0.0,0.0,0.0,-0.00295074,-0.00434002,323299.42836525955,303813.8524473641
2020-02-18,12.0,-0.0,-0.1,0.0,0.0,0.0,0.0,0.0,0.0,-0.0,-0.0,-0.0,-0.0,-0.0,0.0,-0.0,-0.0,0.25,0.017562569733779503,-0.024851597590009197,-0.0155026906945849,4.638604962074329,-0.20082919618278874,-3.8465376944724405,0.0,0.0,0.0,0.0,0.0,0.0,0.0,0.0,0.0,-0.0011625000000000001,-0.00715874,331083.2432321787,312474.2493134845
2020-02-25,12.0,-0.0,-0.0571428571428571,0.03428571428571424,0.0,0.0,0.0,0.0,0.0,-0.0,-0.0,-0.0,-0.0,-0.0,0.08,-0.0,-0.0,0.25,0.0155052438804349,-0.0318947607947586,-0.000260237191220143,4.638604962074329,-0.20082919618278874,-3.8465376944724405,0.0,0.0,0.0,0.0,0.0,0.0,0.0,0.0,0.0,-0.0020879,-0.00902584,388721.1138307995,390869.65426716796
2020-03-03,12.0,-0.0,-0.0,0.08,0.0,0.0,0.0,0.0,0.0,-0.0,-0.0,-0.0,-0.0,-0.0,0.0,-0.0,-0.0,0.25,0.0172886620112669,-0.01691241021395774,0.010201415351716401,4.653960350157523,-0.20082919618278874,-3.8465376944724405,0.0,0.0,0.0,0.0,0.0,0.0,0.0,0.0,0.0,-0.00458168,-0.0077548,414502.6499458651,443526.3624441502
2020-03-10,12.0,-0.0,-0.0,0.08,0.0,0.0,0.0,0.0,0.0,-0.0,-0.0,-0.0,-0.0,-0.0,0.0,-0.0,-0.0,0.25,0.0161835534897042,0.01770486409441714,0.0041426656896499,4.653960350157523,-0.20082919618278874,-3.8465376944724405,0.0,0.0,0.0,0.0,0.0,0.0,0.0,0.0,0.0,-0.00492466,-0.00665012,426364.4443882886,402688.322740899
2020-03-17,12.0,-0.0,-0.0,0.08,0.0,0.0,0.0,0.0,0.0,-0.0,-0.0,-0.0,-0.0,-0.0,0.0,-0.0,-0.0,0.25,-0.027247269650074003,0.009175801791957901,0.00566240025100038,4.653960350157523,-0.20082919618278874,-3.8465376944724405,0.0,0.0,0.0,0.0,0.0,0.0,0.0,0.0,0.0,-0.0027803800000000003,-0.0025718200000000003,407922.3806958395,415474.55088844977
2020-03-24,12.0,-0.0,-0.0,0.08,0.0,0.0,0.0,0.0,0.0,-0.0,-0.0,-0.0,-0.0,-0.0,0.08,-0.0,-0.0,0.25,0.0034695901330746197,0.01850524605727258,0.00801043140979131,4.653960350157523,-0.20082919618278874,-3.8465376944724405,0.0857142857142857,0.0,0.0,0.0,0.0,0.0,0.0,0.0,0.0,-0.0066465000000000005,-0.0017315,500776.41991073516,484572.73344237095
2020-03-31,12.0,-0.0,-0.0,0.0,0.1,0.0,0.0,0.0,0.0,-0.0,-0.0357142857142857,-0.0,-0.0,-0.0,0.0,-0.0,-0.0,0.25,0.0178921081618128,0.0310451787197052,0.0354480645848573,4.6520537718869415,-0.20082919618278874,-3.893981446188968,0.15,0.0,0.0,0.0,0.0,0.0,0.0,0.0,0.0,-0.0023402600000000003,-0.00261304,489412.46286503586,481570.6491338737
2020-04-07,12.0,-0.0,-0.0,0.0,0.1,0.0,0.0,0.0,0.0,-0.0,-0.0357142857142857,-0.0,-0.0,-0.0,0.0,-0.0,-0.0,0.25,0.04163619163081601,0.032937118780953,0.00806889349874884,4.6520537718869415,-0.20082919618278874,-3.893981446188968,0.15,0.0,0.0,0.0,0.0,0.0,0.0,0.0,0.0,-0.00228804,-0.0032091800000000003,488294.4225040455,503285.35541928426
2020-04-14,12.0,-0.0,-0.0,0.0,0.1,0.0,0.0,0.0,0.0,-0.0,-0.0,-0.0,-0.0,-0.0,0.0,-0.0,-0.0,0.25,0.0326845587623266,0.0292575512648148,0.0181126834943586,4.6520537718869415,-0.20082919618278874,-3.893981446188968,0.15,0.0,0.0,0.0,0.0,0.0,0.0,0.0,0.0,-0.00193278,-0.00451176,504263.0739702837,511891.9864607296
2020-04-21,12.0,-0.0,-0.0,0.0,0.1,0.0,0.0,0.0,0.0,-0.0,-0.0,-0.0,-0.0,-0.0,0.08,-0.0,-0.0,0.25,0.025682490476579802,0.00894934961501594,-0.007357683939983,4.6520537718869415,-0.20082919618278874,-3.893981446188968,0.15,0.0,0.0,0.0,0.0,0.0,0.0,0.0,0.0,-0.00516442,-5.082e-05,518814.68963690405,512732.1787714142
2020-04-28,12.0,-0.0,-0.0,0.0,0.028571428571428498,0.0714285714285714,0.0,0.0,0.0,-0.0,-0.0,-0.0,-0.0,-0.0,0.0,-0.0,-0.0,0.25,0.016826299650789002,0.0308943702671358,0.031819083525603004,4.6520537718869415,-0.20082919618278874,-3.893981446188968,0.15,0.0,0.0,0.0,0.0,0.0,0.0,0.0,0.0,-0.015553860000000001,-0.00795948,495473.69470561406,484414.53892763215
2020-05-05,12.0,-0.0,-0.0,0.0,0.0,0.1,0.0,0.0,0.0,-0.0,-0.0,-0.0,-0.0,-0.0,0.0,-0.0,-0.0,0.25,-0.00513702553569018,-0.0436552649852566,-0.0254239684743595,4.650143551630823,-0.20082919618278874,-3.893981446188968,0.15,0.0,0.0,0.0,0.0,0.0,0.0,0.0,0.0,-0.01058052,-0.00479272,427514.4680866246,441737.8787555001
2020-05-12,12.0,-0.0,-0.0,0.0,0.0,0.1,0.0,0.0,0.0,-0.0,-0.0,-0.0,-0.0,-0.0,0.0,-0.0,-0.0,0.25,-0.00822630323006873,-0.0291461654144742,-0.0173703994528205,4.650143551630823,-0.20082919618278874,-3.893981446188968,0.15,0.0,0.0,0.0,0.0,0.0,0.0,0.0,0.0,-0.0059608000000000005,-0.00343596,438534.2878165436,439934.2255982354
2020-05-19,12.0,-0.0,-0.0,0.0,0.0,0.1,0.0,0.0,0.0,-0.0,-0.0,-0.0,-0.0,-0.0,0.08,-0.0,-0.0,0.25,0.0058330257835207105,0.015253697270955999,0.004400913520672641,4.650143551630823,-0.20082919618278874,-3.893981446188968,0.06428571428571428,0.0,0.0,0.0,0.0,0.0,0.0,0.0,0.0,-0.00270038,-0.00326798,474083.0992192566,442903.0555691472
2020-05-26,12.0,-0.0,-0.0,0.0,0.0,0.0714285714285714,0.0,0.0,0.0,-0.0,-0.0,-0.0,-0.0357142857142857,-0.0,0.0,-0.0,-0.0,0.25,-0.0125575212477049,-0.01786312232404294,-0.00286077576379558,4.650143551630823,-0.20082919618278874,-3.893981446188968,0.15,0.0,0.0,0.0,0.0,0.0,0.0,0.0,0.0,-0.01248702,-0.00617806,416274.7157277683,418005.1349695756
2020-06-02,12.0,-0.0,-0.0,0.0,0.0,0.0,0.0,0.0,0.0,-0.0,-0.0,-0.0,-0.0,-0.0,0.0,-0.0,-0.0,0.25,0.014612488634483901,0.025748800058137,-0.00283428392455303,4.665324108807838,-0.20082919618278874,-3.893981446188968,0.15,0.0,0.0,0.012786508774999998,0.0,0.0,0.0,0.0,0.0,-0.00247712,-0.00486068,448421.6177949657,426029.34455054055
2020-06-09,12.0,-0.0,-0.0,0.0,0.0,0.0,0.0,0.0,0.0,-0.0,-0.0,-0.0,-0.0,-0.0,0.0,-0.0,-0.0,0.25,0.000937335782189204,-0.0681822184600494,-0.0243475751480403,4.665324108807838,-0.20082919618278874,-3.893981446188968,0.15,0.0,0.0,0.0100831073625,0.0,0.0,0.0,0.0,0.0,-0.0019701000000000002,-0.0031173,393925.3549826936,399540.04961832555
2020-06-16,12.0,-0.0,-0.0,0.0,0.0,0.0,0.0,0.0,0.0,-0.0,-0.0,-0.0,-0.0,-0.0,0.0,-0.0,-0.0,0.25,-0.000366828755835395,-0.039855371421028005,-0.022040002397147804,4.665324108807838,-0.20082919618278874,-3.893981446188968,0.06428571428571428,0.0,0.0,0.00016823625,0.0,0.0,0.0,0.0,0.0,-0.00357938,-0.00344512,367942.0435510614,376671.0142985219
2020-06-23,12.0,-0.0,-0.0,0.0,0.0,0.0,0.0,0.0,0.0,-0.0,-0.0,-0.0,-0.0,-0.0,0.08,-0.0,-0.0,0.25,-0.0285551576701156,-0.080054996658732,-0.0238456316647199,4.665324108807838,-0.20082919618278874,-3.893981446188968,0.0,0.0,0.0,0.00016823625,0.0,0.0,0.0,0.0,0.0,-0.0096158,-0.00547558,345633.6011350704,388782.1918783302
2020-06-30,12.0,-0.0,-0.0,0.0,0.0,0.0,0.0,0.0,0.0,-0.0,-0.0,-0.0,-0.0,-0.0,0.0,-0.0,-0.0,0.25,-0.013407205704566102,-0.0364378715078594,-0.0152317041893192,4.66814498514948,-0.20082919618278874,-3.893981446188968,0.0,0.0,0.0,0.00016823625,0.0,0.0,0.0,0.0,0.0,-0.00190024,-0.0027549000000000002,345853.5358491843,344684.1600601132
2020-07-07,12.0,-0.0,-0.0,0.0,0.0,0.0,0.0,0.0,0.0,-0.0,-0.0,-0.0,-0.0,-0.0,0.0,-0.0,-0.0,0.25,-0.00979911703493374,-0.0185509601659315,-0.00912766412041853,4.66814498514948,-0.20082919618278874,-3.893981446188968,0.0,0.0,0.0,0.0,0.0,0.0,0.0,0.0,0.0,-0.0027393,-0.00338842,354948.8173046329,349325.1344128611
2020-07-14,12.0,-0.0,-0.0,0.0,0.0,0.0,0.0,0.0,0.0,-0.0,-0.0,-0.0,-0.0,-0.0,0.0,-0.0,-0.0,0.25,-0.0116232203483263,-0.0698369225216858,-0.014371064607409402,4.66814498514948,-0.20082919618278874,-3.893981446188968,0.0,0.0,0.0,0.0,0.0,0.0,0.0,0.0,0.0,-0.00306228,-0.00243282,335040.94770754344,316659.4748680464
2020-07-21,12.0,-0.0,-0.0,0.0,0.0,0.0,0.0,0.0,0.0,-0.0,-0.0,-0.0,-0.0,-0.0,0.08,-0.0,-0.0,0.25,-0.015014909082994401,-0.014436409316042939,-0.00561114237395158,4.66814498514948,-0.20082919618278874,-3.893981446188968,0.0,0.0,0.0,0.0,0.0,0.0,0.0,0.0,0.0,-0.00304084,-0.0029847800000000002,385480.6445383297,350639.49863072776
2020-07-28,12.0,-0.0,-0.0,0.0,0.0,0.0,0.0,0.0,0.0,-0.0,-0.0,-0.0,-0.0,-0.0,0.0,-0.0,-0.0,0.25,-0.00507416611770531,0.0325133103131962,0.021101582659628703,4.66814498514948,-0.20082919618278874,-3.893981446188968,0.0857142857142857,0.0,0.0,0.0,0.0,0.0,0.0,0.0,0.0,-0.01166808,-0.00414406,417390.3755856783,445552.8814554105
2020-08-04,12.0,-0.0,-0.0,0.0,0.0,0.0,0.0,0.0,0.0,-0.0,-0.0,-0.0,-0.0,-0.0,0.0,-0.0,-0.0,0.25,-0.0015762965576513,0.01320681591323034,0.030689703476180902,4.665324108807838,-0.20082919618278874,-3.893981446188968,0.15,0.0,0.0,0.0,0.0,0.0,0.0,0.0,0.0,-0.00062816,-0.00495112,445634.5093455387,478569.0684126357
2020-08-11,12.0,-0.0,-0.0,0.0,0.0,0.0,0.0,0.0,0.0,-0.0,-0.0,-0.0,-0.0,-0.0,0.0,-0.0,-0.0,0.25,-0.018036258285632302,-0.0420503053952872,-0.0174415777911023,4.665324108807838,-0.20082919618278874,-3.893981446188968,0.06428571428571428,0.0,0.0,0.0,0.0,0.0,0.0,0.0,0.0,-0.00288506,-0.00520038,361922.57953604334,394218.686650665
2020-08-18,12.0,-0.0,-0.0,0.0,0.0,0.0,0.0,0.0,0.0,-0.0,-0.0,-0.0,-0.0,-0.0,0.08,-0.0,-0.0,0.25,-0.0034022307707078196,0.029080631076458602,0.000270745939912684,4.665324108807838,-0.20082919618278874,-3.893981446188968,0.0,0.0,0.0,0.0,0.0,0.0,0.0,0.0,0.0,-0.00271358,-0.00494776,407909.76825167035,397014.56338767725
2020-08-25,12.0,-0.0,-0.0,0.0,0.0,0.0,0.0071428571428571,0.0,0.0,-0.0,-0.0,-0.0,-0.0,-0.0,0.0,-0.0,-0.0,0.25,-0.00696014999500165,0.035261929274612,-0.00927225091372099,4.665324108807838,-0.20082919618278874,-3.893981446188968,0.0,0.0,0.0,0.0179144252,0.0,0.0,0.0,0.0,0.0,-0.00678646,-0.01058148,379736.2976090294,408842.072068236
2020-09-01,12.0,-0.0,-0.0,0.0,0.0,0.0,0.05,0.0,0.0,-0.0,-0.0,-0.0,-0.0,-0.0,0.0,-0.0,-0.0,0.25,0.00629817058074641,0.0318887348197934,-1.87039049436532e-05,4.675628649636653,-0.20082919618278874,-3.893981446188968,0.0857142857142857,0.0,0.0,0.0,0.0,0.0,0.0,0.0,0.0,-0.0047862600000000005,-0.00626716,439611.68162981846,425097.04309778387
2020-09-08,12.0,-0.0,-0.0,0.0,0.0,0.0,0.05,0.0,0.0,-0.0,-0.0,-0.0,-0.0,-0.0,0.0,-0.0,-0.0,0.25,0.00582129049806087,0.0312043389270262,0.0072291363354068305,4.675628649636653,-0.20082919618278874,-3.893981446188968,0.15,0.0,0.0,0.013049656875,0.0,0.0,0.0,0.0,0.0,-0.0074569400000000004,-0.00349548,477906.3204289799,511299.9705805615
2020-09-15,12.0,-0.0,-0.0,0.0,0.0,0.0,0.05,0.0,0.0,-0.0,-0.0,-0.0,-0.0,-0.0,0.0,-0.0,-0.0,0.25,-0.006461726808293911,0.00533508048163324,-0.00772065297146819,4.675628649636653,-0.20082919618278874,-3.893981446188968,0.15,0.0,0.0,0.0141607807,0.0,0.0,0.0,0.0,0.0,-0.00682332,-0.0044719600000000005,453538.84853256226,480392.21123022574
2020-09-22,12.0,-0.0,-0.0,0.0,0.0,0.0,0.05,0.0,0.0,-0.0,-0.0,-0.0,-0.0,-0.0,0.08,-0.0,-0.0,0.25,-0.0181796919990451,-0.00346232385794086,-0.006025903289997841,4.675628649636653,-0.20082919618278874,-3.893981446188968,0.15,0.0,0.01302511851198235,0.009487790099999999,0.0,0.0,0.0,0.0,0.0,-0.00085866,-0.00783234,487464.13463292766,510966.0921367159
2020-09-29,12.0,-0.0,-0.0,0.0,0.0,0.0,0.0071428571428571,0.0857142857142857,0.0,-0.0,-0.0,-0.0,-0.0,-0.0,0.0,-0.0,-0.0,0.25,0.0013798343706401001,0.0270859140759924,0.00485242442388256,4.675628649636653,-0.20082919618278874,-3.893981446188968,0.15,0.0,0.049664354625488814,0.0100996100814,0.0319662719375,0.0,0.0,0.0,0.0,-0.00523818,-0.0055740600000000005,533871.9630570575,536848.5980202393
2020-10-06,12.0,-0.0,-0.0,0.0,0.0,0.0,0.0,0.1,0.0,-0.0,-0.0,-0.0,-0.0,-0.0,0.0,-0.0,-0.0,0.25,0.0120243612724584,0.01775105115775672,-0.0132501224840317,4.670021158307708,-0.20082919618278874,-3.893981446188968,0.06428571428571428,0.05714285714285714,0.04449978144991477,0.0032873360813999997,0.02520776840625,0.0,0.0,0.0,0.0,-0.00482968,-0.00430128,502337.91177478974,510687.85394750256
2020-10-13,12.0,-0.0,-0.0,0.0,0.0,0.0,0.0,0.1,0.0,-0.0,-0.0,-0.0,-0.0,-0.0,0.0,-0.0,-0.0,0.25,0.00299342600830866,0.0292686489378824,0.00973920079819632,4.670021158307708,-0.20082919618278874,-3.893981446188968,0.0,0.1,0.0,0.0041155760814,0.000420590625,0.0,0.0,0.0,0.0,-0.00434262,-0.00418182,471287.46616699535,484235.9235575982
2020-10-20,12.0,-0.0,-0.0,0.0,0.0,0.0,0.0,0.1,0.0,-0.0,-0.0,-0.0,-0.0,-0.0357142857142857,0.08,-0.0,-0.0,0.25,-0.00656142364728165,0.0393006804976532,-0.00499707057263388,4.670021158307708,-0.20082919618278874,-3.893981446188968,0.0,0.1,0.021632740471272432,0.0039430260814,0.000420590625,0.0,0.0,0.0,0.0,-0.00493332,-0.00458704,495694.16548096685,479011.30871044786
2020-10-27,12.0,-0.0,-0.0,0.0,0.0,0.0,0.0,0.0571428571428571,0.0642857142857142,-0.0,-0.0,-0.0,-0.0,-0.0,0.0,-0.0,-0.0,0.25,0.016506166820895802,0.039089905839525596,0.0054255532330859104,4.670021158307708,-0.20082919618278874,-3.893981446188968,0.0,0.1,0.0,0.0030444719564,0.000420590625,0.0,0.0,0.0,0.0,-0.0057475600000000005,-0.0077807,487769.14815030014,470453.47385926836
2020-11-03,12.0,-0.0,-0.0,0.0,0.0,0.0,0.0,0.0,0.15,-0.0,-0.0,-0.0,-0.0,-0.0,0.0,-0.0,-0.0,0.25,0.0103067425147842,0.038340941880536,0.00124328872568538,4.680277658474897,-0.20082919618278874,-3.997780720569891,0.0,0.04285714285714286,0.023256820086232824,0.0017893434999999996,0.0,0.0,0.0,0.0,0.0,-0.00305068,-0.00808648,437278.18971907964,458313.0190835459
2020-11-10,12.0,-0.0,-0.0,0.0,0.0,0.0,0.0,0.0,0.15,-0.0,-0.0,-0.0,-0.0,-0.0,0.0,-0.0,-0.0,0.25,-0.010428096315593601,0.01958020205401986,0.00315657015311623,4.680277658474897,-0.20082919618278874,-3.997780720569891,0.0,0.0,0.0008445213997794042,0.0005952975,0.0,0.0,0.0,0.0,0.0,-0.00410382,-0.010833520000000001,392573.43589025026,397393.3691271878
2020-11-17,12.0,-0.0,-0.0,0.0,0.0,0.0,0.0,0.0,0.15,-0.0,-0.0,-0.0,-0.0,-0.0,0.0,-0.0,-0.0,0.25,-0.0113085661569338,-0.037678710346357204,-0.00482920088719631,4.680277658474897,-0.20082919618278874,-3.997780720569891,0.0,0.0,0.0,0.0,0.0,0.0,0.0,0.0,0.0,-0.00339676,-0.01036632,367356.5511150378,344104.18764911534
2020-11-24,12.0,-0.0,-0.0,0.0,0.0,0.0,0.0,0.0,0.12857142857142853,-0.0285714285714284,-0.0,-0.0,-0.0,-0.0,0.08,-0.0,-0.0,0.25,0.00925495603751837,-0.01888337480431718,-0.00526848847863558,4.680277658474897,-0.20082919618278874,-3.997780720569891,0.0,0.0,0.0,0.0,0.0,0.0,0.0,0.0,0.0,-0.0232281,-0.01202888,385198.41897706746,396326.36375682213
2020-12-01,12.0,-0.0,-0.0,0.0,0.0,0.0,0.0,0.0,0.0,-0.2,-0.0,-0.0,-0.0,-0.0,0.0,-0.0,-0.0,0.25,0.0200548520266292,-0.0479654549959774,-0.0083516640153948,4.66814498514948,-0.20082919618278874,-3.997780720569891,0.0,0.0,0.0,0.0,0.0,0.0,0.0,0.0,0.0,-0.00310254,-0.01040256,260346.2361006585,254730.67297653633
2020-12-08,12.0,-0.0,-0.0,0.0,0.0,0.0,0.0,0.0,0.0,-0.2,-0.0,-0.0,-0.0,-0.0,0.0,-0.0,-0.0,0.25,-0.0159935378283119,0.0362879185643278,0.00390902769241238,4.66814498514948,-0.20082919618278874,-3.997780720569891,0.0,0.0,0.0,0.0,0.0,0.0,0.0,0.0,0.0,-0.00260652,-0.00778866,277435.3735187496,273447.3281138699
2020-12-15,12.0,-0.0,-0.0,0.0,0.0,0.0,0.0,0.0,0.0,-0.2,-0.0,-0.0,-0.0,-0.0,0.0,-0.0,-0.0,0.25,-0.026689562600121702,0.0400705404834116,0.0015945834114081301,4.66814498514948,-0.1896489281840873,-3.997780720569891,0.0,0.0,0.0,0.0,0.0,0.0,0.0,0.0,0.0,-0.00280086,-0.00738504,278035.75449389784,257940.87247064363
2020-12-22,12.0,-0.0,-0.0,0.0,0.0,0.0,0.0,0.0,0.0,-0.2,-0.0,-0.0,-0.0,-0.0,0.08,-0.0,-0.7,0.25,0.0224026505020979,-0.01750216480516166,-0.00409135825362991,4.66814498514948,-0.1896489281840873,-3.997780720569891,0.0857142857142857,0.0,0.0,0.0,0.0,0.0,0.0,0.0,0.0,-0.0,-0.00613828,161312.7763434098,162885.88418156514
2020-12-29,12.0,-0.1071428571428571,-0.0,0.0,0.0,0.0,0.0,0.0,0.0,-0.057142857142856995,-0.0,-0.0,-0.0,-0.0,0.0,-0.5,-0.0,0.25,-0.000324298494223279,-0.00033697339103195,-0.0108390849442245,4.66814498514948,-0.1896489281840873,-3.997780720569891,0.15,0.0,0.0,0.0,0.0,0.0,0.0,0.0,0.0,-0.00449236,-0.00545158,197794.78351105744,203235.6183226304
2021-01-05,12.0,-0.15,-0.0,0.0,0.0,0.0,0.0,0.0,0.0,-0.0,-0.0,-0.0,-0.0,-0.0,0.0,-0.0,-0.0,0.25,0.00755013361170593,-0.052736049023023805,0.00184140824804652,4.677490847567717,-0.1896489281840873,-3.997780720569891,0.15,0.0,0.0,0.0,0.0,0.0,0.0,0.0,0.0,-0.00276956,-0.00347652,324639.4989480327,318408.1938044792
2021-01-12,12.0,-0.15,-0.0,0.0,0.0,0.0,0.0,0.0,0.0,-0.0,-0.0,-0.0,-0.0,-0.0,0.0,-0.0,-0.0,0.25,0.017603038539938002,-0.059722375413122995,-0.0116758565797004,4.677490847567717,-0.1896489281840873,-3.997780720569891,0.15,0.0,0.0022737114609445498,0.0,0.0,0.0,0.0,0.0,0.0,-0.0016771800000000001,-0.0074392,321072.8543080687,311102.9620660827
2021-01-19,12.0,-0.15,-0.0,0.0,0.0,0.0,0.0,0.0,0.0,-0.0,-0.0,-0.0,-0.0,-0.0,0.08,-0.0,-0.0,0.25,0.0231302300857576,-0.00996047483757562,-0.00611967204136453,4.677490847567717,-0.1896489281840873,-3.997780720569891,0.15,0.0,0.012700302588990273,0.0,0.0,0.0,0.0,0.0,0.0,-0.00030406,-0.00497144,374945.5463253613,359897.0725509202
2021-01-26,12.0,-0.1071428571428571,-0.028571428571428498,0.0,0.0,0.0,0.0,0.0,0.0,-0.0,-0.0,-0.0,-0.0,-0.0,0.0,-0.0,-0.0,0.25,0.00302676640423514,-0.0043003027386085005,0.00424659508132901,4.677490847567717,-0.1896489281840873,-3.997780720569891,0.06428571428571428,0.0,0.0,0.0,0.0,0.0,0.0,0.0,0.0,-0.0080221,-0.00784942,313556.2867909929,331477.8272775457
2021-02-02,12.0,-0.0,-0.1,0.0,0.0,0.0,0.0,0.0,0.0,-0.0,-0.0,-0.0,-0.0,-0.0,0.0,-0.0,-0.0,0.25,0.0213242685636949,-0.0011331815027606522,0.00972903754027449,4.711330381816482,-0.1896489281840873,-3.997780720569891,0.0,0.0,0.0,0.0,0.0,0.0,0.0,0.0,0.0,-0.0020227,-0.00866774,325504.1264003812,312553.1771716022
2021-02-09,12.0,-0.0,-0.1,0.0,0.0,0.0,0.0,0.0,0.0,-0.0,-0.0,-0.0,-0.0,-0.0,0.0,-0.0,-0.0,0.5,0.00780725307646038,0.0338907612230376,0.0243430156625374,4.711330381816482,-0.1896489281840873,-3.997780720569891,0.0,0.0,0.0,0.0,0.0,0.0,0.0,0.0,0.0,-0.0026496000000000002,-0.00665568,433929.1205433584,415920.58724554046
2021-02-16,12.0,-0.0,-0.1,0.0,0.0,0.0,0.0,0.0,0.0,-0.0,-0.0,-0.0357142857142857,-0.0,-0.0,0.0,-0.0,-0.0,0.5,0.00676430550746414,0.0224139783495752,-0.00025364378996825,4.711330381816482,-0.1896489281840873,-3.997780720569891,0.0,0.0,0.01578605385741502,0.0106090557,0.0,0.0,0.0,0.0,0.0,-0.00197442,-0.00759006,414132.6934250222,406037.8299941522
2021-02-23,12.0,-0.0,-0.0857142857142857,0.01142857142857136,0.0,0.0,0.0,0.0,0.0,-0.0,-0.0,-0.0,-0.0,-0.0,0.08,-0.0,-0.0,0.5,0.0185645259353185,-0.00787259141850612,-0.00132945543597903,4.711330381816482,-0.1896489281840873,-3.997780720569891,0.0,0.0,0.03933520827434071,0.015666769049999998,0.000420590625,0.0,0.0,0.0,0.0,-0.0057399,-0.01042008,478417.9901819832,505341.4053632258
2021-03-02,12.0,-0.0,-0.0,0.08,0.0,0.0,0.0,0.0,0.0,-0.0,-0.0,-0.0,-0.0,-0.0,0.0,-0.0,-0.0,0.5,0.0031055719799293505,0.00389691754691128,0.00487959022683446,4.687671407499835,-0.1896489281840873,-3.997780720569891,0.0,0.0,0.02429623103980747,0.02085011105075,0.000420590625,0.0,0.0,0.0,0.0,-0.00382898,-0.00402116,503752.639139087,497636.09492802236
2021-03-09,12.0,-0.0,-0.0,0.08,0.0,0.0,0.0,0.0,0.0,-0.0,-0.0,-0.0,-0.0,-0.0,0.0,-0.0,-0.0,0.5,-0.0012178319772680102,-0.048044527105655405,-0.00959647442693609,4.687671407499835,-0.1896489281840873,-3.997780720569891,0.0,0.0,0.0318319604532237,0.0051444872045,0.000420590625,0.0,0.0,0.0,0.0,-0.00231964,-0.00377726,466345.9704566749,481954.3280047034
2021-03-16,12.0,-0.0,-0.0,0.08,0.0,0.0,0.0,0.0,0.0,-0.0,-0.0,-0.0,-0.0,-0.0,0.0,-0.0,-0.0,0.5,-0.0229726508670938,0.00917207231085606,-0.00192592425580963,4.687671407499835,-0.1896489281840873,-3.997780720569891,0.0,0.0,0.0002923343306928707,0.004165050267,0.000420590625,0.0,0.0,0.0,0.0,-0.00042392,-0.0038273400000000003,472192.4767442693,480964.78840701346
2021-03-23,12.0,-0.0,-0.0,0.08,0.0,0.0,0.0,0.0,0.0,-0.0,-0.0,-0.0,-0.0,-0.0,0.08,-0.0,-0.0,0.5,-0.0254991293698704,-0.027135458167237003,-0.00815584418680717,4.687671407499835,-0.1896489281840873,-3.997780720569891,0.0857142857142857,0.0,0.02579038428557104,0.004165050267,0.000420590625,0.0,0.0,0.0,0.0,-0.00246042,-0.00399024,545299.7802439496,553924.3300684354
2021-03-30,12.0,-0.0,-0.0,0.022857142857142798,0.0714285714285714,0.0,0.0,0.0,0.0,-0.0,-0.0,-0.0,-0.0,-0.0,0.0,-0.0,-0.0,0.5,0.0070315674912812,0.01175580729320914,0.00207606582962791,4.687671407499835,-0.1896489281840873,-3.997780720569891,0.15,0.0,0.0021762666840469264,0.00298291067375,0.000420590625,0.0,0.0,0.0,0.0,-0.00260248,-0.0072981,574393.5695776392,632527.881965765
2021-04-06,12.0,-0.0,-0.0,0.0,0.1,0.0,0.0,0.0,0.0,-0.0,-0.0357142857142857,-0.0,-0.0,-0.0,0.0,-0.0,-0.0,0.5,-0.026871149807338002,-0.00778490200958596,0.00238446138605191,4.684905154006945,-0.1896489281840873,-3.997780720569891,0.15,0.0,0.0165331304802968,0.0014071366225000001,0.0,0.0,0.0,0.0,0.0,-0.00027536,-0.0038872200000000003,536739.0506637268,570953.2650961765
2021-04-13,12.0,-0.0,-0.0,0.0,0.1,0.0,0.0,0.0,0.0,-0.0,-0.0357142857142857,-0.0,-0.0,-0.0,0.0,-0.0,-0.0,0.5,-0.0255418440960226,0.01289147541600582,0.000642436818442768,4.684905154006945,-0.1896489281840873,-3.997780720569891,0.15,0.0,0.0,0.0012693209375,0.0,0.0,0.0,0.0,0.0,-0.00030718,-0.0037077,538750.4354257431,539306.6262095809
2021-04-20,12.0,-0.0,-0.0,0.0,0.1,0.0,0.0,0.0,0.0,-0.0,-0.0,-0.0,-0.0,-0.0,0.08,-0.0,-0.0,0.5,0.0062151998549789,0.00281229045786004,-0.0117991025917278,4.684905154006945,-0.1896489281840873,-3.997780720569891,0.15,0.0,0.0,0.0012693209375,0.0,0.0,0.0,0.0,0.0,-0.0037050200000000003,-0.00404394,608178.8348174116,624152.168508981
2021-04-27,12.0,-0.0,-0.0,0.0,0.0571428571428571,0.0428571428571428,0.0,0.0,0.0,-0.0,-0.0,-0.0,-0.0,-0.0,0.0,-0.0,-0.0,0.5,-0.00477798835424593,-0.0280031691725952,-0.00858806295722097,4.684905154006945,-0.1896489281840873,-3.997780720569891,0.15,0.0,0.0,0.0007516709375,0.0,0.0,0.0,0.0,0.0,-0.00795628,-0.00478588,537194.6560013699,585197.6908566123
2021-05-04,12.0,-0.0,-0.0,0.0,0.0,0.1,0.0,0.0,0.0,-0.0,-0.0,-0.0,-0.0,-0.0,0.0,-0.0,-0.0,0.5,0.049442587265411,0.0223178271661908,0.013157413074319899,4.7318028369214575,-0.1896489281840873,-3.997780720569891,0.15,0.0,0.0,0.0005704589275,0.0,0.0,0.0,0.0,0.0,-0.00310692,-0.0034668200000000002,642606.431775106,632472.0561185891
2021-05-11,12.0,-0.0,-0.0,0.0,0.0,0.1,0.0,0.0,0.0,-0.0,-0.0,-0.0,-0.0,-0.0,0.0,-0.0,-0.0,0.5,0.00755792550500774,0.025779582155259,0.00524369537923887,4.7318028369214575,-0.1896489281840873,-3.997780720569891,0.15,0.0,0.0,0.00027173173999999996,0.0,0.0,0.0,0.0,0.0,-0.0009449,-0.00481612,613824.9709840097,589003.5395400856
2021-05-18,12.0,-0.0,-0.0,0.0,0.0,0.1,0.0,0.0,0.0,-0.0,-0.0,-0.0,-0.0,-0.0,0.0,-0.0,-0.0,0.5,-0.00445688899820977,0.0280334291161628,0.00045885934177389005,4.7318028369214575,-0.1896489281840873,-3.997780720569891,0.06428571428571428,0.0,0.0,0.00027173173999999996,0.0,0.0,0.0,0.0,0.0,-0.00340776,-0.00554936,553495.5069942145,567206.0366938157
2021-05-25,12.0,-0.0,-0.0,0.0,0.0,0.1,0.0,0.0,0.0,-0.0,-0.0,-0.0,-0.0357142857142857,-0.0,0.08,-0.0,-0.0,0.5,-0.000521549230252282,-0.034500597270994,-0.0227192624204051,4.7318028369214575,-0.1896489281840873,-3.997780720569891,0.0,0.0,0.0,0.0065560917400000005,0.0,0.0,0.0,0.0,0.0,-0.00955688,-0.00907036,498244.5726902144,464834.6927360843
2021-06-01,12.0,-0.0,-0.0,0.0,0.0,0.0,0.0,0.0,0.0,-0.0,-0.0,-0.0,-0.0,-0.0,0.0,-0.0,-0.0,0.5,0.0027407058736542,-0.0035964188722594,-0.00719562341863388,4.686750172980514,-0.1896489281840873,-3.997780720569891,0.0,0.0,0.0,0.00865087774,0.0,0.0,0.0,0.0,0.0,-0.0037607,-0.00377996,439054.7526371075,501776.69787995156
2021-06-08,12.0,-0.0,-0.0,0.0,0.0,0.0,0.0,0.0,0.0,-0.0,-0.0,-0.0,-0.0,-0.0,0.0,-0.0,-0.0,0.5,0.00141344729122461,0.0225388582435706,0.013671720050993501,4.686750172980514,-0.1896489281840873,-3.997780720569891,0.0,0.0,0.0,0.0,0.0,0.0,0.0,0.0,0.0,-0.0010680800000000001,-0.0024678400000000002,457443.48673815804,488780.0751390342
2021-06-15,12.0,-0.0,-0.0,0.0,0.0,0.0,0.0,0.0,0.0,-0.0,-0.0,-0.0,-0.0,-0.0,0.0,-0.0,-0.0,0.5,-0.0151370271580163,-0.00401988797204296,-0.006857231833069311,4.686750172980514,-0.1896489281840873,-3.997780720569891,0.0857142857142857,0.05714285714285714,0.0,0.0,0.0,0.0,0.0,0.0,0.0,-0.00420724,-0.0038203,492936.6669265708,475363.12452857336
2021-06-22,12.0,-0.0,-0.0,0.0,0.0,0.0,0.0,0.0,0.0,-0.0,-0.0,-0.0,-0.0,-0.0,0.08,-0.0,-0.0,0.5,-0.0072609004958327705,0.00392751143349054,-0.0026129661590598902,4.686750172980514,-0.1896489281840873,-3.997780720569891,0.15,0.1,0.0,0.0,0.0,0.0,0.0,0.0,0.0,-0.00405968,-0.024600920000000002,594046.9104244985,612167.7757137594
2021-06-29,12.0,-0.0,-0.0,0.0,0.0,0.0,0.0,0.0,0.0,-0.0,-0.0,-0.0,-0.0,-0.0,0.0,-0.0,-0.0,0.5,0.0015652886608303503,-0.01646109872838326,0.00761008726755146,4.686750172980514,-0.1896489281840873,-3.997780720569891,0.15,0.1,0.0,0.0,0.0,0.0,0.0,0.0,0.0,-0.00883464,-0.00945724,553348.3010706966,566379.9302359668
2021-07-06,12.0,-0.0,-0.0,0.0,0.0,0.0,0.0,0.0,0.0,-0.0,-0.0,-0.0,-0.0,-0.0,0.0,-0.0,-0.0,0.5,-0.022557730440913998,-0.06381659436056261,-0.0237902581527277,4.688591794127164,-0.1896489281840873,-3.997780720569891,0.15,0.1,0.0,0.0,0.0,0.011481842889911319,0.0,0.0,0.0,-0.0001078,-0.0028888,513745.2532371845,519096.26650323207
2021-07-13,12.0,-0.0,-0.0,0.0,0.0,0.0,0.0,0.0,0.0,-0.0,-0.0,-0.0,-0.0,-0.0,0.0,-0.0,-0.0,0.5,-0.0115363339735196,0.0135094194067193,-0.017721883003147802,4.688591794127164,-0.1896489281840873,-4.130195258334207,0.06428571428571428,0.04285714285714286,0.0,0.0,0.0,0.0273758196034115,0.0,0.0,0.0,-0.00164134,-0.00477528,434130.6769763549,443876.8783131656
2021-07-20,12.0,-0.0,-0.0,0.0,0.0,0.0,0.0,0.0,0.0,-0.0,-0.0,-0.0,-0.0,-0.0,0.08,-0.0,-0.0,0.5,0.0113990993293968,0.0391164766593644,0.013654973341705201,4.688591794127164,-0.1896489281840873,-4.130195258334207,0.0,0.0,0.0,0.0,0.0,0.05251201142909272,0.0,0.0,0.0,-0.0028082800000000002,-0.00534,468495.55288221734,436274.9507799995
2021-07-27,12.0,-0.0,-0.0,0.0,0.0,0.0,0.0,0.0,0.0,-0.0,-0.0,-0.0,-0.0,-0.0,0.0,-0.0,-0.0,0.5,0.016323937752824,-0.0372996205604914,-0.00153209211742867,4.688591794127164,-0.1896489281840873,-4.130195258334207,0.0,0.0,0.0,0.0,0.0,0.04655404032482442,0.0,0.0,0.0,-0.00881816,-0.0079822,390816.5366055014,397653.2829477793
2021-08-03,12.0,-0.0,-0.0,0.0,0.0,0.0,0.0,0.0,0.0,-0.0,-0.0,-0.0,-0.0,-0.0,0.0,-0.0,-0.0,0.5,-0.0111859794910137,-0.0388267741983602,-0.027324144248371002,4.69866052907543,-0.1896489281840873,-4.130195258334207,0.0,0.0,0.0,0.0,0.0,0.02110379869530114,0.0,0.0,0.0,-0.00097752,-0.0030563,368999.0776089107,375351.5655866296
2021-08-10,12.0,-0.0,-0.0,0.0,0.0,0.0,0.0,0.0,0.0,-0.0,-0.0,-0.0,-0.0,-0.0,0.0,-0.0,-0.0,0.5,-0.0165328230663652,-0.067257728499647,-0.0116386030634582,4.69866052907543,-0.1896489281840873,-4.130195258334207,0.0,0.0,0.0,0.0,0.0,0.02724780118846076,0.0,0.0,0.0,-0.00426584,-0.00276766,363524.3237475898,374307.75648560264
2021-08-17,12.0,-0.0,-0.0,0.0,0.0,0.0,0.0,0.0,0.0,-0.0,-0.0,-0.0,-0.0,-0.0,0.0,-0.0,-0.0,0.5,-0.010714763128102501,-0.0179414350070914,-0.0201034433933967,4.69866052907543,-0.1896489281840873,-4.130195258334207,0.0,0.0,0.0,0.0,0.0,0.02480940075714798,0.0,0.0,0.0,-0.00419058,-0.00296152,379919.2472130822,393068.9567262094
2021-08-24,12.0,-0.0,-0.0,0.0,0.0,0.0,0.0,0.0,0.0,-0.0,-0.0,-0.0,-0.0,-0.0,0.08,-0.0,-0.0,0.5,0.00262724963588154,0.0326062437034266,-0.030002901242281502,4.69866052907543,-0.1896489281840873,-4.130195258334207,0.0,0.0,0.0,0.0,0.0,0.023479426851081238,0.0,0.0,0.0,-0.00159336,-0.00389602,434537.26336956245,404162.7424778607
2021-08-31,12.0,-0.0,-0.0,0.0,0.0,0.0,0.04285714285714285,0.0,0.0,-0.0,-0.0,-0.0,-0.0,-0.0,0.0,-0.0,-0.0,0.5,-0.0211757855680836,-0.1195306937299246,-0.020763382488420898,4.69866052907543,-0.1896489281840873,-4.130195258334207,0.0,0.0,0.0,0.0,0.0,0.030386353202378442,0.0,0.0,0.0,-0.00878384,-0.01120622,351723.2475643839,371798.1816641971
2021-09-07,12.0,-0.0,-0.0,0.0,0.0,0.0,0.05,0.0,0.0,-0.0,-0.0,-0.0,-0.0,-0.0,0.0,-0.0,-0.0,0.5,-0.0103450101390347,-0.0058008963034822,-0.023838464972568398,4.6913478822291435,-0.1896489281840873,-4.130195258334207,0.0857142857142857,0.05714285714285714,0.0,0.0,0.0,0.028343351567037146,0.0,0.0,0.0,-0.0054440800000000004,-0.0054036200000000005,461331.48441836063,476491.9062012916
2021-09-14,12.0,-0.0,-0.0,0.0,0.0,0.0,0.05,0.0,0.0,-0.0,-0.0,-0.0,-0.0,-0.0,0.0,-0.0,-0.0,0.5,-0.006856664597007621,0.0205537539181692,-0.00630177337344676,4.6913478822291435,-0.1896489281840873,-4.130195258334207,0.15,0.1,0.0,0.0,0.0,2.550901641033343e-09,0.0,0.0,0.0,-0.0050444,-0.0062212000000000005,523155.18203581637,518356.7059711864
2021-09-21,12.0,-0.0,-0.0,0.0,0.0,0.0,0.05,0.0,0.0,-0.0,-0.0,-0.0,-0.0,-0.0,0.08,-0.0,-0.0,0.5,0.00205775731486396,0.0369939374726446,0.00786759421722098,4.6913478822291435,-0.1896489281840873,-4.130195258334207,0.15,0.1,0.0,0.0,0.0,2.295811476930009e-16,0.0,0.0,0.0,-0.00418876,-0.00663796,589833.9081946367,543511.6429232461
2021-09-28,12.0,-0.0,-0.0,0.0,0.0,0.0,0.0214285714285714,0.0571428571428571,0.0,-0.0,-0.0,-0.0,-0.0,-0.0,0.0,-0.0,-0.0,0.5,-0.022127111275347604,-0.0423245093195212,0.000414984857384517,4.6913478822291435,-0.1896489281840873,-4.130195258334207,0.15,0.1,0.0,0.0,0.0,2.0662303292370082e-23,0.0,0.0,0.0,-0.0016704600000000001,-0.00951116,501248.30123749346,502488.21174708835
2021-10-05,12.0,-0.0,-0.0,0.0,0.0,0.0,0.0,0.1,0.0,-0.0,-0.0,-0.0,-0.0,-0.0,0.0,-0.0,-0.0,0.5,0.00807821654413607,0.01392871651760898,0.00815508594929922,4.673762977453703,-0.1896489281840873,-4.130195258334207,0.15,0.04285714285714286,0.0,0.0,0.0,1.8596072963133072e-30,0.0,0.0,0.0,-0.0,-0.0064345800000000005,524658.7723354683,529189.4255872227
2021-10-12,12.0,-0.0,-0.0,0.0,0.0,0.0,0.0,0.1,0.0,-0.0,-0.0,-0.0,-0.0,-0.0,0.0,-0.0,-0.0,0.5,0.0027490365467268602,0.0318313415804594,-0.000520672827592606,4.673762977453703,-0.1896489281840873,-4.130195258334207,0.15,0.0,0.0,0.0,0.0,1.6736465666819766e-37,0.0,0.0,0.0,-0.0,-0.00987416,502878.73485789937,537041.2773436578
2021-10-19,12.0,-0.0,-0.0,0.0,0.0,0.0,0.0,0.1,0.0,-0.0,-0.0,-0.0,-0.0,-0.0,0.08,-0.0,-0.0,0.5,-0.00144318979725792,-0.017849817417010402,0.000138693734066798,4.673762977453703,-0.1896489281840873,-4.130195258334207,0.15,0.0,0.0,0.0,0.0,1.506281910013779e-44,0.0,0.0,0.0,-0.0,-0.00879446,517088.8613055278,513471.43598979193
2021-10-26,12.0,-0.0,-0.0,0.0,0.0,0.0,0.0,0.0857142857142857,0.021428571428571297,-0.0,-0.0,-0.0,-0.0,-0.0357142857142857,0.0,-0.0,-0.0,0.5,-0.0399771272651723,0.00365721170395932,0.00632000671550479,4.673762977453703,-0.1896489281840873,-4.130195258334207,0.15,0.0,0.0,0.0,0.0,1.355653719012401e-51,0.0,0.0,0.0,-0.00139346,-0.0137035,456001.0966912355,429927.9243199429
2021-11-02,12.0,-0.0,-0.0,0.0,0.0,0.0,0.0,0.0,0.15,-0.0,-0.0,-0.0,-0.0,-0.0,0.0,-0.0,-0.0,0.5,-0.00998067651372304,0.00854380774668124,-0.0116491850291784,4.672828834461906,-0.1896489281840873,-4.130195258334207,0.06428571428571428,0.0,0.0,0.0,0.0,1.220088347111161e-58,0.0,0.0,0.0,-0.0038083600000000002,-0.0075976,461749.74620916456,519504.68099448347
2021-11-09,12.0,-0.0,-0.0,0.0,0.0,0.0,0.0,0.0,0.15,-0.0,-0.0,-0.0,-0.0,-0.0,0.0,-0.0,-0.0,0.5,0.00379522429519299,-0.001444802628169204,-0.0055949945658474,4.672828834461906,-0.1896489281840873,-4.130195258334207,0.0,0.0,0.0,0.0,0.0,1.0980795124000449e-65,0.0,0.0,0.0,-0.00352446,-0.0062443,437998.74105236673,430953.4964107305
2021-11-16,12.0,-0.0,-0.0,0.0,0.0,0.0,0.0,0.0,0.15,-0.0,-0.0,-0.0,-0.0,-0.0,0.0,-0.0,-0.0,0.5,0.000164715800884827,0.0308629287496604,-0.00147247022657687,4.672828834461906,-0.1896489281840873,-4.130195258334207,0.0,0.0,0.0,0.0,0.0,9.882715611600404e-73,0.0,0.0,0.0,-5.492e-05,-0.00982042,452554.9550026256,468104.41975404014
2021-11-23,12.0,-0.0,-0.0,0.0,0.0,0.0,0.0,0.0,0.15,-0.0,-0.0,-0.0,-0.0,-0.0,0.08,-0.0,-0.0,0.5,-0.0189106947869358,0.01745159145820014,0.00244021201446957,4.672828834461906,-0.1896489281840873,-4.130195258334207,0.0,0.0,0.0,0.0,0.0,0.03987445674950498,0.0,0.0,0.0,-0.00028504,-0.00739058,496910.1943998491,500146.89334683033
2021-11-30,12.0,-0.0,-0.0,0.0,0.0,0.0,0.0,0.0,0.021428571428571297,-0.1714285714285714,-0.0,-0.0,-0.0,-0.0,0.0,-0.0,-0.0,0.5,-0.0319922438929967,0.0012518075508087681,0.0148460362358136,4.672828834461906,-0.1896489281840873,-4.084250957037365,0.0,0.0,0.0,0.0,0.0,0.05886616435034639,0.0,0.0,0.0,-0.00851084,-0.011889760000000001,352040.0102079891,324161.9172887916
2021-12-07,12.0,-0.0,-0.0,0.0,0.0,0.0,0.0,0.0,0.0,-0.2,-0.0,-0.0,-0.0,-0.0,0.0,-0.0,-0.0,0.5,-0.020098976120032898,-0.028630384067452202,0.00172159528591613,4.7104306966455844,-0.1896489281840873,-4.084250957037365,0.0,0.0,0.0,0.0,0.0,0.024502605461907877,0.0,0.0,0.0,-0.0075223,-0.00819356,327194.4076349601,342668.1419937727
2021-12-14,12.0,-0.0,-0.0,0.0,0.0,0.0,0.0,0.0,0.0,-0.2,-0.0,-0.0,-0.0,-0.0,0.0,-0.0,-0.0,0.5,0.0141277825826545,0.01965953627041224,-0.00499440484173948,4.7104306966455844,-0.1896489281840873,-4.084250957037365,0.0,0.0,0.0,0.0,0.0,0.007722911137186544,0.0,0.0,0.0,-0.00489912,-0.01113436,346976.7856589019,339108.94584518624
2021-12-21,12.0,-0.0,-0.0,0.0,0.0,0.0,0.0,0.0,0.0,-0.2,-0.0,-0.0,-0.0,-0.0,0.08,-0.0,-0.7,0.5,0.00646191973949758,0.0401786438388518,-0.00023807421260388503,4.7104306966455844,-0.1896489281840873,-4.084250957037365,0.0,0.0,0.0,0.0,0.0,0.026989449888287945,0.0,0.0,0.0,-0.00142958,-0.01041036,194479.65026462806,190046.0875225834
2021-12-28,12.0,-0.0642857142857142,-0.0,0.0,0.0,0.0,0.0,0.0,0.0,-0.1142857142857142,-0.0,-0.0,-0.0,-0.0,0.0,-0.5,-0.0,0.5,-0.0416177645439486,0.0427542754946514,0.000939737313833605,4.7104306966455844,-0.1896489281840873,-4.084250957037365,0.0857142857142857,0.0,0.0,0.0,0.0,0.040338800508614624,0.0,0.0,0.0,-0.00193498,-0.01039756,236512.46161405384,237145.24163571335
2022-01-04,12.0,-0.15,-0.0,0.0,0.0,0.0,0.0,0.0,0.0,-0.0,-0.0,-0.0,-0.0,-0.0,0.0,-0.0,-0.0,0.5,-0.034712851424335604,0.0355089268733506,0.00290649363718084,4.7086288943563215,-0.1896489281840873,-4.084250957037365,0.15,0.0,0.0,0.0,0.0,0.01964308727166579,0.0,0.0,0.0,-0.0033431,-0.002356,421837.5496602048,404160.6469320319
2022-01-11,12.0,-0.15,-0.0,0.0,0.0,0.0,0.0,0.0,0.0,-0.0,-0.0,-0.0,-0.0,-0.0,0.0,-0.0,-0.0,0.5,0.006519855198985481,-0.019681588045229643,-0.0033747902021251104,4.7086288943563215,-0.1896489281840873,-4.025601522881101,0.15,0.0,0.0,0.0,0.0,0.02511602565785951,0.0,0.0,0.0,-0.0025229000000000002,-0.00323132,440737.0534412024,467596.8467330041
2022-01-18,12.0,-0.15,-0.0,0.0,0.0,0.0,0.0,0.0,0.0,-0.0,-0.0,-0.0,-0.0,-0.0,0.0,-0.0,-0.0,0.5,-0.0110244383957401,-0.04251589329367161,0.007163304855499461,4.7086288943563215,-0.1896489281840873,-4.025601522881101,0.15,0.0,0.0,0.0,0.0,0.017360416841436927,0.0,0.0,0.0,-0.00235754,-0.00328982,424520.0320185295,454063.08001735905
2022-01-25,12.0,-0.15,-0.0,0.0,0.0,0.0,0.0,0.0,0.0,-0.0,-0.0,-0.0,-0.0,-0.0,0.08,-0.0,-0.0,0.5,-0.00815403589258094,0.01068722965608876,-0.0066430427997683505,4.7086288943563215,-0.1896489281840873,-4.025601522881101,0.06428571428571428,0.0,0.0,0.0,0.0,0.017823706002947817,0.0,0.0,0.0,-0.0060523600000000006,-0.0061525600000000005,437649.26097737317,447645.34813747695
2022-02-01,12.0,-0.0,-0.1,0.0,0.0,0.0,0.0,0.0,0.0,-0.0,-0.0,-0.0,-0.0,-0.0,0.0,-0.0,-0.0,0.5,-0.046653249356156994,-0.0107415455956994,-0.000420625183264072,4.674696248636701,-0.1896489281840873,-4.025601522881101,0.0,0.0,0.0,0.0,0.0,0.01354591335184217,0.0,0.0,0.0,-0.00573236,-0.00316542,364498.78999227675,403971.7770065414
2022-02-08,12.0,-0.0,-0.1,0.0,0.0,0.0,0.0,0.0,0.0,-0.0,-0.0,-0.0,-0.0,-0.0,0.0,-0.0,-0.0,0.75,-0.025798771567764698,-0.01379084410600012,-0.0057146211077628096,4.674696248636701,-0.1896489281840873,-4.025601522881101,0.0,0.0,0.0,0.0,0.0,0.01914125054398255,0.0,0.0,0.0,-0.00368642,-0.00338646,477447.7129987882,486839.6435702898
2022-02-15,12.0,-0.0,-0.1,0.0,0.0,0.0,0.0,0.0,0.0,-0.0,-0.0,-0.0357142857142857,-0.0,-0.0,0.0,-0.0,-0.0,0.75,0.012424928374511802,0.029738504602318198,-0.013558101816674,4.674696248636701,-0.1896489281840873,-4.025601522881101,0.0,0.0,0.0,0.0,0.0,0.016001128475459873,0.0,0.0,0.0,-0.0,-0.00323064,496385.1078164684,521273.6673738632
2022-02-22,12.0,-0.0,-0.1,0.0,0.0,0.0,0.0,0.0,0.0,-0.0,-0.0,-0.0,-0.0,-0.0,0.08,-0.0,-0.0,0.75,0.016233753469533003,0.0254947465291478,-0.0199181501768678,4.674696248636701,-0.1896489281840873,-4.025601522881101,0.0,0.0,0.0,0.0,0.0,0.013936495195613114,0.0,0.0,0.0,-0.00714488,-0.00408104,547965.0149658086,539933.1290720709
2022-03-01,12.0,-0.0,-0.0,0.08,0.0,0.0,0.0,0.0,0.0,-0.0,-0.0,-0.0,-0.0,-0.0,0.0,-0.0,-0.0,0.75,-0.000911299470873858,-0.011714026045334261,0.00137282058268356,4.689511334421843,-0.1896489281840873,-4.025601522881101,0.0,0.0,0.0,0.0,0.0,0.006946458222809568,0.0,0.0,0.0,-0.00434314,-0.00306486,592761.1631988826,597808.5433997093
2022-03-08,12.0,-0.0,-0.0,0.08,0.0,0.0,0.0,0.0,0.0,-0.0,-0.0,-0.0,-0.0,-0.0,0.0,-0.0,-0.0,0.75,0.00594721490096297,0.0074027858822292205,0.00032126637909200796,4.689511334421843,-0.1896489281840873,-4.025601522881101,0.0,0.0,0.0,0.0,0.0,0.004132786735813382,0.0,0.0,0.0,-0.00409892,-0.00206024,606770.4197053855,610004.5036282076
2022-03-15,12.0,-0.0,-0.0,0.08,0.0,0.0,0.0,0.0,0.0,-0.0,-0.0,-0.0,-0.0,-0.0,0.0,-0.0,-0.0,0.75,0.0220462665657738,0.030044987754127204,0.033530098978894904,4.689511334421843,-0.1896489281840873,-4.025601522881101,0.10714285714285714,0.0,0.0,0.0,0.0,0.0024464358028543774,0.0,0.0,0.0,-0.00316954,-0.0026888,724772.5711082735,722474.9012588224
2022-03-22,12.0,-0.0,-0.0,0.08,0.0,0.0,0.0,0.0,0.0,-0.0,-0.0,-0.0,-0.0,-0.0,0.08,-0.0,-0.0,0.75,-0.008647463363632,0.006283018401609321,0.00606354479701408,4.689511334421843,-0.1896489281840873,-4.025601522881101,0.15,0.0,0.0,0.0,0.0,0.016940304025106264,0.0,0.0,0.0,-0.0071960800000000005,-0.00273142,762969.0815394297,813732.0485204994
2022-03-29,12.0,-0.0,-0.0,0.03428571428571424,0.0571428571428571,0.0,0.0,0.0,0.0,-0.0,-0.0,-0.0,-0.0,-0.0,0.0,-0.0,-0.0,0.75,0.0107965843877724,0.0241683114802726,0.0065256329148206905,4.689511334421843,-0.1896489281840873,-4.025601522881101,0.15,0.0,0.0,0.0,0.0,0.020604984345861277,0.0,0.0,0.0,-0.00812756,-0.00337712,741388.6701713072,810072.3249932907
2022-04-05,12.0,-0.0,-0.0,0.0,0.1,0.0,0.0,0.0,0.0,-0.0,-0.0357142857142857,-0.0,-0.0,-0.0,0.0,-0.0,-0.0,0.75,0.00903166157741209,0.000543702912497308,-0.00564344404028245,4.692264892839025,-0.1896489281840873,-4.025601522881101,0.15,0.0,0.0,0.0,0.0,0.01772465342901331,0.0,0.0,0.0,-0.00263962,-7.562e-05,700984.8052336272,709600.847009722
2022-04-12,12.0,-0.0,-0.0,0.0,0.1,0.0,0.0,0.0,0.0,-0.0,-0.0357142857142857,-0.0,-0.0,-0.0,0.0,-0.0,-0.0,0.75,0.007054617324242221,0.01746240581822886,-0.0117317724437143,4.692264892839025,-0.1896489281840873,-4.025601522881101,0.15,0.0,0.0,0.0,0.0,0.010739641368118126,0.0,0.0,0.0,-0.0042733,-7.71e-05,701148.2646360059,685093.9326367708
2022-04-19,12.0,-0.0,-0.0,0.0,0.1,0.0,0.0,0.0,0.0,-0.0,-0.0,-0.0,-0.0,-0.0,0.08,-0.0,-0.0,0.75,0.0213641394888167,0.021383116913568402,0.0198324994034971,4.692264892839025,-0.1896489281840873,-4.025601522881101,0.15,0.0,0.0,0.0,0.0,9.665677231306314e-10,0.0,0.0,0.0,-0.0057889000000000005,-0.00010482,817250.1258236805,840218.2172829683
2022-04-26,12.0,-0.0,-0.0,0.0,0.0714285714285714,0.028571428571428498,0.0,0.0,0.0,-0.0,-0.0,-0.0,-0.0,-0.0,0.0,-0.0,-0.0,0.75,-0.00532103731351576,-0.015706756422699718,-0.00268288727419228,4.692264892839025,-0.1896489281840873,-4.025601522881101,0.15,0.0,0.0,0.0,0.0,8.699109508175683e-17,0.0,0.0,0.0,-0.0055694,-0.00185792,690987.1046877372,640699.1427609178
2022-05-03,12.0,-0.0,-0.0,0.0,0.0,0.1,0.0,0.0,0.0,-0.0,-0.0,-0.0,-0.0,-0.0,0.0,-0.0,-0.0,0.75,-0.009233354477798201,0.00807095529310568,-0.0102567314048675,4.686750172980514,-0.1896489281840873,-4.025601522881101,0.15,0.0,0.0,0.0,0.0,7.829198557358114e-24,0.0,0.0,0.0,-0.00389586,-0.00105548,697410.348169162,658027.7212337457
2022-05-10,12.0,-0.0,-0.0,0.0,0.0,0.1,0.0,0.0,0.0,-0.0,-0.0,-0.0,-0.0,-0.0,0.0,-0.0,-0.0,0.75,-0.0123311600485683,-0.01209095439435552,-0.00122213138200751,4.686750172980514,-0.1896489281840873,-4.025601522881101,0.15,0.0,0.0,0.0,0.0,7.046278701622303e-31,0.0,0.0,0.0,-0.0003106,-0.00134372,689830.4736955934,720083.9526810618
2022-05-17,12.0,-0.0,-0.0,0.0,0.0,0.1,0.0,0.0,0.0,-0.0,-0.0,-0.0,-0.0,-0.0,0.0,-0.0,-0.0,0.75,-0.00519863101078437,-0.00092513000548318,-0.00391941398674001,4.686750172980514,-0.1896489281840873,-4.025601522881101,0.06428571428571428,0.0,0.0,0.0,0.0,6.341650831460073e-38,0.0,0.0,0.0,-0.00456932,-0.00519124,637928.6365912356,620862.0869075124
2022-05-24,12.0,-0.0,-0.0,0.0,0.0,0.1,0.0,0.0,0.0,-0.0,-0.0,-0.0,-0.0357142857142857,-0.0,0.08,-0.0,-0.0,0.75,0.0206712456538603,0.01944976102551446,0.0198746514698541,4.686750172980514,-0.1896489281840873,-4.025601522881101,0.0,0.0,0.0,0.0,0.0,5.707485748314065e-45,0.0,0.0,0.0,-0.0041585,-0.00795596,669085.1659359874,682461.5009288684
2022-05-31,12.0,-0.0,-0.0,0.0,0.0,0.0142857142857142,0.0,0.0,0.0,-0.0,-0.0,-0.0,-0.0,-0.0,0.0,-0.0,-0.0,0.75,0.0116356185363445,-0.00784269623874968,0.0264073909859636,4.686750172980514,-0.1896489281840873,-4.025601522881101,0.0,0.0,0.0,0.0,0.0,5.1367371734826586e-52,0.0,0.0,0.0,-0.00640782,-0.00802326,568953.8880465842,592029.214494558
2022-06-07,12.0,-0.0,-0.0,0.0,0.0,0.0,0.0,0.0,0.0,-0.0,-0.0,-0.0,-0.0,-0.0,0.0,-0.0,-0.0,0.75,-0.013909618528088502,0.00726362886798418,0.000103387615097047,4.697749367281185,-0.1896489281840873,-4.025601522881101,0.04285714285714285,0.0,0.0,0.0,0.0,4.623063456134392e-59,0.0,0.0,0.0,-0.0005045,-0.0073472400000000005,574331.3175337958,572447.7929016894
2022-06-14,12.0,-0.0,-0.0,0.0,0.0,0.0,0.0,0.0,0.0,-0.0,-0.0,-0.0,-0.0,-0.0,0.0,-0.0,-0.0,0.75,-0.00372054441056966,-0.0011259591282465479,-0.00626161181078042,4.697749367281185,-0.1896489281840873,-4.025601522881101,0.15,0.05714285714285714,0.0,0.0,0.0,4.160757110520953e-66,0.0,0.0,0.0,-0.00755822,-0.00572,670149.0558280835,655170.2305134677
2022-06-21,12.0,-0.0,-0.0,0.0,0.0,0.0,0.0,0.0,0.0,-0.0,-0.0,-0.0,-0.0,-0.0,0.08,-0.0,-0.0,0.75,0.0217056714955148,0.0163472122117379,0.0058433233852410406,4.697749367281185,-0.1896489281840873,-4.025601522881101,0.15,0.1,0.0,0.0,0.0,3.7446813994688574e-73,0.0,0.0,0.0,-0.00619808,-0.0052456000000000004,802070.2233549972,819427.2740184864
2022-06-28,12.0,-0.0,-0.0,0.0,0.0,0.0,0.0,0.0,0.0,-0.0,-0.0,-0.0,-0.0,-0.0,0.0,-0.0,-0.0,0.75,0.0447043465827887,-0.0030759527228488197,0.00843455377852143,4.697749367281185,-0.1896489281840873,-4.025601522881101,0.15,0.1,0.0,0.0,0.0,3.3702132595219715e-80,0.0,0.0,0.0,-0.00947136,-0.0059824,742002.6576298252,812926.1889272255
2022-07-05,12.0,-0.0,-0.0,0.0,0.0,0.0,0.0,0.0,0.0,-0.0,-0.0,-0.0,-0.0,-0.0,0.0,-0.0,-0.0,0.75,-0.00623749574194584,-0.0294568500443406,-0.010908124494368102,4.7140245909001735,-0.1896489281840873,-4.025601522881101,0.15,0.1,0.0,0.0,0.0,3.0331919335697745e-87,0.0,0.0,0.0,-0.000499,-0.00555882,691151.170575365,649093.1615087261
2022-07-12,12.0,-0.0,-0.0,0.0,0.0,0.0,0.0,0.0,0.0,-0.0,-0.0,-0.0,-0.0,-0.0,0.0,-0.0,-0.0,0.75,-0.0036810633931841303,-0.053231701858590996,-0.009194771092833431,4.7140245909001735,-0.1896489281840873,-4.025601522881101,0.06428571428571428,0.04285714285714286,0.0,0.0,0.0,2.729872740212797e-94,0.0,0.0,0.0,-0.0017666000000000001,-0.0046597,587354.104052687,556991.0995938058
2022-07-19,12.0,-0.0,-0.0,0.0,0.0,0.0,0.0,0.0,0.0,-0.0,-0.0,-0.0,-0.0,-0.0,0.08,-0.0,-0.0,0.75,-0.00961749546144389,-0.01782759594517578,-0.00195289450697017,4.7140245909001735,-0.1896489281840873,-4.025601522881101,0.0,0.0,0.0,0.0,0.0,2.4568854661915172e-101,0.0,0.0,0.0,-0.00267504,-0.00550894,591958.7153923182,588916.8413885694
2022-07-26,12.0,-0.0,-0.0,0.0,0.0,0.0,0.0,0.0,0.0,-0.0,-0.0,-0.0,-0.0,-0.0,0.0,-0.0,-0.0,0.75,-0.0197350240499942,-0.0301338676780974,-0.011080276428557202,4.7140245909001735,-0.1896489281840873,-3.990648968338318,0.0,0.0,0.0,0.0,0.0,2.2111969195723655e-108,0.0,0.0,0.0,-0.00801316,-0.0101029,542889.7101487556,575002.2519469407
2022-08-02,12.0,-0.0,-0.0,0.0,0.0,0.0,0.0,0.0,0.0,-0.0,-0.0,-0.0,-0.0,-0.0,0.0,-0.0,-0.0,0.75,0.0016462069899885602,0.009419893686290261,0.004368725659901321,4.701389043728634,-0.1896489281840873,-3.990648968338318,0.0,0.0,0.0,0.0,0.0,1.990077227615129e-115,0.0,0.0,0.0,-0.0035253,-0.00578446,583743.0683468252,608678.0897000607
2022-08-09,12.0,-0.0,-0.0,0.0,0.0,0.0,0.0,0.0,0.0,-0.0,-0.0,-0.0,-0.0,-0.0,0.0,-0.0,-0.0,0.75,0.00254432631636951,0.01487600430146886,-0.00836631446682912,4.701389043728634,-0.1896489281840873,-3.990648968338318,0.0,0.05714285714285714,0.0,0.0,0.0,1.791069504853616e-122,0.0,0.0,0.0,-0.00729646,-0.00417566,612813.4836428592,601028.1383278405
2022-08-16,12.0,-0.0,-0.0,0.0,0.0,0.0,0.0,0.0,0.0,-0.0,-0.0,-0.0,-0.0,-0.0,0.0,-0.0,-0.0,0.75,0.00616960145900774,-0.00088673908050658,0.0029363080432690605,4.701389043728634,-0.1896489281840873,-3.990648968338318,0.0,0.1,0.0,0.0,0.0,1.6119625543682544e-129,0.0,0.0,0.0,-0.002248,-0.006736,640706.2212277706,664049.0945280715
2022-08-23,12.0,-0.0,-0.0,0.0,0.0,0.0,0.0,0.0,0.0,-0.0,-0.0,-0.0,-0.0,-0.0,0.08,-0.0,-0.0,0.75,-0.00398040137863383,0.001134378487764066,-0.00442491810217882,4.701389043728634,-0.1896489281840873,-3.990648968338318,0.0,0.1,0.0,0.0,0.0,1.450766298931429e-136,0.0,0.0,0.0,-0.00283326,-0.00494804,684222.8216578158,686039.2333810888
2022-08-30,12.0,-0.0,-0.0,0.0,0.0,0.0,0.0357142857142857,0.0,0.0,-0.0,-0.0,-0.0,-0.0,-0.0,0.0,-0.0,-0.0,0.75,-0.013478793077813401,-0.041109232967428,-0.014765109770339499,4.701389043728634,-0.1896489281840873,-3.990648968338318,0.0,0.1,0.0,0.0,0.0,1.305689669038286e-143,0.0,0.0,0.0,-0.0039267,-0.0065404,613530.463468029,600988.6625495167
2022-09-06,12.0,-0.0,-0.0,0.0,0.0,0.0,0.05,0.0,0.0,-0.0,-0.0,-0.0,-0.0,-0.0,0.0,-0.0,-0.0,0.75,0.00667581138685466,0.024061667790879603,0.0162059279094444,4.706823839714591,-0.1896489281840873,-3.990648968338318,0.0857142857142857,0.1,0.0,0.0,0.0,1.1751207021344573e-150,0.0,0.0,0.0,-0.00551744,-0.00048694,769256.1254154874,846407.8775160675
2022-09-13,12.0,-0.0,-0.0,0.0,0.0,0.0,0.05,0.0,0.0,-0.0,-0.0,-0.0,-0.0,-0.0,0.0,-0.0,-0.0,0.75,-0.006651507001188351,0.0315238280541646,-0.00687786048344655,4.706823839714591,-0.1896489281840873,-3.990648968338318,0.15,0.1,0.0,0.0,0.0,1.0576086319210116e-157,0.0,0.0,0.0,-0.0053252,-0.00057572,797007.5922496809,830343.3173724884
2022-09-20,12.0,-0.0,-0.0,0.0,0.0,0.0,0.05,0.0,0.0,-0.0,-0.0,-0.0,-0.0,-0.0,0.08,-0.0,-0.0,0.75,0.00366907427209319,0.036656092965067,0.00226185798387245,4.706823839714591,-0.1896489281840873,-3.990648968338318,0.15,0.1,0.0,0.0,0.0,9.518477687289105e-165,0.03245824228925678,0.0,0.0017325863373235995,-0.0053271,-0.00045180000000000003,915774.0079818451,943397.5743722968
2022-09-27,12.0,-0.0,-0.0,0.0,0.0,0.0,0.02857142857142855,0.0428571428571428,0.0,-0.0,-0.0,-0.0,-0.0,-0.0,0.0,-0.0,-0.0,0.75,0.00529212833211458,0.0315222160107776,-0.00816145672577083,4.706823839714591,-0.1896489281840873,-3.990648968338318,0.15,0.1,0.0,0.0,0.0,8.566629918560195e-172,0.012924360059242176,0.0,0.0083318748243396,-0.0051931,-0.00375732,838117.1921505147,905270.4966268461
2022-10-04,12.0,-0.0,-0.0,0.0,0.0,0.0,0.0,0.1,0.0,-0.0,-0.0,-0.0,-0.0,-0.0,0.0,-0.0,-0.0,0.75,-0.00144333297555302,-0.0056078303019119,-0.00275193466828162,4.720282993088596,-0.1896489281840873,-3.990648968338318,0.15,0.04285714285714286,0.0,0.0,0.0,7.709966926704175e-179,0.01724346035716963,0.0,0.008933268653252,-0.00655226,-0.0001271,800135.6145636236,806570.0670275887
2022-10-11,12.0,-0.0,-0.0,0.0,0.0,0.0,0.0,0.1,0.0,-0.0,-0.0,-0.0,-0.0,-0.0,0.0,-0.0,-0.0,0.75,0.000648258608776158,0.0482381103634336,0.00512026720119834,4.720282993088596,-0.1896489281840873,-3.990648968338318,0.15,0.0,0.0,0.0,0.0,6.9389702340337575e-186,0.013365971833151611,0.0,0.0062211427274208,-0.00571772,-0.0,812491.8215089026,713734.1103236516
2022-10-18,12.0,-0.0,-0.0,0.0,0.0,0.0,0.0,0.1,0.0,-0.0,-0.0,-0.0,-0.0,-0.0,0.0,-0.0,-0.0,0.75,0.00608154327037173,0.012672684609618422,-0.013458454785307501,4.720282993088596,-0.1896489281840873,-3.990648968338318,0.15,0.0,0.0,0.0,0.0,6.245073210630382e-193,0.01882813910924121,0.0,0.009937538324336397,-0.00469372,-0.0,781798.9013790245,782962.1377253012
2022-10-25,12.0,-0.0,-0.0,0.0,0.0,0.0,0.0,0.1,0.0,-0.0,-0.0,-0.0,-0.0,-0.0357142857142857,0.08,-0.0,-0.0,0.75,0.030698428464622198,0.00815957231497658,-0.00786627438849817,4.720282993088596,-0.1896489281840873,-3.990648968338318,0.15,0.0,0.0,0.0,0.0,5.620565889567343e-200,0.01222421064401666,0.0,0.010155254186523199,-0.00749626,-0.00299022,828320.5714894899,736994.4068864309
2022-11-01,12.0,-0.0,-0.0,0.0,0.0,0.0,0.0,0.0,0.15,-0.0,-0.0,-0.0,-0.0,-0.0,0.0,-0.0,-0.0,0.75,-0.00458823424469819,-0.0379820182364708,-0.0019532659970067103,4.719391330078114,-0.1896489281840873,-3.990648968338318,0.06428571428571428,0.0,0.0,0.0,0.0,5.058509300610609e-207,0.0037178822335424385,0.0019558799999999997,0.012392940778474797,-0.00268412,-0.00042496,710563.2556863216,688942.4080278887
2022-11-08,12.0,-0.0,-0.0,0.0,0.0,0.0,0.0,0.0,0.15,-0.0,-0.0,-0.0,-0.0,-0.0,0.0,-0.0,-0.0,0.75,-0.0014170405548555802,-0.028979632658148402,-0.00671181195147043,4.719391330078114,-0.1896489281840873,-3.990648968338318,0.0,0.0,0.0,0.0,0.0,4.552658370549548e-214,0.00235938564639708,0.013047051272727272,0.010521956357583599,-0.00227896,-0.00046760000000000004,676824.1583968763,652689.4177198074
2022-11-15,12.0,-0.0,-0.0,0.0,0.0,0.0,0.0,0.0,0.15,-0.0,-0.0,-0.0,-0.0,-0.0,0.0,-0.0,-0.0,0.75,0.026462483660664404,-0.0379833174496424,0.0007477633034877621,4.719391330078114,-0.1896489281840873,-3.990648968338318,0.0,0.0,0.0,0.0,0.0,4.0973925334945934e-221,0.0,0.017577874909090907,0.0056946738859319996,-0.00075048,-0.00076136,693898.5670824359,658306.5240547796
2022-11-22,12.0,-0.0,-0.0,0.0,0.0,0.0,0.0,0.0,0.15,-0.0,-0.0,-0.0,-0.0,-0.0,0.08,-0.0,-0.0,0.75,0.0036533128959066303,-0.063419866425172,0.000149717744949785,4.719391330078114,-0.1896489281840873,-3.990648968338318,0.0,0.0,0.0,0.0,0.0,3.687653280145134e-228,0.0,0.004368153818181817,0.007826032090016,-0.00070904,-0.00101004,707824.6720631871,714847.8941465844
2022-11-29,12.0,-0.0,-0.0,0.0,0.0,0.0,0.0,0.0,0.042857142857142747,-0.1428571428571428,-0.0,-0.0,-0.0,-0.0,0.0,-0.0,-0.0,0.75,-0.010935204426498599,-0.0423642750723932,-0.000549688723536469,4.719391330078114,-0.1896489281840873,-3.990648968338318,0.0,0.0,0.0,0.0,0.0,3.31888795213062e-235,0.0,0.00249396,0.0078112795701799995,-0.00458686,-0.00509334,506798.77226548403,486077.09452139714
2022-12-06,12.0,-0.0,-0.0,0.0,0.0,0.0,0.0,0.0,0.0,-0.2,-0.0,-0.0,-0.0,-0.0,0.0,-0.0,-0.0,0.75,0.00563324780270569,0.019526972353043598,0.00317121665703413,4.722063937459591,-0.1896489281840873,-3.990648968338318,0.0,0.0,0.0,0.0,0.0,2.986999156917558e-242,0.0,0.00043307999999999997,0.004937766930656,-0.0033802,-0.0022275,498750.1882753756,490309.30832953827
2022-12-13,12.0,-0.0,-0.0,0.0,0.0,0.0,0.0,0.0,0.0,-0.2,-0.0,-0.0,-0.0,-0.0,0.0,-0.0,-0.0,0.75,-0.0300287744189777,0.01953666748225234,0.0018863257459745101,4.722063937459591,-0.1896489281840873,-3.990648968338318,0.0,0.0,0.0,0.0,0.0,2.6882992412258025e-249,0.0,0.0,0.0051733804106176,-0.00397706,-0.00299542,479913.5008858166,479817.4867153445
2022-12-20,12.0,-0.0,-0.0,0.0,0.0,0.0,0.0,0.0,0.0,-0.2,-0.0,-0.0,-0.0,-0.0,0.08,-0.0,-0.7,0.75,-0.0322627581771944,-0.000201992004456904,0.005959442660025091,4.722063937459591,-0.1896489281840873,-3.990648968338318,0.0,0.0,0.0,0.0,0.0,2.4194693171032223e-256,0.0,0.0,0.006549719836272599,-0.0044056,-0.0040487,253560.09961201122,250367.84428617026
2022-12-27,12.0,-0.042857142857142747,-0.0,0.0,0.0,0.0,0.0,0.0,0.0,-0.1428571428571428,-0.0,-0.0,-0.0,-0.0,0.0,-0.5,-0.0,0.75,-0.0320913025613458,0.004549803498809061,0.003250436229562,4.722063937459591,-0.1896489281840873,-4.035095671000987,0.0857142857142857,0.0,0.0,0.0,0.0,2.1775223853929e-263,0.0,0.0,0.005521501943788,-0.00288148,-0.00486216,302793.44046617177,295759.1054172516
2023-01-03,12.0,-0.15,-0.0,0.0,0.0,0.0,0.0,0.0,0.0,-0.0,-0.0,-0.0,-0.0,-0.0,0.0,-0.0,-0.0,0.75,-0.0600182504141444,0.033670279286488,0.0165918586047871,4.6709579265260945,-0.1896489281840873,-4.035191316475119,0.15,0.0,0.0,0.0,0.0,1.9597701468536097e-270,0.004449164353741496,0.0,0.0068031957455279984,-0.00407858,-0.00592026,533713.837483995,505584.03905738326
2023-01-10,12.0,-0.15,-0.0,0.0,0.0,0.0,0.0,0.0,0.0,-0.0,-0.0,-0.0,-0.0,-0.0,0.0,-0.0,-0.0,0.75,-0.0365050488770964,-0.012229983159289779,-0.0145336005728817,4.6709579265260945,-0.1896489281840873,-4.035191316475119,0.15,0.0,0.0,0.0,0.0,1.7637931321682487e-277,0.011189805442176869,0.0,0.0034031015887119997,-0.00286682,-0.00853138,506887.19172546803,526268.8335879928
2023-01-17,12.0,-0.15,-0.0,0.0,0.0,0.0,0.0,0.0,0.0,-0.0,-0.0,-0.0,-0.0,-0.0,0.0,-0.0,-0.0,0.75,-0.012144534935409498,-0.00475366882704876,-0.00732125540423717,4.6709579265260945,-0.1896489281840873,-4.035191316475119,0.15,0.0,0.0,0.0,0.0,1.5874138189514238e-284,0.011065712925170066,0.0,0.0,-0.00040732,-0.0077887600000000005,526900.9481194582,516136.87252120324
2023-01-24,12.0,-0.15,-0.0,0.0,0.0,0.0,0.0,0.0,0.0,-0.0,-0.0,-0.0,-0.0,-0.0,0.08,-0.0,-0.0,0.75,-0.025089430665228,0.0208060959543592,-0.0005447269991158071,4.6709579265260945,-0.1896489281840873,-4.035191316475119,0.06428571428571428,0.0,0.0,0.0,0.0,1.4286724370562814e-291,0.0043835972789115635,0.0,0.0,-0.00252686,-0.01057184,528004.577269333,530185.0916784123
2023-01-31,12.0,-0.021428571428571297,-0.0857142857142857,0.0,0.0,0.0,0.0,0.0,0.0,-0.0,-0.0,-0.0,-0.0,-0.0,0.0,-0.0,-0.0,0.75,-0.015481275595137001,-7.74850909216554e-05,-0.0053152306997530695,4.6709579265260945,-0.1896489281840873,-4.035191316475119,0.0,0.0,0.0,0.0,0.0,1.2858051933506533e-298,0.0,0.0,0.006692852384567996,-0.00482448,-0.00977342,469862.6917180668,445443.8564188285
2023-02-07,12.0,-0.0,-0.1,0.0,0.0,0.0,0.0,0.0,0.0,-0.0,-0.0,-0.0,-0.0,-0.0,0.0,-0.0,-0.0,0.75,-0.032564048370766305,0.0263272492268074,-0.000694207632009283,4.725616339063959,-0.1896489281840873,-4.035191316475119,0.0,0.0,0.0,0.0,0.0,1.157224674015588e-305,0.0,0.0,0.011702707152423998,-0.00277136,-0.00683494,511929.1393728925,509328.89272715116
2023-02-14,12.0,-0.0,-0.1,0.0,0.0,0.0,0.0,0.0,0.0,-0.0,-0.0,-0.0357142857142857,-0.0,-0.0,0.0,-0.0,-0.0,1.0,-0.0297005627581515,-0.00525030239033394,-0.00628587844042213,4.725616339063959,-0.1896489281840873,-4.035191316475119,0.0,0.0,0.0,0.0,0.0,1.041502206613e-312,0.0,0.0,0.010316421156956,-0.0001718,-0.00714734,613430.5576478419,614995.4491623302
2023-02-21,12.0,-0.0,-0.1,0.0,0.0,0.0,0.0,0.0,0.0,-0.0,-0.0,-0.0,-0.0,-0.0,0.08,-0.0,-0.0,1.0,-0.022267870552840997,-0.054368283530004,-0.0178700025361719,4.725616339063959,-0.1896489281840873,-4.035191316475119,0.0,0.0,0.0,0.0,0.0,9.3734e-320,0.0,0.0,0.010007566430075998,-0.00307722,-0.00777082,650456.344641297,635507.5628046542
2023-02-28,12.0,-0.0,-0.0142857142857142,0.06857142857142856,0.0,0.0,0.0,0.0,0.0,-0.0,-0.0,-0.0,-0.0,-0.0,0.0,-0.0,-0.0,1.0,-0.013987917107769601,0.026936288239219598,0.015145343123573601,4.725616339063959,-0.1896489281840873,-4.035191316475119,0.0,0.0,0.0,0.0,0.0,0.0,0.0,0.0036091199999999995,0.008294947307476,-0.00679348,-0.0106599,788278.0880910172,746119.411087291
2023-03-07,12.0,-0.0,-0.0,0.08,0.0,0.0,0.0,0.0,0.0,-0.0,-0.0,-0.0,-0.0,-0.0,0.0,-0.0,-0.0,1.0,-0.0154564935675232,0.029302051919055598,0.015828050927756,4.729156165769083,-0.1896489281840873,-4.035191316475119,0.0,0.0,0.0,0.0,0.0,0.0,0.0,0.014354999999999998,0.005582956063547999,-0.0034075200000000003,-0.0055803400000000005,826487.1316683283,821973.3703006548
2023-03-14,12.0,-0.0,-0.0,0.08,0.0,0.0,0.0,0.0,0.0,-0.0,-0.0,-0.0,-0.0,-0.0,0.0,-0.0,-0.0,1.0,0.0140845309459788,0.0036800575112666003,-0.002011180547445,4.729156165769083,-0.1896489281840873,-4.035191316475119,0.0,0.0,0.0,0.0,0.0,0.0,0.0,0.00224964,0.0070571763259880006,-0.0027581,-0.00522538,807253.2102177554,784838.8224362152
2023-03-21,12.0,-0.0,-0.0,0.08,0.0,0.0,0.0,0.0,0.0,-0.0,-0.0,-0.0,-0.0,-0.0,0.08,-0.0,-0.0,1.0,0.00468128228422301,-0.01852424497461566,-0.00932341415524443,4.729156165769083,-0.1896489281840873,-4.035191316475119,0.0857142857142857,0.0,0.0,0.0,0.0,0.0,0.0,0.00428556,0.008445996048199997,-0.00577758,-0.00534602,916641.5549750426,791070.1330534305
2023-03-28,12.0,-0.0,-0.0,0.04571428571428568,0.0428571428571428,0.0,0.0,0.0,0.0,-0.0,-0.0357142857142857,-0.0,-0.0,-0.0,0.0,-0.0,-0.0,1.0,-0.0243579782179648,-0.0709528471227506,-0.015453820863027901,4.729156165769083,-0.1896489281840873,-4.035191316475119,0.15,0.0,0.0,0.0,0.0,0.0,0.0,0.0019379999999999998,0.013059752456983997,-0.00808352,-0.00947738,801183.4853923086,820089.7158443454
2023-04-04,12.0,-0.0,-0.0,0.0,0.1,0.0,0.0,0.0,0.0,-0.0,-0.0357142857142857,-0.0,-0.0,-0.0,0.0,-0.0,-0.0,1.0,0.0153560719583431,0.01903797112917814,0.00420694736874954,4.721173861744398,-0.1896489281840873,-4.035191316475119,0.15,0.0,0.0,0.0,0.0,0.0,0.0,0.0,0.003215236772344,-0.0028204000000000003,-0.00964608,927241.2683575258,952478.9386539614
2023-04-11,12.0,-0.0,-0.0,0.0,0.1,0.0,0.0,0.0,0.0,-0.0,-0.0,-0.0,-0.0,-0.0,0.0,-0.0,-0.0,1.0,0.007248623883069219,0.0326823333928984,0.0239219779623446,4.721173861744398,-0.1896489281840873,-4.035191316475119,0.15,0.0,0.0,0.0,0.0,0.0,0.0,0.0,0.0032720321454679994,-0.00041386,-0.00806454,989524.8767822558,1030558.4908026748
2023-04-18,12.0,-0.0,-0.0,0.0,0.1,0.0,0.0,0.0,0.0,-0.0,-0.0,-0.0,-0.0,-0.0,0.0,-0.0,-0.0,1.0,-0.00028863594139809503,0.025378508756738197,0.026648756872651,4.721173861744398,-0.1896489281840873,-4.1536307421091525,0.06428571428571428,0.05714285714285714,0.0,0.0,0.0,0.0,0.0,0.0,0.00186510704346,-0.00341612,-0.00890328,839538.0672446154,788043.346046231
2023-04-25,12.0,-0.0,-0.0,0.0,0.0857142857142857,0.0142857142857142,0.0,0.0,0.0,-0.0,-0.0,-0.0,-0.0,-0.0,0.08,-0.0,-0.0,1.0,0.0128852151756162,0.00068693264659416,-0.0182151150086599,4.721173861744398,-0.1896489281840873,-4.1536307421091525,0.0,0.1,0.0,0.0,0.0,0.0,0.0,0.00968733192982456,0.0,-0.00979706,-0.01110484,840739.0926779906,803685.5080250273
2023-05-02,12.0,-0.0,-0.0,0.0,0.0,0.1,0.0,0.0,0.0,-0.0,-0.0,-0.0,-0.0,-0.0,0.0,-0.0,-0.0,1.0,-0.0292980227466586,0.0207956580745756,-0.0183174709232498,4.722063937459591,-0.1896489281840873,-4.1536307421091525,0.0,0.1,0.0,0.0,0.0,0.0,0.0,0.018080903781369787,0.00255311085018,-0.00641072,-0.00683514,774019.6858805026,746307.4645382089
2023-05-09,12.0,-0.0,-0.0,0.0,0.0,0.1,0.0,0.0,0.0,-0.0,-0.0,-0.0,-0.0,-0.0,0.0,-0.0,-0.0,1.0,-0.0318621134090614,0.026400620875381402,-0.0008881694699597651,4.722063937459591,-0.20082919618278874,-4.1536307421091525,0.0,0.1,0.0,0.0,0.0,0.0,0.0,0.02522868162851382,0.01108124285528,-0.00569026,-0.00685264,794145.0146473028,816890.6646424029
2023-05-16,12.0,-0.0,-0.0,0.0,0.0,0.1,0.0,0.0,0.0,-0.0,-0.0,-0.0,-0.0,-0.0,0.0,-0.0,-0.0,1.0,0.0291300823623722,0.0294598793506866,0.0145980727188794,4.722063937459591,-0.20082919618278874,-4.1536307421091525,0.0857142857142857,0.1,0.0,0.0,0.0,0.0,0.0,0.02158092067388502,0.012586039673183998,-0.008668480000000001,-0.00808644,930910.4452745152,916909.610101147
2023-05-23,12.0,-0.0,-0.0,0.0,0.0,0.1,0.0,0.0,0.0,-0.0,-0.0,-0.0,-0.0,-0.0,0.08,-0.0,-0.0,1.0,0.00464379349520234,0.01087730902406694,0.0162480181463877,4.722063937459591,-0.20082919618278874,-4.1536307421091525,0.15,0.1,0.0,0.0,0.0,0.0,0.0,0.0028232789738904,0.0048209299129680005,-0.007955180000000001,-0.00765974,1005909.2418470201,1047762.5447339573
2023-05-30,12.0,-0.0,-0.0,0.0,0.0,0.028571428571428498,0.0,0.0,0.0,-0.0,-0.0,-0.0,-0.0357142857142857,-0.0,0.0,-0.0,-0.0,1.0,0.018972286267539402,0.01796515748707636,0.0139245994223818,4.722063937459591,-0.20082919618278874,-4.1536307421091525,0.15,0.1,0.0,0.0,0.0,0.0,0.0,0.0,0.008716911257456,-0.00806636,-0.01347618,846188.6095402065,867215.4063487981
2023-06-06,12.0,-0.0,-0.0,0.0,0.0,0.0,0.0,0.0,0.0,-0.0,-0.0,-0.0,-0.0,-0.0,0.0,-0.0,-0.0,1.0,-0.007194188940640171,-0.013424962087262739,-0.0253206227935577,4.7318028369214575,-0.20082919618278874,-4.1536307421091525,0.15,0.1,0.0,0.0,0.0,0.0,0.0,0.0,0.012832690117639997,-0.00415102,-0.01087298,789544.7676938908,764081.7088518724
2023-06-13,12.0,-0.0,-0.0,0.0,0.0,0.0,0.0,0.0,0.0,-0.0,-0.0,-0.0,-0.0,-0.0,0.0,-0.0,-0.0,1.0,-0.00216568743583168,0.025908961467012,0.0167719526534241,4.7318028369214575,-0.20082919618278874,-4.1536307421091525,0.15,0.05714285714285714,0.0,0.0,0.0,0.0,0.0,0.0,0.014435710778079999,-0.00078534,-0.011198660000000001,828566.7610542324,823836.9847958054
2023-06-20,12.0,-0.0,-0.0,0.0,0.0,0.0,0.0,0.0,0.0,-0.0,-0.0,-0.0,-0.0,-0.0,0.08,-0.0,-0.0,1.0,0.0286574494391808,0.036433907950397,0.037792921912698,4.7318028369214575,-0.20082919618278874,-4.1536307421091525,0.15,0.0,0.0,0.0,0.0,0.0,0.0,0.0,0.007222095872551998,-0.00018148,-0.01501488,892920.574705851,848418.9523135583
2023-06-27,12.0,-0.0,-0.0,0.0,0.0,0.0,0.0,0.0,0.0,-0.0,-0.0,-0.0,-0.0,-0.0,0.0,-0.0,-0.0,1.0,0.0336313033539892,0.01165449019935174,0.017150658619145102,4.7318028369214575,-0.20082919618278874,-4.1536307421091525,0.15,0.0,0.0,0.0,0.0,0.0,0.006390072539145599,0.0,0.009057684382679999,-0.0134942,-0.0145919,787911.4644145182,800009.3701069345
2023-07-04,12.0,-0.0,-0.0,0.0,0.0,0.0,0.0,0.0,0.0,-0.0,-0.0,-0.0,-0.0,-0.0,0.0,-0.0,-0.0,1.0,0.0185944936965411,0.01592479540585366,-0.00202350140997195,4.749270529961848,-0.20082919618278874,-4.1536307421091525,0.15,0.0,0.0,0.0,0.0,0.0,0.004815000480515998,0.0,0.013582565193463994,-0.0,-0.00332108,800012.6868095923,792003.0831569284
2023-07-11,12.0,-0.0,-0.0,0.0,0.0,0.0,0.0,0.0,0.0,-0.0,-0.0,-0.0,-0.0,-0.0,0.0,-0.0,-0.0,1.0,-0.0050671381575164995,-0.0302283840530034,-0.0153619712700625,4.749270529961848,-0.20082919618278874,-4.1536307421091525,0.15,0.0,0.0,0.0,0.0,0.0,0.0044407153899504006,0.0,0.015044184462064004,-0.00262204,-0.0032613200000000003,735094.718089628,761261.6343690384
2023-07-18,12.0,-0.0,-0.0,0.0,0.0,0.0,0.0,0.0,0.0,-0.0,-0.0,-0.0,-0.0,-0.0,0.0,-0.0,-0.0,1.0,0.0053831774227308905,-0.01673345251096076,-0.0118629529851205,4.749270529961848,-0.20082919618278874,-4.1536307421091525,0.15,0.0,0.0,0.0,0.0,0.0,0.0015510026139312003,0.0,0.01228957213008,-0.00294774,-0.0060832,748934.6419968125,771089.3024326031
2023-07-25,12.0,-0.0,-0.0,0.0,0.0,0.0,0.0,0.0,0.0,-0.0,-0.0,-0.0,-0.0,-0.0,0.08,-0.0,-0.0,1.0,-0.00216289707544123,0.028209747083093803,-0.0246632293097897,4.749270529961848,-0.20082919618278874,-4.1536307421091525,0.06428571428571428,0.0,0.0,0.0,0.0,0.0,0.0,0.0,0.006519450093823997,-0.013179660000000001,-0.00488242,750832.0696449482,844362.1464567714
2023-08-01,12.0,-0.0,-0.0,0.0,0.0,0.0,0.0,0.0,0.0,-0.0,-0.0,-0.0,-0.0,-0.0,0.0,-0.0,-0.0,1.0,-0.010520908858162299,0.01873158011406538,-0.023584287465382298,4.746669748261791,-0.20082919618278874,-4.1536307421091525,0.0,0.0,0.0,0.0,0.0,0.0,0.0,0.0,0.002437949788392,-0.00314702,-0.00711702,639863.4694213023,625215.0736152098
2023-08-08,12.0,-0.0,-0.0,0.0,0.0,0.0,0.0,0.0,0.0,-0.0,-0.0,-0.0,-0.0,-0.0,0.0,-0.0,-0.0,1.0,-0.0125916451799444,-0.01713074933566484,-0.00978366551704604,4.746669748261791,-0.20082919618278874,-4.1536307421091525,0.0,0.05714285714285714,0.0,0.0,0.0,0.0,0.0,0.0,0.0020259077724000003,-0.00016128,-0.0072893,662928.1782392432,693211.0543301271
2023-08-15,12.0,-0.0,-0.0,0.0,0.0,0.0,0.0,0.0,0.0,-0.0,-0.0,-0.0,-0.0,-0.0,0.0,-0.0,-0.0,1.0,0.006425167035723049,-0.0028367794761871403,-0.00581282454985558,4.746669748261791,-0.20082919618278874,-4.1536307421091525,0.0,0.1,0.0,0.0,0.0,0.0,0.0,0.0,0.005790838951137969,-0.00031412,-0.00974764,719070.3325883021,726382.1187928658
2023-08-22,12.0,-0.0,-0.0,0.0,0.0,0.0,0.0,0.0,0.0,-0.0,-0.0,-0.0,-0.0,-0.0,0.08,-0.0,-0.0,1.0,-0.016037494120254802,-0.043515753766086206,-0.00670012462609064,4.746669748261791,-0.20082919618278874,-4.1536307421091525,0.0,0.1,0.0,0.0,0.0,0.0,0.0,0.0,0.007633754741536002,-0.00031282,-0.0068341800000000005,734131.3130426789,707537.3189745477
2023-08-29,12.0,-0.0,-0.0,0.0,0.0,0.0,0.02857142857142855,0.0,0.0,-0.0,-0.0,-0.0,-0.0,-0.0,0.0,-0.0,-0.0,1.0,-0.00116519538535305,0.0326702375749424,0.0276378918750973,4.746669748261791,-0.20082919618278874,-4.1536307421091525,0.0,0.1,0.0,0.0,0.0,0.0,0.0,0.0,0.006575477477159999,-0.00139376,-0.008013900000000001,787872.8438000026,790355.6946982411
2023-09-05,12.0,-0.0,-0.0,0.0,0.0,0.0,0.05,0.0,0.0,-0.0,-0.0,-0.0,-0.0,-0.0,0.0,-0.0,-0.0,1.0,0.0044597765618866,-0.030071733260937598,-0.00918882460811442,4.743191483885466,-0.20082919618278874,-4.1536307421091525,0.0857142857142857,0.04285714285714286,0.0,0.0,0.0,0.0,0.00376512,0.0,0.006149387328984,-0.0,-0.00568524,756707.0430211761,715437.7436751314
2023-09-12,12.0,-0.0,-0.0,0.0,0.0,0.0,0.05,0.0,0.0,-0.0,-0.0,-0.0,-0.0,-0.0,0.0,-0.0,-0.0,1.0,-0.0138137419264832,0.00619818818739646,-0.00219673325091481,4.743191483885466,-0.20082919618278874,-4.1536307421091525,0.15,0.0,0.0,0.0,0.0,0.0,0.019679599024390197,0.0,0.002999835502424,-0.0,-0.00619426,802433.6353073311,784623.4659233715
2023-09-19,12.0,-0.0,-0.0,0.0,0.0,0.0,0.05,0.0,0.0,-0.0,-0.0,-0.0,-0.0,-0.0,0.08,-0.0,-0.0,1.0,-0.00199234412608844,-0.00494243165236026,-0.00408006572930438,4.743191483885466,-0.20082919618278874,-4.1536307421091525,0.15,0.0,0.0,0.0,0.0,0.0,0.03193221658536585,0.0,0.0020210640599999997,-0.00362904,-0.0056169,875389.3560692864,895101.573861041
2023-09-26,12.0,-0.0,-0.0,0.0,0.0,0.0,0.0357142857142857,0.028571428571428498,0.0,-0.0,-0.0,-0.0,-0.0,-0.0,0.0,-0.0,-0.0,1.0,-0.00992931190585041,-0.0546716201248846,-0.014318121713627101,4.743191483885466,-0.20082919618278874,-4.1536307421091525,0.15,0.0,0.0,0.0,0.0,0.0,0.015199852682926828,0.0,0.004102657905976001,-0.0042721,-0.00829902,752254.2142904435,736155.8725018391
2023-10-03,12.0,-0.0,-0.0,0.0,0.0,0.0,0.0,0.1,0.0,-0.0,-0.0,-0.0,-0.0,-0.0,0.0,-0.0,-0.0,1.0,0.0115796774930728,0.011609603978386781,0.00431201045466336,4.746669748261791,-0.20082919618278874,-4.1536307421091525,0.15,0.0,0.0,0.0,0.0,0.0,0.016260131707317074,0.0,0.0072184,-0.0030224,-0.00376444,878879.2485815134,887207.0785182067
2023-10-10,12.0,-0.0,-0.0,0.0,0.0,0.0,0.0,0.1,0.0,-0.0,-0.0,-0.0,-0.0,-0.0,0.0,-0.0,-0.0,1.0,-0.009603123684712231,0.0491036546403418,0.00319296580797531,4.746669748261791,-0.20082919618278874,-4.1536307421091525,0.15,0.0,0.0,0.0,0.0,0.0,0.0037193226467363994,0.0,0.003973742155787999,-0.00302504,-0.00333834,878730.0257377191,841587.5877684151
2023-10-17,12.0,-0.0,-0.0,0.0,0.0,0.0,0.0,0.1,0.0,-0.0,-0.0,-0.0,-0.0,-0.0,0.0,-0.0,-0.0,1.0,-0.0195315897260515,0.01593295793236688,0.00571295263482842,4.746669748261791,-0.20082919618278874,-4.1536307421091525,0.15,0.0,0.0,0.0,0.0,0.0,0.004834814387679598,0.0,0.011080982984527997,-0.00034778,-0.00441076,852118.9324809739,868886.9955343134
2023-10-24,12.0,-0.0,-0.0,0.0,0.0,0.0,0.0,0.1,0.0,-0.0,-0.0,-0.0,-0.0,-0.0357142857142857,0.08,-0.0,-0.0,1.0,0.00225418867604562,0.01433923782606134,0.006769247975928941,4.746669748261791,-0.20082919618278874,-4.1536307421091525,0.15,0.0,0.0,0.0,0.0,0.0,0.003411516703584001,0.0,0.024896815575844,-3.0720000000000004e-05,-0.00381834,922015.6450660368,963843.4348628449
2023-10-31,12.0,-0.0,-0.0,0.0,0.0,0.0,0.0,0.0142857142857142,0.12857142857142853,-0.0,-0.0,-0.0,-0.0,-0.0,0.0,-0.0,-0.0,1.0,0.00802321399153834,-0.00721986253947936,-0.00972783139901796,4.746669748261791,-0.20082919618278874,-4.1536307421091525,0.06428571428571428,0.0,0.0,0.0,0.0,0.0,0.00020568479999999998,0.0,0.013574137451179994,-0.00473572,-0.01060814,797202.6164913455,845952.3453304799
2023-11-07,12.0,-0.0,-0.0,0.0,0.0,0.0,0.0,0.0,0.15,-0.0,-0.0,-0.0,-0.0,-0.0,0.0,-0.0,-0.0,1.0,-0.0125403533341986,-0.025258269998808598,0.00223750605590586,4.74493212836325,-0.20082919618278874,-4.155420896408868,0.0,0.0,0.0,0.0,0.0,0.0,0.0,0.0,0.011321886413367994,-0.0037626400000000003,-0.00800832,731367.8631439675,718184.4348902135
2023-11-14,12.0,-0.0,-0.0,0.0,0.0,0.0,0.0,0.0,0.15,-0.0,-0.0,-0.0,-0.0,-0.0,0.0,-0.0,-0.0,1.0,-0.0160870156129706,0.01645154327659386,0.000997357463914617,4.74493212836325,-0.20082919618278874,-4.155420896408868,0.0,0.0,0.0,0.0,0.0,0.0,0.0,0.0,0.004221015355432,-0.00312654,-0.00730672,754515.9345024423,817590.9135865767
2023-11-21,12.0,-0.0,-0.0,0.0,0.0,0.0,0.0,0.0,0.15,-0.0,-0.0,-0.0,-0.0,-0.0,0.08,-0.0,-0.0,1.0,-0.04584062147912381,0.0312500849121682,0.0035328480793398297,4.74493212836325,-0.20082919618278874,-4.155420896408868,0.0,0.0,0.0,0.0,0.0,0.0,0.0,0.0,0.0,-0.0028331,-0.00658724,804683.2552924271,789654.0716506524
2023-11-28,12.0,-0.0,-0.0,0.0,0.0,0.0,0.0,0.0,0.0642857142857142,-0.1142857142857142,-0.0,-0.0,-0.0,-0.0,0.0,-0.0,-0.0,1.0,-0.06996373562114991,0.01230133386028312,0.00018097488839255798,4.74493212836325,-0.20082919618278874,-4.155420896408868,0.0,0.0,0.0,0.0,0.0,0.0,0.0,0.0,0.0,-0.0071433600000000005,-0.011294760000000001,575366.4889891233,542116.6835090526
2023-12-05,12.0,-0.0,-0.0,0.0,0.0,0.0,0.0,0.0,0.0,-0.2,-0.0,-0.0,-0.0,-0.0,0.0,-0.0,-0.0,1.0,-0.046796072429737795,0.0334990175104016,0.00651086753613965,4.739701078945697,-0.20082919618278874,-4.155420896408868,0.0,0.0,0.0,0.0,0.0,0.0,0.0,0.0,0.004638400933032,-0.00346494,-0.00525454,525751.3807995067,594321.7497104917
2023-12-12,12.0,-0.0,-0.0,0.0,0.0,0.0,0.0,0.0,0.0,-0.2,-0.0,-0.0,-0.0,-0.0,0.0,-0.0,-0.0,1.0,-0.0387104303158231,0.0298755689031776,-0.00172853355841955,4.739701078945697,-0.20082919618278874,-4.155420896408868,0.0,0.0,0.0,0.0,0.0,0.0,0.0,0.0011059199999999998,0.007858851354168,-0.00084376,-0.00716106,526416.2574538331,518447.62541189336
2023-12-19,12.0,-0.0,-0.0,0.0,0.0,0.0,0.0,0.0,0.0,-0.2,-0.0,-0.0,-0.0,-0.0,0.08,-0.0,-0.7,1.0,-0.0679624539476823,0.0331080924903566,0.0037641125854669002,4.739701078945697,-0.20082919618278874,-4.155420896408868,0.0,0.0,0.0,0.0,0.0,0.0,0.0,0.00480828,0.011312049280919998,-0.0001985,-0.0081615,279322.1535105126,257439.72714617584
2023-12-26,12.0,-0.021428571428571297,-0.0,0.0,0.0,0.0,0.0,0.0,0.0,-0.1714285714285714,-0.0,-0.0,-0.0,-0.0,0.0,-0.5,-0.0,1.0,-0.012691138545908401,0.011729149873537601,-0.0136989725330088,4.739701078945697,-0.20082919618278874,-4.155420896408868,0.0857142857142857,0.0,0.0,0.0,0.0,0.0,0.0,0.0027785999999999996,0.008070017815432,-0.00166026,-0.01101612,347951.85650896357,343493.94576692337
2024-01-02,12.0,-0.15,-0.0,0.0,0.0,0.0,0.0,0.0,0.0,-0.0,-0.0,-0.0,-0.0,-0.0,0.0,-0.0,-0.0,1.0,-0.022784738485616202,-0.00423819425292134,-0.00670500712966282,4.7561730595246186,-0.20082919618278874,-4.190855111536722,0.15,0.0,0.0,0.0,0.0,0.0,0.0,0.00246708,0.004687906590847999,-0.0027871000000000003,-0.00508264,615411.2721743688,630897.7239886514
2024-01-09,12.0,-0.15,-0.0,0.0,0.0,0.0,0.0,0.0,0.0,-0.0,-0.0,-0.0,-0.0,-0.0,0.0,-0.0,-0.0,1.0,0.0141648328729123,-0.0365928855771674,-0.00462467491849909,4.7561730595246186,-0.20082919618278874,-4.190855111536722,0.15,0.0,0.0,0.0,0.0,0.0,0.0,0.0,0.004086180746832,-0.00285438,-0.0059276400000000005,617071.5033626016,597109.0093558554
2024-01-16,12.0,-0.15,-0.0,0.0,0.0,0.0,0.0,0.0,0.0,-0.0,-0.0,-0.0,-0.0,-0.0,0.0,-0.0,-0.0,1.0,-0.016261055481678,0.018720098125523683,0.0107954246772731,4.7561730595246186,-0.20082919618278874,-4.190855111536722,0.15,0.0,0.0,0.0,0.0,0.0,0.0,0.0,0.0017698630314640002,-0.00086976,-0.0057509,642352.4516605969,662881.9255857886
2024-01-23,12.0,-0.15,-0.0,0.0,0.0,0.0,0.0,0.0,0.0,-0.0,-0.0,-0.0,-0.0,-0.0,0.08,-0.0,-0.0,1.0,-0.025400216615320603,0.0339784725528968,-0.007271261312693161,4.7561730595246186,-0.20082919618278874,-4.190855111536722,0.15,0.056999999999999995,0.0,0.0,0.0,0.0,0.0,0.0,0.0013232940438079998,-0.0,-0.00580702,728186.1685187505,679882.9804390611
2024-01-30,12.0,-0.042857142857142747,-0.0714285714285714,0.0,0.0,0.0,0.0,0.0,0.0,-0.0,-0.0,-0.0,-0.0,-0.0,0.0,-0.0,-0.0,1.0,0.00839205155526097,-0.01669515237018644,-0.00495644768331667,4.7561730595246186,-0.20082919618278874,-4.190855111536722,0.15,0.1,0.0,0.0,0.0,0.0,0.0,0.0,0.0,-0.00100512,-0.00701342,714204.7386460644,739604.0096477491
2024-02-06,12.0,-0.0,-0.1,0.0,0.0,0.0,0.0,0.0,0.0,-0.0,-0.0,-0.0,-0.0,-0.0,0.0,-0.0,-0.0,1.0,0.013122330060738102,-0.0245093607812824,-0.005536493482376011,4.73707525686803,-0.20082919618278874,-4.190855111536722,0.15,0.1,0.0,0.0,0.0,0.0,0.0,0.0,0.0,-0.00250358,-0.0067179200000000005,707325.2807128781,668542.0890700456
2024-02-13,12.0,-0.0,-0.1,0.0,0.0,0.0,0.0,0.0,0.0,-0.0,-0.0,-0.0,-0.0,-0.0,0.0,-0.0,-0.0,1.25,-0.008817832061139001,-0.01305902110994982,-0.0132375889332184,4.73707525686803,-0.20082919618278874,-4.190855111536722,0.15,0.1,0.0,0.0,0.0,0.0,0.0,0.0,0.0,-0.00396866,-0.00506528,892018.8708896125,895112.1625380876
2024-02-20,12.0,-0.0,-0.1,0.0,0.0,0.0,0.0,0.0,0.0,-0.0,-0.0,-0.0357142857142857,-0.0,-0.0,0.08,-0.0,-0.0,1.25,0.00975935201257977,-0.00551942978737608,-0.0188427588181748,4.73707525686803,-0.20082919618278874,-4.190855111536722,0.15,0.1,0.0,0.0,0.0,0.0,0.0,0.0,0.0,-0.00039610000000000003,-0.00634706,953915.7811735664,971798.3715627781
2024-02-27,12.0,-0.0,-0.028571428571428498,0.05714285714285712,0.0,0.0,0.0,0.0,0.0,-0.0,-0.0,-0.0,-0.0,-0.0,0.0,-0.0,-0.0,1.25,-0.0164707119302221,0.024703890261723198,-0.0020084374366720003,4.73707525686803,-0.20082919618278874,-4.190855111536722,0.15,0.1,0.0,0.0,0.0,0.0,0.0156736560978996,0.0,0.006572720326331999,-0.0018533,-0.0124727,1075297.0371873984,1111091.9524417939
2024-03-05,12.0,-0.0,-0.0,0.08,0.0,0.0,0.0,0.0,0.0,-0.0,-0.0,-0.0,-0.0,-0.0,0.0,-0.0,-0.0,1.25,-0.00478903588928703,0.00366682252849018,0.00808723353500857,4.736198448394496,-0.20082919618278874,-4.190855111536722,0.15,0.1,0.0,0.0,0.0,0.0,0.017968944388196396,0.0,0.02560048129398799,-0.00047812,-0.01285474,1157433.6326918174,1211998.4095992476
2024-03-12,12.0,-0.0,-0.0,0.08,0.0,0.0,0.0,0.0,0.0,-0.0,-0.0,-0.0,-0.0,-0.0,0.0,-0.0,-0.0,1.25,-0.00639598875747746,0.01261190228460092,0.00805375478648504,4.736198448394496,-0.20082919618278874,-4.190855111536722,0.15,0.1,0.0,0.0,0.0,0.0,0.017584358942110797,0.0,0.015030529807035996,-0.0,-0.00128418,1167195.6131419353,1186728.466117114
2024-03-19,12.0,-0.0,-0.0,0.08,0.0,0.0,0.0,0.0,0.0,-0.0,-0.0,-0.0,-0.0,-0.0,0.08,-0.0,-0.0,1.25,0.0270579062429592,0.0289822484908512,0.015559702455200499,4.736198448394496,-0.20082919618278874,-4.190855111536722,0.06428571428571428,0.043000000000000003,0.0,0.0,0.0,0.0,0.010523810995001999,0.0,0.008532169983340004,-0.00197662,-0.0020557600000000002,1142150.3472639504,1115700.8779262947
2024-03-26,12.0,-0.0,-0.0,0.05714285714285712,0.028571428571428498,0.0,0.0,0.0,0.0,-0.0,-0.0,-0.0,-0.0,-0.0,0.0,-0.0,-0.0,1.25,0.0172653989627539,0.00686533517188118,-0.0122979771671845,4.736198448394496,-0.20082919618278874,-4.190855111536722,0.0,0.0,0.0,0.0,0.0,0.0,0.0,0.0,0.011006885202447997,-0.00231242,-0.0027003,889180.3377708235,851824.4848661302
2024-04-02,12.0,-0.0,-0.0,0.0,0.1,0.0,0.0,0.0,0.0,-0.0,-0.0,-0.0,-0.0,-0.0,0.0,-0.0,-0.0,1.25,0.0396028262950098,0.01706394516250598,0.0168952589316592,4.740574822994295,-0.2589138652066028,-4.190855111536722,0.0,0.0,0.0,0.0,0.0,0.0,0.0,0.0,0.007276449467567997,-0.00043716,-0.0029584,907318.4464584466,868901.9270447207
2024-04-09,12.0,-0.0,-0.0,0.0,0.1,0.0,0.0,0.0,0.0,-0.0,-0.0,-0.0,-0.0,-0.0,0.0,-0.0,-0.0,1.25,0.0177681046502573,0.027955060676463,-0.005649450802024981,4.740574822994295,-0.2589138652066028,-4.190855111536722,0.0,0.0,0.0,0.0,0.0,0.0,0.0,0.0,0.0014994571201123526,-0.00129154,-0.00449194,870301.9835188081,843817.0581762927
2024-04-16,12.0,-0.0,-0.0,0.0,0.1,0.0,0.0,0.0,0.0,-0.0,-0.0357142857142857,-0.0,-0.0,-0.0,0.0,-0.0,-0.0,1.25,0.057360715711168304,0.0275343528982618,0.0339344714981892,4.740574822994295,-0.2589138652066028,-4.190855111536722,0.0,0.0,0.0,0.0,0.0,0.0,0.0,0.0,0.0,-0.00506234,-0.0031914400000000002,904979.2738931621,895298.1258649699
2024-04-23,12.0,-0.0,-0.0,0.0,0.1,0.0,0.0,0.0,0.0,-0.0,-0.0357142857142857,-0.0,-0.0,-0.0,0.08,-0.0,-0.0,1.25,0.0198202806804087,0.031102517095464202,0.0275121580487605,4.740574822994295,-0.2589138652066028,-4.190855111536722,0.0,0.0,0.0,0.0,0.0,0.0,0.0,0.0,0.0,-0.00295074,-0.00434002,942447.7474172398,1024352.6506158026
2024-04-30,12.0,-0.0,-0.0,0.0,0.0,0.1,0.0,0.0,0.0,-0.0,-0.0,-0.0,-0.0,-0.0,0.0,-0.0,-0.0,1.25,0.0206500291270809,-0.013178367469058202,0.021214996688368,4.740574822994295,-0.2589138652066028,-4.190855111536722,0.0,0.0,0.0,0.0,0.0,0.0,0.0,0.0,0.0,-0.0011625000000000001,-0.00715874,856981.2036400831,793706.208293637
2024-05-07,12.0,-0.0,-0.0,0.0,0.0,0.1,0.0,0.0,0.0,-0.0,-0.0,-0.0,-0.0,-0.0,0.0,-0.0,-0.0,1.25,0.0052937312917395,0.01362140013409098,0.00313780469728501,4.740574822994295,-0.2589138652066028,-4.190855111536722,0.0,0.0,0.0,0.0,0.0,0.0,0.0,0.0,0.0,-0.0020879,-0.00902584,848941.0619872824,808884.7059239906
2024-05-14,12.0,-0.0,-0.0,0.0,0.0,0.1,0.0,0.0,0.0,-0.0,-0.0,-0.0,-0.0,-0.0,0.0,-0.0,-0.0,1.25,-0.00286991729083714,0.01564169758591686,-0.0143499793344482,4.740574822994295,-0.2589138652066028,-4.190855111536722,0.0857142857142857,0.0,0.0,0.0,0.0,0.0,0.0,0.0,0.0,-0.00458168,-0.0077548,902212.5848480159,900106.1445805468
2024-05-21,12.0,-0.0,-0.0,0.0,0.0,0.1,0.0,0.0,0.0,-0.0,-0.0,-0.0,-0.0,-0.0,0.08,-0.0,-0.0,1.25,-0.0139406217671933,0.00822795841458174,-0.00718055385868442,4.740574822994295,-0.2589138652066028,-4.190855111536722,0.15,0.0,0.0,0.0,0.0,0.0,0.0,0.0,0.007222095872551998,-0.00492466,-0.00665012,1038782.5339106217,1019108.9318336576
2024-05-28,12.0,-0.0,-0.0,0.0,0.0,0.0428571428571428,0.0,0.0,0.0,-0.0,-0.0,-0.0,-0.0357142857142857,-0.0,0.0,-0.0,-0.0,1.25,0.0116605980549341,0.0207184042174874,0.014184339940473401,4.740574822994295,-0.2589138652066028,-4.190855111536722,0.15,0.0,0.0,0.0,0.0,0.0,0.006390072539145599,0.0,0.009057684382679999,-0.0027803800000000003,-0.0025718200000000003,940914.5459876866,923651.3671765841
2024-06-04,12.0,-0.0,-0.0,0.0,0.0,0.0,0.0,0.0,0.0,-0.0,-0.0,-0.0,-0.0,-0.0,0.0,-0.0,-0.0,1.25,-0.024324058401699704,-0.026178209076992802,-0.00535958371892165,4.740574822994295,-0.2589138652066028,-4.190855111536722,0.15,0.0,0.0,0.0,0.0,0.0,0.004815000480515998,0.0,0.013582565193463994,-0.0066465000000000005,-0.0017315,843203.4604645727,762489.4399020415
2024-06-11,12.0,-0.0,-0.0,0.0,0.0,0.0,0.0,0.0,0.0,-0.0,-0.0,-0.0,-0.0,-0.0,0.0,-0.0,-0.0,1.25,-0.0120228297480177,-0.0321949349105234,-0.0115657102642223,4.740574822994295,-0.2589138652066028,-4.190855111536722,0.06428571428571428,0.0,0.0,0.0,0.0,0.0,0.0044407153899504006,0.0,0.015044184462064004,-0.0023402600000000003,-0.00261304,777500.5927898712,823150.88101796
2024-06-18,12.0,-0.0,-0.0,0.0,0.0,0.0,0.0,0.0,0.0,-0.0,-0.0,-0.0,-0.0,-0.0,0.08,-0.0,-0.0,1.25,-0.0132386551257335,-0.01759206595752878,-0.0153499349605835,4.740574822994295,-0.2589138652066028,-4.190855111536722,0.0,0.0,0.0,0.0,0.0,0.0,0.0015510026139312003,0.0,0.01228957213008,-0.00228804,-0.0032091800000000003,792516.4526431998,778204.9544650223
2024-06-25,12.0,-0.0,-0.0,0.0,0.0,0.0,0.0,0.0,0.0,-0.0,-0.0,-0.0,-0.0,-0.0,0.0,-0.0,-0.0,1.25,0.00895597843095694,0.029784360469718402,0.0209298791469813,4.740574822994295,-0.2589138652066028,-4.190855111536722,0.0,0.0,0.0,0.0,0.0,0.0,0.0,0.0,0.0,-0.00193278,-0.00451176,801332.7229816063,754350.6751452986
2024-07-02,12.0,-0.0,-0.0,0.0,0.0,0.0,0.0,0.0,0.0,-0.0,-0.0,-0.0,-0.0,-0.0,0.0,-0.0,-0.0,1.25,0.00351657033053943,-0.027997282630789,0.00837909570834225,4.740574822994295,-0.2589138652066028,-4.190855111536722,0.0,0.0,0.0,0.0,0.0,0.0,0.0,0.0,0.0,-0.00516442,-5.082e-05,743771.3859589206,767820.990740983
2024-07-09,12.0,-0.0,-0.0,0.0,0.0,0.0,0.0,0.0,0.0,-0.0,-0.0,-0.0,-0.0,-0.0,0.0,-0.0,-0.0,1.25,-0.0027035011993818596,-0.00644373328336652,-0.000439893266899102,4.740574822994295,-0.2589138652066028,-4.190855111536722,0.0,0.0,0.0,0.0,0.0,0.0,0.0,0.0,0.0,-0.015553860000000001,-0.00795948,735058.5085537848,700207.7667129112
2024-07-16,12.0,-0.0,-0.0,0.0,0.0,0.0,0.0,0.0,0.0,-0.0,-0.0,-0.0,-0.0,-0.0,0.0,-0.0,-0.0,1.25,-0.025926481625058104,-0.0151581060641463,-0.0216733689184608,4.740574822994295,-0.2589138652066028,-4.190855111536722,0.0,0.0,0.0,0.0,0.0,0.0,0.0,0.0,0.0,-0.01058052,-0.00479272,702692.4899078968,722867.5674937954
2024-07-23,12.0,-0.0,-0.0,0.0,0.0,0.0,0.0,0.0,0.0,-0.0,-0.0,-0.0,-0.0,-0.0,0.08,-0.0,-0.0,1.25,-0.00231297734996249,0.033221117392531,0.00671633679703339,4.740574822994295,-0.2589138652066028,-4.190855111536722,0.0,0.0,0.0,0.0,0.0,0.0,0.0,0.0,0.0,-0.0059608000000000005,-0.00343596,846642.2938243037,878611.8256650938
2024-07-30,12.0,-0.0,-0.0,0.0,0.0,0.0,0.0,0.0,0.0,-0.0,-0.0,-0.0,-0.0,-0.0,0.0,-0.0,-0.0,1.25,-0.010520908858162299,0.01873158011406538,-0.023584287465382298,4.740574822994295,-0.2589138652066028,-4.190855111536722,0.0,0.0,0.0,0.0,0.0,0.0,0.0,0.0,0.0,-0.00270038,-0.00326798,743752.702940802,759918.8650393061
2024-08-06,12.0,-0.0,-0.0,0.0,0.0,0.0,0.0,0.0,0.0,-0.0,-0.0,-0.0,-0.0,-0.0,0.0,-0.0,-0.0,1.25,-0.0125916451799444,-0.01713074933566484,-0.00978366551704604,4.740574822994295,-0.2589138652066028,-4.190855111536722,0.0,0.0,0.0,0.0,0.0,0.0,0.0,0.0,0.0,-0.01248702,-0.00617806,716859.1854477957,711487.6258317877
2024-08-13,12.0,-0.0,-0.0,0.0,0.0,0.0,0.0,0.0,0.0,-0.0,-0.0,-0.0,-0.0,-0.0,0.0,-0.0,-0.0,1.25,0.006425167035723049,-0.0028367794761871403,-0.00581282454985558,4.740574822994295,-0.2589138652066028,-4.190855111536722,0.0,0.0,0.0,0.0,0.0,0.0,0.0,0.0,0.0,-0.00506234,-0.0031914400000000002,751876.7019082605,708544.3620332724
2024-08-20,12.0,-0.0,-0.0,0.0,0.0,0.0,0.0,0.0,0.0,-0.0,-0.0,-0.0,-0.0,-0.0,0.08,-0.0,-0.0,1.25,-0.016037494120254802,-0.043515753766086206,-0.00670012462609064,4.740574822994295,-0.2589138652066028,-4.190855111536722,0.15,0.1,0.0,0.0,0.0,0.0,0.0,0.0,0.0,-0.00295074,-0.00434002,981916.6576635316,971143.8291714045
2024-08-27,12.0,-0.0,-0.0,0.0,0.0,0.0,0.0214285714285714,0.0,0.0,-0.0,-0.0,-0.0,-0.0,-0.0,0.0,-0.0,-0.0,1.25,-0.00116519538535305,0.0326702375749424,0.0276378918750973,4.740574822994295,-0.2589138652066028,-4.190855111536722,0.15,0.1,0.0,0.0,0.0,0.0,0.0,0.0,0.0,-0.0066465000000000005,-0.0017315,1048634.4498270515,1174390.1863558
2024-09-03,12.0,-0.0,-0.0,0.0,0.0,0.0,0.05,0.0,0.0,-0.0,-0.0,-0.0,-0.0,-0.0,0.0,-0.0,-0.0,1.25,0.0044597765618866,-0.030071733260937598,-0.00918882460811442,4.740574822994295,-0.2589138652066028,-4.190855111536722,0.15,0.1,0.0,0.0,0.0,0.0,0.0,0.0,0.0,-0.0,-0.0,990539.541373981,997834.7442514498
2024-09-10,12.0,-0.0,-0.0,0.0,0.0,0.0,0.05,0.0,0.0,-0.0,-0.0,-0.0,-0.0,-0.0,0.0,-0.0,-0.0,1.25,-0.0138137419264832,0.00619818818739646,-0.00219673325091481,4.740574822994295,-0.2589138652066028,-4.190855111536722,0.15,0.1,0.0,0.0,0.0,0.0,0.0,0.0,0.0,-0.0,-0.0,1015603.4839692784,996423.5432030598
2024-09-17,12.0,-0.0,-0.0,0.0,0.0,0.0,0.05,0.0,0.0,-0.0,-0.0,-0.0,-0.0,-0.0,0.0,-0.0,-0.0,1.25,-0.00199234412608844,-0.00494243165236026,-0.00408006572930438,4.740574822994295,-0.2589138652066028,-4.190855111536722,0.15,0.1,0.0,0.0,0.0,0.0,0.0,0.0,0.0,-0.0,-0.0,1014382.8994681858,1040601.462980882
2024-09-24,12.0,-0.0,-0.0,0.0,0.0,0.0,0.04285714285714285,0.0142857142857142,0.0,-0.0,-0.0,-0.0,-0.0,-0.0,0.08,-0.0,-0.0,1.25,-0.00992931190585041,-0.0546716201248846,-0.014318121713627101,4.740574822994295,-0.2589138652066028,-4.190855111536722,0.06428571428571428,0.043000000000000003,0.0,0.0,0.0,0.0,0.0,0.0,0.0,-0.0,-0.0,896555.3981569558,950636.3414257783
2024-10-01,12.0,-0.0,-0.0,0.0,0.0,0.0,0.0,0.1,0.0,-0.0,-0.0,-0.0,-0.0,-0.0,0.0,-0.0,-0.0,1.25,0.0115796774930728,0.011609603978386781,0.00431201045466336,4.740574822994295,-0.2589138652066028,-4.190855111536722,0.0,0.0,0.0,0.0,0.0,0.0,0.0,0.0,0.0,-0.0,-0.0,863118.3841993319,863372.8882750865
2024-10-08,12.0,-0.0,-0.0,0.0,0.0,0.0,0.0,0.1,0.0,-0.0,-0.0,-0.0,-0.0,-0.0,0.0,-0.0,-0.0,1.25,-0.009603123684712231,0.0491036546403418,0.00319296580797531,4.740574822994295,-0.2589138652066028,-4.190855111536722,0.0,0.0,0.0,0.0,0.0,0.0,0.0,0.0,0.0,-0.0,-0.0,876331.167014306,887859.9644747745
2024-10-15,12.0,-0.0,-0.0,0.0,0.0,0.0,0.0,0.1,0.0,-0.0,-0.0,-0.0,-0.0,-0.0,0.0,-0.0,-0.0,1.25,-0.0195315897260515,0.01593295793236688,0.00571295263482842,4.740574822994295,-0.2589138652066028,-4.190855111536722,0.0,0.0,0.0,0.0,0.0,0.0,0.0,0.0,0.0,-0.0,-0.0,841482.2230619525,829386.4346217402
2024-10-22,12.0,-0.0,-0.0,0.0,0.0,0.0,0.0,0.1,0.0,-0.0,-0.0,-0.0,-0.0,-0.0357142857142857,0.08,-0.0,-0.0,1.25,0.00225418867604562,0.01433923782606134,0.006769247975928941,4.740574822994295,-0.2589138652066028,-4.190855111536722,0.0,0.0,0.0,0.0,0.0,0.0,0.0,0.0,0.0,-0.0,-0.0,898475.0667993128,910064.8463026815
2024-10-29,12.0,-0.0,-0.0,0.0,0.0,0.0,0.0,0.028571428571428498,0.1071428571428571,-0.0,-0.0,-0.0,-0.0,-0.0,0.0,-0.0,-0.0,1.25,0.00802321399153834,-0.00721986253947936,-0.00972783139901796,4.740574822994295,-0.2589138652066028,-4.190855111536722,0.0,0.0,0.0,0.0,0.0,0.0,0.0,0.0,0.0,-0.0,-0.0,862504.5058244513,878174.3024439208
2024-11-05,12.0,-0.0,-0.0,0.0,0.0,0.0,0.0,0.0,0.15,-0.0,-0.0,-0.0,-0.0,-0.0,0.0,-0.0,-0.0,1.25,-0.0125403533341986,-0.025258269998808598,0.00223750605590586,4.740574822994295,-0.2589138652066028,-4.190855111536722,0.0,0.0,0.0,0.0,0.0,0.0,0.0,0.0,0.0,-0.0,-0.0,851917.2945488372,866405.1848367511
2024-11-12,12.0,-0.0,-0.0,0.0,0.0,0.0,0.0,0.0,0.15,-0.0,-0.0,-0.0,-0.0,-0.0,0.0,-0.0,-0.0,1.25,-0.0160870156129706,0.01645154327659386,0.000997357463914617,4.740574822994295,-0.2589138652066028,-4.190855111536722,0.0,0.0,0.0,0.0,0.0,0.0,0.0,0.0,0.0,-0.0,-0.0,883960.5654263158,806613.4097550982
2024-11-19,12.0,-0.0,-0.0,0.0,0.0,0.0,0.0,0.0,0.15,-0.0,-0.0,-0.0,-0.0,-0.0,0.08,-0.0,-0.0,1.25,-0.04584062147912381,0.0312500849121682,0.0035328480793398297,4.740574822994295,-0.2589138652066028,-4.190855111536722,0.0,0.0,0.0,0.0,0.0,0.0,0.0,0.0,0.0,-0.0,-0.0,945763.8224907967,888641.7036934441
2024-11-26,12.0,-0.0,-0.0,0.0,0.0,0.0,0.0,0.0,0.08571428571428565,-0.0857142857142856,-0.0,-0.0,-0.0,-0.0,0.0,-0.0,-0.0,1.25,-0.06996373562114991,0.01230133386028312,0.00018097488839255798,4.740574822994295,-0.2589138652066028,-4.190855111536722,0.0,0.0,0.0,0.0,0.0,0.0,0.0,0.0,0.0,-0.0,-0.0,717353.7832076795,684364.230524568
2024-12-03,12.0,-0.0,-0.0,0.0,0.0,0.0,0.0,0.0,0.0,-0.2,-0.0,-0.0,-0.0,-0.0,0.0,-0.0,-0.0,1.25,-0.046796072429737795,0.0334990175104016,0.00651086753613965,4.740574822994295,-0.2589138652066028,-4.190855111536722,0.0,0.0,0.0,0.0,0.0,0.0,0.0,0.0,0.0,-0.0,-0.0,617861.5355744375,608326.8601775874
2024-12-10,12.0,-0.0,-0.0,0.0,0.0,0.0,0.0,0.0,0.0,-0.2,-0.0,-0.0,-0.0,-0.0,0.0,-0.0,-0.0,1.25,-0.0387104303158231,0.0298755689031776,-0.00172853355841955,4.740574822994295,-0.2589138652066028,-4.190855111536722,0.0,0.0,0.0,0.0,0.0,0.0,0.0,0.0,0.0,-0.0,-0.0,615532.1463568333,631600.5510046198
2024-12-17,12.0,-0.0,-0.0,0.0,0.0,0.0,0.0,0.0,0.0,-0.2,-0.0,-0.0,-0.0,-0.0,0.0,-0.0,-0.0,1.25,-0.0679624539476823,0.0331080924903566,0.0037641125854669002,4.740574822994295,-0.2589138652066028,-4.190855111536722,0.0,0.0,0.0,0.0,0.0,0.0,0.0,0.0,0.0,-0.0,-0.0,603026.0029275239,594081.708009243
2024-12-24,12.0,-0.0,-0.0,0.0,0.0,0.0,0.0,0.0,0.0,-0.2,-0.0,-0.0,-0.0,-0.0,0.08,-0.0,-0.7,1.25,-0.012691138545908401,0.011729149873537601,-0.0136989725330088,4.740574822994295,-0.2589138652066028,-4.190855111536722,0.0,0.0,0.0,0.0,0.0,0.0,0.0,0.0,0.0,-0.0,-0.0,329768.07556557114,319885.683488481
